Order Region,Category Name,Shipping Mode,Days for shipment (scheduled),Order Status,Quantity Items,Product Price,Order Discount
Canada,Accessories,First Class,1,CLOSED,1,24.98999977,4.119999886
Canada,Accessories,First Class,1,PENDING_PAYMENT,1,24.98999977,2.25
Canada,Accessories,Same Day,0,ON_HOLD,1,24.98999977,0.75
Canada,Accessories,Second Class,2,PENDING_PAYMENT,1,24.98999977,3.75
Canada,Accessories,Standard Class,4,CLOSED,2,49.97999954,4.75
Canada,Accessories,Standard Class,4,ON_HOLD,1,24.98999977,5.0
Canada,Accessories,Standard Class,4,PENDING_PAYMENT,1,24.98999977,24.98999977
Canada,Boxing & MMA,Standard Class,4,PENDING,1,54.97000122,11.53999996
Canada,Boxing & MMA,Standard Class,4,PENDING_PAYMENT,1,54.97000122,6.599999905
Canada,Camping & Hiking,First Class,1,CLOSED,1,299.980011,15.0
Canada,Camping & Hiking,First Class,1,COMPLETE,3,899.940033,117.0
Canada,Camping & Hiking,First Class,1,PENDING,2,599.960022,66.0
Canada,Camping & Hiking,First Class,1,PROCESSING,1,299.980011,16.5
Canada,Camping & Hiking,Same Day,0,ON_HOLD,1,299.980011,3.0
Canada,Camping & Hiking,Same Day,0,PENDING_PAYMENT,1,299.980011,60.0
Canada,Camping & Hiking,Second Class,2,COMPLETE,3,899.940033,55.5
Canada,Camping & Hiking,Second Class,2,PENDING,3,899.940033,84.0
Canada,Camping & Hiking,Second Class,2,PENDING_PAYMENT,3,899.940033,12.0
Canada,Camping & Hiking,Standard Class,4,CLOSED,1,299.980011,48.0
Canada,Camping & Hiking,Standard Class,4,COMPLETE,13,3899.740143,312.0
Canada,Camping & Hiking,Standard Class,4,ON_HOLD,1,299.980011,15.0
Canada,Camping & Hiking,Standard Class,4,PENDING,2,599.960022,51.0
Canada,Camping & Hiking,Standard Class,4,PENDING_PAYMENT,8,2399.840088,207.0
Canada,Camping & Hiking,Standard Class,4,PROCESSING,2,599.960022,63.0
Canada,Cardio Equipment,First Class,1,COMPLETE,4,399.95999144,90.99000168
Canada,Cardio Equipment,First Class,1,ON_HOLD,1,99.98999786,4.0
Canada,Cardio Equipment,Second Class,2,CLOSED,2,199.97999572,105.98999786
Canada,Cardio Equipment,Second Class,2,COMPLETE,3,299.96999358,104.98999786
Canada,Cardio Equipment,Second Class,2,ON_HOLD,1,99.98999786,3.0
Canada,Cardio Equipment,Second Class,2,PENDING,2,199.97999572,78.49000168
Canada,Cardio Equipment,Second Class,2,PENDING_PAYMENT,1,99.98999786,5.5
Canada,Cardio Equipment,Second Class,2,PROCESSING,1,99.98999786,84.98999786
Canada,Cardio Equipment,Standard Class,4,CANCELED,1,99.98999786,18.0
Canada,Cardio Equipment,Standard Class,4,CLOSED,6,599.93998716,175.48999786000002
Canada,Cardio Equipment,Standard Class,4,COMPLETE,7,699.92998502,328.47000122
Canada,Cardio Equipment,Standard Class,4,ON_HOLD,2,199.97999572,70.98999786
Canada,Cardio Equipment,Standard Class,4,PENDING,2,199.97999572,42.5
Canada,Cardio Equipment,Standard Class,4,PENDING_PAYMENT,7,699.92998502,134.99000168
Canada,Cardio Equipment,Standard Class,4,PROCESSING,4,329.96999358,203.679995768
Canada,Cardio Equipment,Standard Class,4,SUSPECTED_FRAUD,1,99.98999786,0.0
Canada,Cleats,First Class,1,CLOSED,2,119.98000336,13.199999809
Canada,Cleats,First Class,1,COMPLETE,8,479.92001344,211.76000405
Canada,Cleats,First Class,1,PENDING,1,59.99000168,7.199999809
Canada,Cleats,First Class,1,PENDING_PAYMENT,1,59.99000168,23.39999962
Canada,Cleats,First Class,1,PROCESSING,1,59.99000168,0.0
Canada,Cleats,Same Day,0,COMPLETE,1,59.99000168,44.99000168
Canada,Cleats,Same Day,0,PENDING_PAYMENT,1,59.99000168,9.0
Canada,Cleats,Second Class,2,CLOSED,2,119.98000336,6.0
Canada,Cleats,Second Class,2,COMPLETE,5,299.9500084,55.200000049
Canada,Cleats,Second Class,2,PENDING,4,239.96000672,21.899999381
Canada,Cleats,Second Class,2,PENDING_PAYMENT,2,119.98000336,36.0
Canada,Cleats,Second Class,2,PROCESSING,2,119.98000336,68.38000106999999
Canada,Cleats,Standard Class,4,CLOSED,11,659.89001848,275.360005866
Canada,Cleats,Standard Class,4,COMPLETE,22,1319.78003696,462.230011465
Canada,Cleats,Standard Class,4,ON_HOLD,1,59.99000168,12.0
Canada,Cleats,Standard Class,4,PENDING,3,179.97000504,59.99000168
Canada,Cleats,Standard Class,4,PENDING_PAYMENT,13,779.8700218399999,203.980000977
Canada,Cleats,Standard Class,4,PROCESSING,6,359.94001008,164.97000504
Canada,Cleats,Standard Class,4,SUSPECTED_FRAUD,2,119.98000336,26.400000569000003
Canada,Electronics,First Class,1,COMPLETE,2,75.98000145,4.880000174
Canada,Electronics,First Class,1,PENDING,1,31.98999977,15.35999966
Canada,Electronics,Second Class,2,CLOSED,1,47.99000168,7.199999809
Canada,Electronics,Second Class,2,COMPLETE,2,76.98000145,25.570000891
Canada,Electronics,Second Class,2,PENDING,1,47.99000168,14.39999962
Canada,Electronics,Standard Class,4,CLOSED,1,31.98999977,0.0
Canada,Electronics,Standard Class,4,COMPLETE,1,47.99000168,5.28000021
Canada,Electronics,Standard Class,4,PENDING,1,47.99000168,24.0
Canada,Electronics,Standard Class,4,PENDING_PAYMENT,3,124.97000313,28.750000958
Canada,Electronics,Standard Class,4,PROCESSING,2,83.98000145,84.18000031
Canada,Girls' Apparel,First Class,1,CLOSED,1,25.0,2.25
Canada,Girls' Apparel,First Class,1,ON_HOLD,1,30.0,11.69999981
Canada,Girls' Apparel,First Class,1,SUSPECTED_FRAUD,1,39.99000168,2.200000048
Canada,Girls' Apparel,Standard Class,4,PENDING,1,70.0,28.0
Canada,Girls' Apparel,Standard Class,4,PENDING_PAYMENT,1,70.0,2.799999952
Canada,Girls' Apparel,Standard Class,4,PROCESSING,1,70.0,0.0
Canada,Golf Apparel,Second Class,2,PENDING,1,19.98999977,4.800000191
Canada,Golf Apparel,Standard Class,4,PENDING_PAYMENT,1,19.98999977,6.0
Canada,Golf Balls,First Class,1,CLOSED,1,14.98999977,9.739999771
Canada,Golf Balls,Second Class,2,PENDING,1,14.98999977,6.0
Canada,Golf Balls,Standard Class,4,CLOSED,1,14.98999977,11.98999977
Canada,Golf Balls,Standard Class,4,COMPLETE,2,34.97999954,1.019999996
Canada,Golf Balls,Standard Class,4,PENDING_PAYMENT,3,44.969999310000006,17.839999913
Canada,Golf Gloves,First Class,1,PENDING_PAYMENT,1,39.99000168,1.200000048
Canada,Golf Gloves,Second Class,2,PENDING,1,9.989999771,5.989999771
Canada,Golf Gloves,Second Class,2,PENDING_PAYMENT,1,39.99000168,10.80000019
Canada,Golf Gloves,Standard Class,4,CLOSED,1,9.989999771,2.099999905
Canada,Golf Gloves,Standard Class,4,PENDING_PAYMENT,1,39.99000168,18.0
Canada,Golf Shoes,First Class,1,PENDING,1,65.0,7.150000095
Canada,Golf Shoes,Standard Class,4,ON_HOLD,1,65.0,39.0
Canada,Golf Shoes,Standard Class,4,PROCESSING,1,65.0,29.25
Canada,Hockey,First Class,1,COMPLETE,1,22.0,0.0
Canada,Hockey,First Class,1,PROCESSING,1,25.0,25.0
Canada,Hunting & Shooting,Standard Class,4,PENDING_PAYMENT,1,29.98999977,5.400000095
Canada,Indoor/Outdoor Games,First Class,1,COMPLETE,1,49.97999954,35.99000168
Canada,Indoor/Outdoor Games,First Class,1,PENDING,1,49.97999954,22.48999977
Canada,Indoor/Outdoor Games,First Class,1,PROCESSING,3,149.93999862,33.98999977
Canada,Indoor/Outdoor Games,First Class,1,SUSPECTED_FRAUD,1,49.97999954,32.49000168
Canada,Indoor/Outdoor Games,Standard Class,4,COMPLETE,3,149.93999862,87.45999908
Canada,Indoor/Outdoor Games,Standard Class,4,PENDING,1,49.97999954,32.49000168
Canada,Indoor/Outdoor Games,Standard Class,4,PENDING_PAYMENT,5,249.8999977,65.97999954
Canada,Indoor/Outdoor Games,Standard Class,4,PROCESSING,3,149.93999862,35.23999977
Canada,Lacrosse,First Class,1,PENDING_PAYMENT,1,24.98999977,6.25
Canada,Men's Footwear,First Class,1,CLOSED,4,519.960022,69.549999715
Canada,Men's Footwear,First Class,1,COMPLETE,6,779.940033,113.099999904
Canada,Men's Footwear,First Class,1,ON_HOLD,1,129.9900055,0.0
Canada,Men's Footwear,First Class,1,PENDING,1,129.9900055,13.0
Canada,Men's Footwear,First Class,1,PENDING_PAYMENT,4,519.960022,46.799999715
Canada,Men's Footwear,First Class,1,PROCESSING,1,129.9900055,26.0
Canada,Men's Footwear,Same Day,0,COMPLETE,4,519.960022,76.69999981000001
Canada,Men's Footwear,Same Day,0,ON_HOLD,1,129.9900055,3.900000095
Canada,Men's Footwear,Second Class,2,CLOSED,2,259.980011,42.89999962
Canada,Men's Footwear,Second Class,2,COMPLETE,3,389.9700165,42.24999952499999
Canada,Men's Footwear,Second Class,2,ON_HOLD,3,389.9700165,24.700000286
Canada,Men's Footwear,Second Class,2,PENDING_PAYMENT,1,129.9900055,6.5
Canada,Men's Footwear,Second Class,2,PROCESSING,1,129.9900055,23.39999962
Canada,Men's Footwear,Standard Class,4,CANCELED,1,129.9900055,11.69999981
Canada,Men's Footwear,Standard Class,4,CLOSED,12,1559.880066,159.249999526
Canada,Men's Footwear,Standard Class,4,COMPLETE,16,2079.840088,167.049999952
Canada,Men's Footwear,Standard Class,4,PENDING,4,519.960022,12.999999761000002
Canada,Men's Footwear,Standard Class,4,PENDING_PAYMENT,13,1689.8700715,152.099999905
Canada,Men's Footwear,Standard Class,4,PROCESSING,5,649.9500275,40.299999477
Canada,Shop By Sport,First Class,1,COMPLETE,6,229.9500084,59.59000123
Canada,Shop By Sport,First Class,1,PENDING,1,39.99000168,2.799999952
Canada,Shop By Sport,First Class,1,SUSPECTED_FRAUD,1,39.99000168,8.0
Canada,Shop By Sport,Same Day,0,COMPLETE,1,39.99000168,4.0
Canada,Shop By Sport,Second Class,2,CLOSED,2,79.98000336,16.799999715
Canada,Shop By Sport,Second Class,2,COMPLETE,3,119.97000504,55.179999351
Canada,Shop By Sport,Second Class,2,ON_HOLD,1,39.99000168,20.38999939
Canada,Shop By Sport,Second Class,2,PENDING,2,79.98000336,35.20000076
Canada,Shop By Sport,Standard Class,4,CLOSED,5,199.9500084,62.779999255
Canada,Shop By Sport,Standard Class,4,COMPLETE,6,239.94001008,64.38000011
Canada,Shop By Sport,Standard Class,4,PENDING_PAYMENT,3,109.98000336,41.09000015
Canada,Shop By Sport,Standard Class,4,PROCESSING,2,79.98000336,8.800000190999999
Canada,Shop By Sport,Standard Class,4,SUSPECTED_FRAUD,1,39.99000168,20.38999939
Canada,Tennis & Racquet,Standard Class,4,PENDING_PAYMENT,1,44.99000168,4.050000191
Canada,Trade-In,First Class,1,PENDING_PAYMENT,1,15.98999977,2.400000095
Canada,Trade-In,Second Class,2,COMPLETE,1,15.98999977,6.239999771
Canada,Trade-In,Standard Class,4,PENDING,1,21.98999977,0.660000026
Canada,Water Sports,First Class,1,CANCELED,1,199.9900055,8.0
Canada,Water Sports,First Class,1,CLOSED,2,399.980011,56.0
Canada,Water Sports,First Class,1,COMPLETE,2,399.980011,60.0
Canada,Water Sports,First Class,1,ON_HOLD,1,199.9900055,10.0
Canada,Water Sports,First Class,1,PENDING,1,199.9900055,50.0
Canada,Water Sports,First Class,1,PENDING_PAYMENT,6,1199.940033,61.0
Canada,Water Sports,First Class,1,PROCESSING,4,799.960022,64.0
Canada,Water Sports,Same Day,0,PENDING_PAYMENT,2,399.980011,42.0
Canada,Water Sports,Same Day,0,PROCESSING,1,199.9900055,24.0
Canada,Water Sports,Same Day,0,SUSPECTED_FRAUD,1,199.9900055,26.0
Canada,Water Sports,Second Class,2,CANCELED,2,399.980011,90.0
Canada,Water Sports,Second Class,2,CLOSED,3,599.9700164999999,40.0
Canada,Water Sports,Second Class,2,COMPLETE,6,1199.940033,146.0
Canada,Water Sports,Second Class,2,PENDING,2,399.980011,46.0
Canada,Water Sports,Second Class,2,PENDING_PAYMENT,5,999.9500275,130.0
Canada,Water Sports,Second Class,2,PROCESSING,1,199.9900055,50.0
Canada,Water Sports,Standard Class,4,CLOSED,9,1799.9100495,220.0
Canada,Water Sports,Standard Class,4,COMPLETE,10,1999.900055,164.0
Canada,Water Sports,Standard Class,4,ON_HOLD,1,199.9900055,34.0
Canada,Water Sports,Standard Class,4,PAYMENT_REVIEW,1,199.9900055,10.0
Canada,Water Sports,Standard Class,4,PENDING,5,999.9500275,80.0
Canada,Water Sports,Standard Class,4,PENDING_PAYMENT,12,2399.880066,227.0
Canada,Water Sports,Standard Class,4,PROCESSING,13,2599.8700715,290.0
Canada,Water Sports,Standard Class,4,SUSPECTED_FRAUD,1,199.9900055,2.0
Canada,Women's Apparel,First Class,1,COMPLETE,4,200.0,57.0
Canada,Women's Apparel,First Class,1,ON_HOLD,1,50.0,15.0
Canada,Women's Apparel,First Class,1,PENDING,2,100.0,48.0
Canada,Women's Apparel,First Class,1,PENDING_PAYMENT,2,100.0,24.0
Canada,Women's Apparel,Second Class,2,CLOSED,2,100.0,9.0
Canada,Women's Apparel,Second Class,2,COMPLETE,3,150.0,30.0
Canada,Women's Apparel,Second Class,2,ON_HOLD,1,50.0,26.0
Canada,Women's Apparel,Second Class,2,PENDING,1,50.0,1.5
Canada,Women's Apparel,Second Class,2,PENDING_PAYMENT,2,100.0,45.5
Canada,Women's Apparel,Second Class,2,PROCESSING,1,50.0,12.5
Canada,Women's Apparel,Standard Class,4,CANCELED,1,50.0,42.5
Canada,Women's Apparel,Standard Class,4,CLOSED,9,450.0,125.0
Canada,Women's Apparel,Standard Class,4,COMPLETE,12,600.0,158.5
Canada,Women's Apparel,Standard Class,4,PENDING,5,250.0,52.75
Canada,Women's Apparel,Standard Class,4,PENDING_PAYMENT,8,400.0,79.5
Canada,Women's Apparel,Standard Class,4,PROCESSING,9,450.0,117.5
Canada,Women's Apparel,Standard Class,4,SUSPECTED_FRAUD,2,100.0,37.5
Caribbean,Accessories,First Class,1,CLOSED,2,49.97999954,19.98999977
Caribbean,Accessories,First Class,1,COMPLETE,2,49.97999954,11.119999886
Caribbean,Accessories,First Class,1,ON_HOLD,1,24.98999977,5.0
Caribbean,Accessories,First Class,1,PENDING_PAYMENT,1,24.98999977,11.25
Caribbean,Accessories,Same Day,0,COMPLETE,1,24.98999977,6.25
Caribbean,Accessories,Same Day,0,PENDING,2,49.97999954,13.5
Caribbean,Accessories,Second Class,2,CLOSED,2,49.97999954,30.23999977
Caribbean,Accessories,Second Class,2,COMPLETE,6,149.93999862,32.75
Caribbean,Accessories,Second Class,2,PENDING,1,24.98999977,19.98999977
Caribbean,Accessories,Second Class,2,PENDING_PAYMENT,2,49.97999954,26.98999977
Caribbean,Accessories,Standard Class,4,CANCELED,1,24.98999977,0.5
Caribbean,Accessories,Standard Class,4,CLOSED,4,99.95999908,35.97999954
Caribbean,Accessories,Standard Class,4,COMPLETE,9,224.90999793,58.48999977
Caribbean,Accessories,Standard Class,4,ON_HOLD,1,24.98999977,5.0
Caribbean,Accessories,Standard Class,4,PENDING,1,24.98999977,2.75
Caribbean,Accessories,Standard Class,4,PENDING_PAYMENT,4,99.95999908,28.75
Caribbean,Accessories,Standard Class,4,PROCESSING,5,124.94999885,69.22999954
Caribbean,As Seen on  TV!,Standard Class,4,PENDING_PAYMENT,1,99.98999786,4.0
Caribbean,Baseball & Softball,First Class,1,COMPLETE,2,219.98000718,32.40000057
Caribbean,Baseball & Softball,First Class,1,PENDING_PAYMENT,2,94.98000336,10.599999905
Caribbean,Baseball & Softball,First Class,1,PROCESSING,1,34.99000168,15.75
Caribbean,Baseball & Softball,Second Class,2,COMPLETE,3,129.97000504,45.640001301
Caribbean,Baseball & Softball,Second Class,2,ON_HOLD,1,34.99000168,16.79999924
Caribbean,Baseball & Softball,Standard Class,4,COMPLETE,4,214.96000672,24.599999428
Caribbean,Baseball & Softball,Standard Class,4,ON_HOLD,1,59.99000168,16.5
Caribbean,Baseball & Softball,Standard Class,4,PENDING_PAYMENT,2,119.98000336,26.400000571
Caribbean,Baseball & Softball,Standard Class,4,PROCESSING,2,69.98000336,17.669999957
Caribbean,Boxing & MMA,First Class,1,CANCELED,1,94.98999786,0.0
Caribbean,Boxing & MMA,First Class,1,CLOSED,1,94.98999786,19.0
Caribbean,Boxing & MMA,Same Day,0,ON_HOLD,1,89.98999786,40.5
Caribbean,Boxing & MMA,Second Class,2,PENDING_PAYMENT,1,54.97000122,24.73999977
Caribbean,Boxing & MMA,Standard Class,4,CLOSED,1,89.98999786,10.80000019
Caribbean,Boxing & MMA,Standard Class,4,COMPLETE,2,109.94000244,13.189999818
Caribbean,Boxing & MMA,Standard Class,4,PENDING_PAYMENT,1,89.98999786,40.5
Caribbean,Boxing & MMA,Standard Class,4,PROCESSING,1,54.97000122,15.39000034
Caribbean,Camping & Hiking,First Class,1,CANCELED,1,299.980011,75.0
Caribbean,Camping & Hiking,First Class,1,CLOSED,8,2399.840088,178.5
Caribbean,Camping & Hiking,First Class,1,COMPLETE,27,8099.460297,955.5
Caribbean,Camping & Hiking,First Class,1,ON_HOLD,1,299.980011,51.0
Caribbean,Camping & Hiking,First Class,1,PAYMENT_REVIEW,2,599.960022,114.0
Caribbean,Camping & Hiking,First Class,1,PENDING,9,2699.820099,234.0
Caribbean,Camping & Hiking,First Class,1,PENDING_PAYMENT,14,4199.720154,360.0
Caribbean,Camping & Hiking,First Class,1,PROCESSING,3,899.940033,156.0
Caribbean,Camping & Hiking,First Class,1,SUSPECTED_FRAUD,1,299.980011,54.0
Caribbean,Camping & Hiking,Same Day,0,CLOSED,4,1199.920044,115.5
Caribbean,Camping & Hiking,Same Day,0,COMPLETE,6,1799.880066,178.5
Caribbean,Camping & Hiking,Same Day,0,PENDING,1,299.980011,48.0
Caribbean,Camping & Hiking,Same Day,0,PENDING_PAYMENT,7,2099.860077,133.5
Caribbean,Camping & Hiking,Same Day,0,PROCESSING,2,599.960022,99.0
Caribbean,Camping & Hiking,Same Day,0,SUSPECTED_FRAUD,1,299.980011,30.0
Caribbean,Camping & Hiking,Second Class,2,CANCELED,1,299.980011,16.5
Caribbean,Camping & Hiking,Second Class,2,CLOSED,7,2099.860077,138.0
Caribbean,Camping & Hiking,Second Class,2,COMPLETE,41,12299.180451,1422.0
Caribbean,Camping & Hiking,Second Class,2,ON_HOLD,3,899.940033,75.0
Caribbean,Camping & Hiking,Second Class,2,PAYMENT_REVIEW,1,299.980011,54.0
Caribbean,Camping & Hiking,Second Class,2,PENDING,2,599.960022,42.0
Caribbean,Camping & Hiking,Second Class,2,PENDING_PAYMENT,16,4799.680176,489.0
Caribbean,Camping & Hiking,Second Class,2,PROCESSING,2,599.960022,75.0
Caribbean,Camping & Hiking,Second Class,2,SUSPECTED_FRAUD,1,299.980011,45.0
Caribbean,Camping & Hiking,Standard Class,4,CANCELED,1,299.980011,36.0
Caribbean,Camping & Hiking,Standard Class,4,CLOSED,27,8099.460297,778.5
Caribbean,Camping & Hiking,Standard Class,4,COMPLETE,106,31797.881166,3036.0
Caribbean,Camping & Hiking,Standard Class,4,ON_HOLD,16,4799.680176,484.5
Caribbean,Camping & Hiking,Standard Class,4,PAYMENT_REVIEW,3,899.940033,90.0
Caribbean,Camping & Hiking,Standard Class,4,PENDING,24,7199.520264,549.0
Caribbean,Camping & Hiking,Standard Class,4,PENDING_PAYMENT,70,20998.60077,2121.0
Caribbean,Camping & Hiking,Standard Class,4,PROCESSING,7,2099.860077,303.0
Caribbean,Cardio Equipment,First Class,1,CLOSED,9,899.90998074,389.96999358
Caribbean,Cardio Equipment,First Class,1,COMPLETE,17,1699.82996362,493.45999526
Caribbean,Cardio Equipment,First Class,1,ON_HOLD,1,99.98999786,22.0
Caribbean,Cardio Equipment,First Class,1,PAYMENT_REVIEW,2,199.97999572,45.0
Caribbean,Cardio Equipment,First Class,1,PENDING,7,699.92998502,300.47999954
Caribbean,Cardio Equipment,First Class,1,PENDING_PAYMENT,14,1399.85997004,464.97000504
Caribbean,Cardio Equipment,First Class,1,PROCESSING,7,699.92998502,266.98000336
Caribbean,Cardio Equipment,Same Day,0,CLOSED,3,299.96999358,104.99000168
Caribbean,Cardio Equipment,Same Day,0,COMPLETE,8,799.91998288,203.99000168
Caribbean,Cardio Equipment,Same Day,0,ON_HOLD,1,99.98999786,79.98999786
Caribbean,Cardio Equipment,Same Day,0,PENDING_PAYMENT,7,699.92998502,167.98000336
Caribbean,Cardio Equipment,Same Day,0,PROCESSING,2,199.97999572,35.5
Caribbean,Cardio Equipment,Second Class,2,CANCELED,1,99.98999786,24.0
Caribbean,Cardio Equipment,Second Class,2,CLOSED,7,699.92998502,141.98999786000002
Caribbean,Cardio Equipment,Second Class,2,COMPLETE,38,3799.61991868,1299.39999006
Caribbean,Cardio Equipment,Second Class,2,ON_HOLD,5,429.95999144,131.59000158499998
Caribbean,Cardio Equipment,Second Class,2,PENDING,6,599.93998716,104.0
Caribbean,Cardio Equipment,Second Class,2,PENDING_PAYMENT,20,1929.80995934,710.95999526
Caribbean,Cardio Equipment,Second Class,2,PROCESSING,1,99.98999786,2.0
Caribbean,Cardio Equipment,Standard Class,4,CANCELED,2,199.97999572,32.0
Caribbean,Cardio Equipment,Standard Class,4,CLOSED,30,2929.70993794,940.819998255
Caribbean,Cardio Equipment,Standard Class,4,COMPLETE,98,9589.0497967,3058.869973685
Caribbean,Cardio Equipment,Standard Class,4,ON_HOLD,9,899.90998074,176.99000168
Caribbean,Cardio Equipment,Standard Class,4,PAYMENT_REVIEW,2,199.97999572,15.0
Caribbean,Cardio Equipment,Standard Class,4,PENDING,9,899.90998074,278.98000336
Caribbean,Cardio Equipment,Standard Class,4,PENDING_PAYMENT,37,3629.63992296,906.239987351
Caribbean,Cardio Equipment,Standard Class,4,PROCESSING,19,1759.82996362,611.259999271
Caribbean,Cardio Equipment,Standard Class,4,SUSPECTED_FRAUD,1,99.98999786,5.0
Caribbean,Cleats,First Class,1,CANCELED,2,119.98000336,43.190001489
Caribbean,Cleats,First Class,1,CLOSED,8,479.92001344,208.179999349
Caribbean,Cleats,First Class,1,COMPLETE,47,2819.53007896,869.260013832
Caribbean,Cleats,First Class,1,ON_HOLD,6,359.94001008,112.480003597
Caribbean,Cleats,First Class,1,PAYMENT_REVIEW,2,119.98000336,44.390000825
Caribbean,Cleats,First Class,1,PENDING,10,599.9000168,122.989998815
Caribbean,Cleats,First Class,1,PENDING_PAYMENT,28,1679.72004704,361.450003144
Caribbean,Cleats,First Class,1,PROCESSING,3,179.97000504,88.79000092
Caribbean,Cleats,First Class,1,SUSPECTED_FRAUD,1,59.99000168,30.59000015
Caribbean,Cleats,Same Day,0,CLOSED,6,359.94001008,133.17999935
Caribbean,Cleats,Same Day,0,COMPLETE,11,659.89001848,197.369999405
Caribbean,Cleats,Same Day,0,ON_HOLD,3,179.97000504,157.77999878
Caribbean,Cleats,Same Day,0,PENDING_PAYMENT,11,659.89001848,188.390003674
Caribbean,Cleats,Same Day,0,PROCESSING,4,239.96000672,109.7800026
Caribbean,Cleats,Second Class,2,CANCELED,2,119.98000336,36.599999431
Caribbean,Cleats,Second Class,2,CLOSED,18,1079.82003024,337.160005581
Caribbean,Cleats,Second Class,2,COMPLETE,69,4139.31011592,1330.950008061
Caribbean,Cleats,Second Class,2,ON_HOLD,6,359.94001008,55.200000761
Caribbean,Cleats,Second Class,2,PAYMENT_REVIEW,2,119.98000336,9.600000381
Caribbean,Cleats,Second Class,2,PENDING,6,359.94001008,113.979998115
Caribbean,Cleats,Second Class,2,PENDING_PAYMENT,29,1739.71004872,472.140007017
Caribbean,Cleats,Second Class,2,PROCESSING,7,419.93001176,128.980001452
Caribbean,Cleats,Second Class,2,SUSPECTED_FRAUD,1,59.99000168,21.60000038
Caribbean,Cleats,Standard Class,4,CANCELED,3,179.97000504,78.59000015999999
Caribbean,Cleats,Standard Class,4,CLOSED,65,3899.3501092,1096.66001082
Caribbean,Cleats,Standard Class,4,COMPLETE,172,10318.28028896,2987.360038197
Caribbean,Cleats,Standard Class,4,ON_HOLD,34,2039.66005712,679.710005049
Caribbean,Cleats,Standard Class,4,PAYMENT_REVIEW,6,359.94001008,79.790002583
Caribbean,Cleats,Standard Class,4,PENDING,30,1799.7000504,695.00001075
Caribbean,Cleats,Standard Class,4,PENDING_PAYMENT,54,3239.46009072,845.920010798
Caribbean,Cleats,Standard Class,4,PROCESSING,54,3239.46009072,913.990008599
Caribbean,Cleats,Standard Class,4,SUSPECTED_FRAUD,6,359.94001008,91.190001015
Caribbean,Electronics,First Class,1,CANCELED,1,27.98999977,7.28000021
Caribbean,Electronics,First Class,1,CLOSED,1,27.98999977,8.399999619
Caribbean,Electronics,First Class,1,COMPLETE,4,172.96000481,57.03000140499999
Caribbean,Electronics,First Class,1,ON_HOLD,2,63.97999954,15.039999724
Caribbean,Electronics,First Class,1,PAYMENT_REVIEW,1,51.99000168,51.99000168
Caribbean,Electronics,First Class,1,PENDING,1,44.99000168,5.400000095
Caribbean,Electronics,First Class,1,PENDING_PAYMENT,4,183.96000481,81.619998461
Caribbean,Electronics,First Class,1,PROCESSING,2,96.98000336,15.389999984
Caribbean,Electronics,First Class,1,SUSPECTED_FRAUD,1,31.98999977,4.159999847
Caribbean,Electronics,Same Day,0,PENDING,1,31.98999977,19.19000053
Caribbean,Electronics,Same Day,0,PENDING_PAYMENT,3,127.97000313,69.1000023
Caribbean,Electronics,Second Class,2,CLOSED,1,31.98999977,16.0
Caribbean,Electronics,Second Class,2,COMPLETE,6,263.94000626,188.360001087
Caribbean,Electronics,Second Class,2,ON_HOLD,1,31.98999977,5.28000021
Caribbean,Electronics,Second Class,2,PENDING,1,44.99000168,16.20000076
Caribbean,Electronics,Second Class,2,PENDING_PAYMENT,8,268.92000007,81.360001087
Caribbean,Electronics,Second Class,2,PROCESSING,1,51.99000168,38.99000168
Caribbean,Electronics,Standard Class,4,CLOSED,9,356.91000557,135.220001338
Caribbean,Electronics,Standard Class,4,COMPLETE,17,692.83001328,126.290000167
Caribbean,Electronics,Standard Class,4,ON_HOLD,3,111.97000122,28.799999713
Caribbean,Electronics,Standard Class,4,PENDING,5,179.95000076,69.460000041
Caribbean,Electronics,Standard Class,4,PENDING_PAYMENT,7,296.93000603,34.05999923
Caribbean,Electronics,Standard Class,4,PROCESSING,3,111.97000122,58.220001221
Caribbean,Fishing,First Class,1,CLOSED,2,799.960022,76.0
Caribbean,Fishing,First Class,1,COMPLETE,12,4799.760131999999,530.0
Caribbean,Fishing,First Class,1,ON_HOLD,1,399.980011,20.0
Caribbean,Fishing,First Class,1,PAYMENT_REVIEW,1,399.980011,100.0
Caribbean,Fishing,First Class,1,PENDING,3,1199.940033,176.0
Caribbean,Fishing,First Class,1,PENDING_PAYMENT,12,4799.760131999999,414.0
Caribbean,Fishing,First Class,1,PROCESSING,1,399.980011,22.0
Caribbean,Fishing,First Class,1,SUSPECTED_FRAUD,1,399.980011,40.0
Caribbean,Fishing,Same Day,0,CLOSED,1,399.980011,40.0
Caribbean,Fishing,Same Day,0,COMPLETE,3,1199.940033,160.0
Caribbean,Fishing,Same Day,0,ON_HOLD,3,1199.940033,166.0
Caribbean,Fishing,Same Day,0,PENDING_PAYMENT,2,799.960022,80.0
Caribbean,Fishing,Same Day,0,PROCESSING,1,399.980011,12.0
Caribbean,Fishing,Second Class,2,CLOSED,3,1199.940033,124.0
Caribbean,Fishing,Second Class,2,COMPLETE,26,10399.480286,1278.0
Caribbean,Fishing,Second Class,2,ON_HOLD,4,1599.920044,260.0
Caribbean,Fishing,Second Class,2,PAYMENT_REVIEW,1,399.980011,80.0
Caribbean,Fishing,Second Class,2,PENDING_PAYMENT,13,5199.740143,500.0
Caribbean,Fishing,Second Class,2,PROCESSING,3,1199.940033,116.0
Caribbean,Fishing,Standard Class,4,CLOSED,33,13199.340363,1466.0
Caribbean,Fishing,Standard Class,4,COMPLETE,63,25198.740693,2856.0
Caribbean,Fishing,Standard Class,4,ON_HOLD,15,5999.700165,864.0
Caribbean,Fishing,Standard Class,4,PAYMENT_REVIEW,4,1599.920044,74.0
Caribbean,Fishing,Standard Class,4,PENDING,4,1599.920044,120.0
Caribbean,Fishing,Standard Class,4,PENDING_PAYMENT,40,15999.20044,1382.0
Caribbean,Fishing,Standard Class,4,PROCESSING,13,5199.740143,392.0
Caribbean,Fishing,Standard Class,4,SUSPECTED_FRAUD,2,799.960022,44.0
Caribbean,Fitness Accessories,First Class,1,PENDING_PAYMENT,1,34.99000168,0.0
Caribbean,Fitness Accessories,Same Day,0,CLOSED,1,34.99000168,9.800000191
Caribbean,Fitness Accessories,Second Class,2,COMPLETE,3,104.97000504,28.350000381
Caribbean,Fitness Accessories,Second Class,2,PENDING_PAYMENT,2,69.98000336,21.0
Caribbean,Fitness Accessories,Standard Class,4,COMPLETE,2,69.98000336,19.949999809
Caribbean,Fitness Accessories,Standard Class,4,PENDING,1,34.99000168,8.75
Caribbean,Fitness Accessories,Standard Class,4,PENDING_PAYMENT,1,34.99000168,11.89999962
Caribbean,Fitness Accessories,Standard Class,4,PROCESSING,1,34.99000168,9.449999809
Caribbean,Girls' Apparel,First Class,1,CLOSED,2,100.0,37.700000048
Caribbean,Girls' Apparel,First Class,1,COMPLETE,3,179.99000168,19.799999714
Caribbean,Girls' Apparel,First Class,1,PENDING,1,39.99000168,6.800000191
Caribbean,Girls' Apparel,First Class,1,PENDING_PAYMENT,5,180.0,53.200000285
Caribbean,Girls' Apparel,First Class,1,SUSPECTED_FRAUD,1,30.0,15.0
Caribbean,Girls' Apparel,Second Class,2,COMPLETE,3,89.99000168,27.75
Caribbean,Girls' Apparel,Second Class,2,PENDING_PAYMENT,1,70.0,59.5
Caribbean,Girls' Apparel,Standard Class,4,CLOSED,2,140.0,52.5
Caribbean,Girls' Apparel,Standard Class,4,COMPLETE,6,274.98000336,45.479999782
Caribbean,Girls' Apparel,Standard Class,4,ON_HOLD,1,39.99000168,4.0
Caribbean,Girls' Apparel,Standard Class,4,PENDING,2,140.0,42.0
Caribbean,Girls' Apparel,Standard Class,4,PENDING_PAYMENT,7,259.98000336,121.650000095
Caribbean,Girls' Apparel,Standard Class,4,PROCESSING,1,70.0,18.89999962
Caribbean,Golf Apparel,First Class,1,COMPLETE,1,19.98999977,0.400000006
Caribbean,Golf Apparel,First Class,1,PENDING,1,19.98999977,11.98999977
Caribbean,Golf Apparel,Same Day,0,COMPLETE,2,139.97999767000002,9.200000048
Caribbean,Golf Apparel,Second Class,2,CLOSED,1,19.98999977,2.0
Caribbean,Golf Apparel,Second Class,2,COMPLETE,3,59.969999310000006,7.799999982
Caribbean,Golf Apparel,Second Class,2,PENDING_PAYMENT,1,19.98999977,0.0
Caribbean,Golf Apparel,Second Class,2,PROCESSING,2,39.97999954,10.599999905
Caribbean,Golf Apparel,Standard Class,4,CLOSED,1,19.98999977,4.0
Caribbean,Golf Apparel,Standard Class,4,COMPLETE,6,229.94000435,74.979999539
Caribbean,Golf Apparel,Standard Class,4,PENDING,3,159.96999744,10.000000238
Caribbean,Golf Apparel,Standard Class,4,PENDING_PAYMENT,3,269.97000317,37.090000151
Caribbean,Golf Apparel,Standard Class,4,PROCESSING,1,19.98999977,14.98999977
Caribbean,Golf Bags & Carts,First Class,1,PENDING_PAYMENT,1,169.9900055,9.350000381
Caribbean,Golf Balls,First Class,1,COMPLETE,3,49.969999310000006,17.189999818
Caribbean,Golf Balls,First Class,1,PENDING_PAYMENT,1,19.98999977,2.400000095
Caribbean,Golf Balls,Same Day,0,COMPLETE,1,19.98999977,0.600000024
Caribbean,Golf Balls,Same Day,0,PENDING,1,19.98999977,0.400000006
Caribbean,Golf Balls,Same Day,0,PROCESSING,1,19.98999977,2.799999952
Caribbean,Golf Balls,Second Class,2,CLOSED,1,14.98999977,13.48999977
Caribbean,Golf Balls,Second Class,2,COMPLETE,5,84.94999885,26.839999794
Caribbean,Golf Balls,Second Class,2,PENDING,2,29.97999954,5.099999905
Caribbean,Golf Balls,Second Class,2,PENDING_PAYMENT,1,19.98999977,5.0
Caribbean,Golf Balls,Second Class,2,SUSPECTED_FRAUD,1,14.98999977,3.0
Caribbean,Golf Balls,Standard Class,4,CANCELED,1,19.98999977,4.199999809
Caribbean,Golf Balls,Standard Class,4,CLOSED,7,112.92999839,42.21999967
Caribbean,Golf Balls,Standard Class,4,COMPLETE,13,221.86999701,80.369999167
Caribbean,Golf Balls,Standard Class,4,ON_HOLD,1,14.98999977,1.649999976
Caribbean,Golf Balls,Standard Class,4,PENDING,2,37.97999954,16.78999996
Caribbean,Golf Balls,Standard Class,4,PENDING_PAYMENT,6,107.93999862,38.590000151
Caribbean,Golf Balls,Standard Class,4,PROCESSING,6,95.93999862,43.690000055
Caribbean,Golf Gloves,First Class,1,CLOSED,1,39.99000168,31.98999977
Caribbean,Golf Gloves,First Class,1,PENDING,3,129.9699974,50.54000092
Caribbean,Golf Gloves,First Class,1,PENDING_PAYMENT,5,109.950000762,83.480001689
Caribbean,Golf Gloves,First Class,1,PROCESSING,2,64.98000145,30.79000092
Caribbean,Golf Gloves,Same Day,0,CLOSED,1,39.99000168,3.599999905
Caribbean,Golf Gloves,Same Day,0,COMPLETE,1,39.99000168,27.19000053
Caribbean,Golf Gloves,Second Class,2,CLOSED,1,24.98999977,5.0
Caribbean,Golf Gloves,Second Class,2,COMPLETE,4,84.960000992,36.490000201
Caribbean,Golf Gloves,Second Class,2,PENDING,2,34.979999541,10.139999866
Caribbean,Golf Gloves,Second Class,2,PENDING_PAYMENT,2,104.97999763,25.0
Caribbean,Golf Gloves,Second Class,2,PROCESSING,1,9.989999771,12.48999977
Caribbean,Golf Gloves,Standard Class,4,CLOSED,4,69.959999082,22.739999771
Caribbean,Golf Gloves,Standard Class,4,COMPLETE,10,494.899999616,83.79000064499999
Caribbean,Golf Gloves,Standard Class,4,ON_HOLD,3,299.970006951,23.049999595000003
Caribbean,Golf Gloves,Standard Class,4,PENDING,5,139.95000076,65.1800003
Caribbean,Golf Gloves,Standard Class,4,PENDING_PAYMENT,9,534.91000557,195.169999601
Caribbean,Golf Gloves,Standard Class,4,PROCESSING,4,279.960002902,51.989999297
Caribbean,Golf Shoes,First Class,1,COMPLETE,2,145.0,22.10000038
Caribbean,Golf Shoes,First Class,1,PENDING_PAYMENT,2,130.0,1.299999952
Caribbean,Golf Shoes,First Class,1,PROCESSING,1,100.0,20.0
Caribbean,Golf Shoes,Same Day,0,COMPLETE,1,65.0,3.900000095
Caribbean,Golf Shoes,Second Class,2,COMPLETE,1,65.0,81.25
Caribbean,Golf Shoes,Second Class,2,PENDING_PAYMENT,1,65.0,1.950000048
Caribbean,Golf Shoes,Second Class,2,PROCESSING,1,65.0,3.25
Caribbean,Golf Shoes,Standard Class,4,CLOSED,3,238.0,70.19999886
Caribbean,Golf Shoes,Standard Class,4,COMPLETE,5,383.0,167.89000154
Caribbean,Golf Shoes,Standard Class,4,PAYMENT_REVIEW,1,65.0,9.75
Caribbean,Golf Shoes,Standard Class,4,PENDING_PAYMENT,4,275.0,125.300000191
Caribbean,Golf Shoes,Standard Class,4,SUSPECTED_FRAUD,1,65.0,16.89999962
Caribbean,Hockey,First Class,1,PENDING_PAYMENT,1,25.0,2.5
Caribbean,Hockey,Same Day,0,CLOSED,1,22.0,11.0
Caribbean,Hockey,Second Class,2,CLOSED,1,25.0,6.75
Caribbean,Hockey,Second Class,2,PENDING_PAYMENT,1,22.0,17.60000038
Caribbean,Hockey,Second Class,2,PROCESSING,1,25.0,8.0
Caribbean,Hockey,Standard Class,4,CANCELED,1,25.0,2.5
Caribbean,Hockey,Standard Class,4,CLOSED,2,47.0,2.75
Caribbean,Hockey,Standard Class,4,COMPLETE,11,257.0,54.120000123
Caribbean,Hockey,Standard Class,4,PAYMENT_REVIEW,1,22.0,0.0
Caribbean,Hockey,Standard Class,4,PENDING,4,88.0,46.640000102
Caribbean,Hockey,Standard Class,4,PENDING_PAYMENT,3,66.0,28.599999906
Caribbean,Hockey,Standard Class,4,PROCESSING,1,25.0,9.75
Caribbean,Hockey,Standard Class,4,SUSPECTED_FRAUD,1,22.0,6.599999905
Caribbean,Hunting & Shooting,First Class,1,PENDING_PAYMENT,2,128.98999977,42.4800005
Caribbean,Hunting & Shooting,Second Class,2,PENDING_PAYMENT,2,248.9900055,28.440000057
Caribbean,Hunting & Shooting,Second Class,2,PROCESSING,1,29.98999977,6.0
Caribbean,Hunting & Shooting,Standard Class,4,CLOSED,2,59.97999954,9.0
Caribbean,Hunting & Shooting,Standard Class,4,COMPLETE,4,188.96999931,4.200000167000001
Caribbean,Hunting & Shooting,Standard Class,4,PENDING,1,29.98999977,25.48999977
Caribbean,Kids' Golf Clubs,Same Day,0,COMPLETE,1,199.9900055,20.0
Caribbean,Kids' Golf Clubs,Same Day,0,PENDING_PAYMENT,1,199.9900055,34.0
Caribbean,Kids' Golf Clubs,Second Class,2,COMPLETE,2,289.98000336,36.700000048
Caribbean,Kids' Golf Clubs,Second Class,2,PENDING_PAYMENT,2,289.98000336,42.0
Caribbean,Kids' Golf Clubs,Standard Class,4,CLOSED,1,199.0,13.93000031
Caribbean,Kids' Golf Clubs,Standard Class,4,COMPLETE,2,308.9499969,21.630000119
Caribbean,Kids' Golf Clubs,Standard Class,4,ON_HOLD,1,199.0,39.79999924
Caribbean,Kids' Golf Clubs,Standard Class,4,PENDING_PAYMENT,2,289.98000336,37.79999924
Caribbean,Lacrosse,Standard Class,4,CLOSED,1,24.98999977,9.0
Caribbean,Lacrosse,Standard Class,4,COMPLETE,4,99.95999908,47.98999977
Caribbean,Lacrosse,Standard Class,4,ON_HOLD,1,24.98999977,4.5
Caribbean,Men's Footwear,First Class,1,CLOSED,23,2989.7701265,321.099998952
Caribbean,Men's Footwear,First Class,1,COMPLETE,34,4419.660187,332.149997721
Caribbean,Men's Footwear,First Class,1,ON_HOLD,5,649.9500275,74.749999287
Caribbean,Men's Footwear,First Class,1,PAYMENT_REVIEW,1,129.9900055,6.5
Caribbean,Men's Footwear,First Class,1,PENDING,8,1039.920044,126.75
Caribbean,Men's Footwear,First Class,1,PENDING_PAYMENT,20,2599.80011,198.250000713
Caribbean,Men's Footwear,First Class,1,PROCESSING,10,1299.900055,139.099998479
Caribbean,Men's Footwear,First Class,1,SUSPECTED_FRAUD,1,129.9900055,13.0
Caribbean,Men's Footwear,Same Day,0,CLOSED,5,649.9500275,126.10000038
Caribbean,Men's Footwear,Same Day,0,COMPLETE,9,1169.9100495,94.899998432
Caribbean,Men's Footwear,Same Day,0,ON_HOLD,1,129.9900055,23.39999962
Caribbean,Men's Footwear,Same Day,0,PENDING,2,259.980011,29.900000095
Caribbean,Men's Footwear,Same Day,0,PENDING_PAYMENT,16,2079.840088,254.799999477
Caribbean,Men's Footwear,Same Day,0,PROCESSING,2,259.980011,28.60000038
Caribbean,Men's Footwear,Same Day,0,SUSPECTED_FRAUD,1,129.9900055,0.0
Caribbean,Men's Footwear,Second Class,2,CANCELED,4,519.960022,74.09999943
Caribbean,Men's Footwear,Second Class,2,CLOSED,19,2469.8101045,254.799999241
Caribbean,Men's Footwear,Second Class,2,COMPLETE,40,5199.60022,544.699999811
Caribbean,Men's Footwear,Second Class,2,ON_HOLD,7,909.9300385,108.549999476
Caribbean,Men's Footwear,Second Class,2,PAYMENT_REVIEW,1,129.9900055,5.199999809
Caribbean,Men's Footwear,Second Class,2,PENDING,10,1299.900055,116.999999525
Caribbean,Men's Footwear,Second Class,2,PENDING_PAYMENT,34,4419.660187,429.000000473
Caribbean,Men's Footwear,Second Class,2,PROCESSING,2,259.980011,20.800000191
Caribbean,Men's Footwear,Second Class,2,SUSPECTED_FRAUD,3,389.9700165,50.699999572
Caribbean,Men's Footwear,Standard Class,4,CANCELED,1,129.9900055,1.299999952
Caribbean,Men's Footwear,Standard Class,4,CLOSED,54,7019.460297,735.149995816
Caribbean,Men's Footwear,Standard Class,4,COMPLETE,163,21188.3708965,2314.650000092
Caribbean,Men's Footwear,Standard Class,4,ON_HOLD,26,3379.740143,349.699997668
Caribbean,Men's Footwear,Standard Class,4,PAYMENT_REVIEW,5,649.9500275,84.49999905
Caribbean,Men's Footwear,Standard Class,4,PENDING,21,2729.7901155,259.999998336
Caribbean,Men's Footwear,Standard Class,4,PENDING_PAYMENT,85,11049.1504675,1194.04999805
Caribbean,Men's Footwear,Standard Class,4,PROCESSING,24,3119.760132,282.099998955
Caribbean,Men's Footwear,Standard Class,4,SUSPECTED_FRAUD,3,389.9700165,23.39999962
Caribbean,Men's Golf Clubs,First Class,1,COMPLETE,1,109.9899979,7.699999809
Caribbean,Men's Golf Clubs,Second Class,2,PENDING_PAYMENT,1,129.9900055,2.599999905
Caribbean,Men's Golf Clubs,Second Class,2,PROCESSING,1,109.9899979,17.60000038
Caribbean,Men's Golf Clubs,Second Class,2,SUSPECTED_FRAUD,1,129.9900055,7.150000095
Caribbean,Men's Golf Clubs,Standard Class,4,CLOSED,2,264.980011,30.249999049
Caribbean,Men's Golf Clubs,Standard Class,4,COMPLETE,3,404.9700165,63.45000076
Caribbean,Men's Golf Clubs,Standard Class,4,PENDING,1,109.9899979,16.5
Caribbean,Men's Golf Clubs,Standard Class,4,PENDING_PAYMENT,1,109.9899979,5.5
Caribbean,Men's Golf Clubs,Standard Class,4,PROCESSING,2,199.97999572,73.99000168
Caribbean,Shop By Sport,First Class,1,CLOSED,5,199.9500084,47.999999525
Caribbean,Shop By Sport,First Class,1,COMPLETE,16,629.8500252,219.460004087
Caribbean,Shop By Sport,First Class,1,ON_HOLD,3,119.97000504,22.799999715
Caribbean,Shop By Sport,First Class,1,PENDING,3,119.97000504,19.599999428
Caribbean,Shop By Sport,First Class,1,PENDING_PAYMENT,10,399.9000168,124.97000134
Caribbean,Shop By Sport,First Class,1,PROCESSING,5,199.9500084,66.980000738
Caribbean,Shop By Sport,Same Day,0,CLOSED,3,119.97000504,17.599999727
Caribbean,Shop By Sport,Same Day,0,COMPLETE,6,239.94001008,74.38000202
Caribbean,Shop By Sport,Same Day,0,ON_HOLD,1,39.99000168,49.99000168
Caribbean,Shop By Sport,Same Day,0,PENDING,1,39.99000168,4.400000095
Caribbean,Shop By Sport,Same Day,0,PENDING_PAYMENT,2,69.99000168,9.599999904
Caribbean,Shop By Sport,Same Day,0,PROCESSING,1,39.99000168,0.0
Caribbean,Shop By Sport,Same Day,0,SUSPECTED_FRAUD,1,39.99000168,12.0
Caribbean,Shop By Sport,Second Class,2,CLOSED,9,359.91001512,61.599999728
Caribbean,Shop By Sport,Second Class,2,COMPLETE,32,1279.68005376,451.300007813
Caribbean,Shop By Sport,Second Class,2,ON_HOLD,4,159.96000672,41.190000057000006
Caribbean,Shop By Sport,Second Class,2,PAYMENT_REVIEW,1,39.99000168,0.400000006
Caribbean,Shop By Sport,Second Class,2,PENDING,3,119.97000504,46.390001775
Caribbean,Shop By Sport,Second Class,2,PENDING_PAYMENT,20,799.8000336,215.960001494
Caribbean,Shop By Sport,Second Class,2,PROCESSING,6,239.94001008,68.57999993
Caribbean,Shop By Sport,Standard Class,4,CANCELED,1,39.99000168,19.20000076
Caribbean,Shop By Sport,Standard Class,4,CLOSED,22,879.78003696,237.960000179
Caribbean,Shop By Sport,Standard Class,4,COMPLETE,72,3009.31011974,831.6400037880001
Caribbean,Shop By Sport,Standard Class,4,ON_HOLD,13,519.8700218399999,237.960005642
Caribbean,Shop By Sport,Standard Class,4,PAYMENT_REVIEW,4,159.96000672,58.390001537
Caribbean,Shop By Sport,Standard Class,4,PENDING,23,899.79003528,258.270001886
Caribbean,Shop By Sport,Standard Class,4,PENDING_PAYMENT,31,1239.69005208,319.570001364
Caribbean,Shop By Sport,Standard Class,4,PROCESSING,14,719.86002734,207.140000935
Caribbean,Shop By Sport,Standard Class,4,SUSPECTED_FRAUD,1,39.99000168,29.98999977
Caribbean,Soccer,Second Class,2,SUSPECTED_FRAUD,1,79.98999786,0.800000012
Caribbean,Soccer,Standard Class,4,CLOSED,1,124.9899979,6.25
Caribbean,Soccer,Standard Class,4,COMPLETE,1,124.9899979,5.0
Caribbean,Soccer,Standard Class,4,ON_HOLD,2,204.97999576,24.0
Caribbean,Soccer,Standard Class,4,PENDING_PAYMENT,1,124.9899979,3.75
Caribbean,Strength Training,First Class,1,COMPLETE,1,189.0,17.01000023
Caribbean,Tennis & Racquet,First Class,1,PENDING_PAYMENT,2,89.98000336,22.5
Caribbean,Tennis & Racquet,Second Class,2,COMPLETE,2,89.98000336,52.6400013
Caribbean,Tennis & Racquet,Second Class,2,PROCESSING,1,44.99000168,3.599999905
Caribbean,Tennis & Racquet,Standard Class,4,CLOSED,2,89.98000336,13.050000191
Caribbean,Tennis & Racquet,Standard Class,4,COMPLETE,3,134.97000504,54.439999579
Caribbean,Tennis & Racquet,Standard Class,4,PENDING_PAYMENT,2,89.98000336,56.22999954
Caribbean,Trade-In,First Class,1,COMPLETE,3,281.97000504,31.879999876
Caribbean,Trade-In,First Class,1,PENDING,1,15.98999977,2.400000095
Caribbean,Trade-In,First Class,1,PENDING_PAYMENT,2,31.97999954,9.430000425
Caribbean,Trade-In,First Class,1,SUSPECTED_FRAUD,1,15.98999977,2.640000105
Caribbean,Trade-In,Same Day,0,COMPLETE,1,21.98999977,2.640000105
Caribbean,Trade-In,Second Class,2,CLOSED,1,15.98999977,4.800000191
Caribbean,Trade-In,Second Class,2,COMPLETE,5,325.95000458,29.939999968
Caribbean,Trade-In,Second Class,2,PENDING_PAYMENT,2,37.97999954,4.160000085
Caribbean,Trade-In,Standard Class,4,CLOSED,3,47.969999310000006,13.909999487
Caribbean,Trade-In,Standard Class,4,COMPLETE,6,581.94001008,16.480000019000002
Caribbean,Trade-In,Standard Class,4,ON_HOLD,1,21.98999977,4.400000095
Caribbean,Trade-In,Standard Class,4,PENDING,3,53.969999310000006,33.879999754
Caribbean,Trade-In,Standard Class,4,PENDING_PAYMENT,5,553.9500103099999,104.760000051
Caribbean,Trade-In,Standard Class,4,PROCESSING,1,15.98999977,5.760000229
Caribbean,Water Sports,First Class,1,CANCELED,4,799.960022,72.0
Caribbean,Water Sports,First Class,1,CLOSED,20,3999.80011,324.0
Caribbean,Water Sports,First Class,1,COMPLETE,36,7199.640198,832.0
Caribbean,Water Sports,First Class,1,ON_HOLD,4,799.960022,74.0
Caribbean,Water Sports,First Class,1,PENDING,8,1599.920044,219.0
Caribbean,Water Sports,First Class,1,PENDING_PAYMENT,14,2799.860077,316.0
Caribbean,Water Sports,First Class,1,PROCESSING,22,4399.780121,463.0
Caribbean,Water Sports,First Class,1,SUSPECTED_FRAUD,3,599.9700164999999,54.0
Caribbean,Water Sports,Same Day,0,CANCELED,2,399.980011,21.0
Caribbean,Water Sports,Same Day,0,CLOSED,10,1999.900055,205.0
Caribbean,Water Sports,Same Day,0,COMPLETE,12,2399.880066,210.0
Caribbean,Water Sports,Same Day,0,ON_HOLD,6,1199.940033,100.0
Caribbean,Water Sports,Same Day,0,PAYMENT_REVIEW,2,399.980011,22.0
Caribbean,Water Sports,Same Day,0,PENDING,4,799.960022,102.0
Caribbean,Water Sports,Same Day,0,PENDING_PAYMENT,9,1799.9100495,230.0
Caribbean,Water Sports,Same Day,0,PROCESSING,1,199.9900055,36.0
Caribbean,Water Sports,Same Day,0,SUSPECTED_FRAUD,1,199.9900055,20.0
Caribbean,Water Sports,Second Class,2,CANCELED,5,999.9500275,120.0
Caribbean,Water Sports,Second Class,2,CLOSED,14,2799.860077,376.0
Caribbean,Water Sports,Second Class,2,COMPLETE,54,10799.460297,1083.0
Caribbean,Water Sports,Second Class,2,ON_HOLD,4,799.960022,146.0
Caribbean,Water Sports,Second Class,2,PENDING,13,2599.8700715,308.0
Caribbean,Water Sports,Second Class,2,PENDING_PAYMENT,33,6599.6701815,703.0
Caribbean,Water Sports,Second Class,2,PROCESSING,21,4199.7901155,408.0
Caribbean,Water Sports,Second Class,2,SUSPECTED_FRAUD,4,799.960022,116.0
Caribbean,Water Sports,Standard Class,4,CANCELED,10,1999.900055,163.0
Caribbean,Water Sports,Standard Class,4,CLOSED,48,9599.520264,924.0
Caribbean,Water Sports,Standard Class,4,COMPLETE,138,27598.620759,2861.0
Caribbean,Water Sports,Standard Class,4,ON_HOLD,24,4799.760131999999,485.0
Caribbean,Water Sports,Standard Class,4,PAYMENT_REVIEW,5,999.9500275,119.0
Caribbean,Water Sports,Standard Class,4,PENDING,42,8399.580231,877.0
Caribbean,Water Sports,Standard Class,4,PENDING_PAYMENT,97,19399.0305335,2238.0
Caribbean,Water Sports,Standard Class,4,PROCESSING,69,13799.3103795,1411.0
Caribbean,Water Sports,Standard Class,4,SUSPECTED_FRAUD,5,999.9500275,117.0
Caribbean,Women's Apparel,First Class,1,CLOSED,17,850.0,189.0
Caribbean,Women's Apparel,First Class,1,COMPLETE,27,1350.0,417.0
Caribbean,Women's Apparel,First Class,1,ON_HOLD,5,250.0,98.5
Caribbean,Women's Apparel,First Class,1,PAYMENT_REVIEW,3,150.0,15.5
Caribbean,Women's Apparel,First Class,1,PENDING,9,450.0,149.5
Caribbean,Women's Apparel,First Class,1,PENDING_PAYMENT,28,1400.0,553.5
Caribbean,Women's Apparel,First Class,1,PROCESSING,7,350.0,105.5
Caribbean,Women's Apparel,First Class,1,SUSPECTED_FRAUD,4,200.0,38.5
Caribbean,Women's Apparel,Same Day,0,CLOSED,5,250.0,16.5
Caribbean,Women's Apparel,Same Day,0,COMPLETE,8,400.0,138.0
Caribbean,Women's Apparel,Same Day,0,PENDING,1,50.0,22.5
Caribbean,Women's Apparel,Same Day,0,PENDING_PAYMENT,8,400.0,234.5
Caribbean,Women's Apparel,Same Day,0,PROCESSING,1,50.0,25.0
Caribbean,Women's Apparel,Same Day,0,SUSPECTED_FRAUD,1,50.0,8.0
Caribbean,Women's Apparel,Second Class,2,CANCELED,2,100.0,12.0
Caribbean,Women's Apparel,Second Class,2,CLOSED,11,550.0,199.75
Caribbean,Women's Apparel,Second Class,2,COMPLETE,49,2450.0,648.25
Caribbean,Women's Apparel,Second Class,2,ON_HOLD,6,300.0,124.0
Caribbean,Women's Apparel,Second Class,2,PENDING,2,100.0,36.0
Caribbean,Women's Apparel,Second Class,2,PENDING_PAYMENT,31,1550.0,454.0
Caribbean,Women's Apparel,Second Class,2,PROCESSING,5,250.0,108.0
Caribbean,Women's Apparel,Second Class,2,SUSPECTED_FRAUD,2,100.0,107.5
Caribbean,Women's Apparel,Standard Class,4,CANCELED,4,200.0,91.5
Caribbean,Women's Apparel,Standard Class,4,CLOSED,42,2100.0,424.75
Caribbean,Women's Apparel,Standard Class,4,COMPLETE,129,6450.0,1747.0
Caribbean,Women's Apparel,Standard Class,4,ON_HOLD,14,700.0,203.5
Caribbean,Women's Apparel,Standard Class,4,PAYMENT_REVIEW,4,200.0,11.0
Caribbean,Women's Apparel,Standard Class,4,PENDING,31,1550.0,652.25
Caribbean,Women's Apparel,Standard Class,4,PENDING_PAYMENT,57,2850.0,686.0
Caribbean,Women's Apparel,Standard Class,4,PROCESSING,29,1450.0,451.0
Caribbean,Women's Apparel,Standard Class,4,SUSPECTED_FRAUD,5,250.0,62.5
Caribbean,Women's Golf Clubs,Same Day,0,PROCESSING,1,99.98999786,50.99000168
Caribbean,Women's Golf Clubs,Second Class,2,COMPLETE,1,209.9900055,10.5
Caribbean,Women's Golf Clubs,Second Class,2,ON_HOLD,1,99.98999786,0.0
Caribbean,Women's Golf Clubs,Standard Class,4,CLOSED,1,99.98999786,40.0
Caribbean,Women's Golf Clubs,Standard Class,4,COMPLETE,3,409.97000122,65.09999847
Caribbean,Women's Golf Clubs,Standard Class,4,ON_HOLD,1,79.98999786,14.39999962
Caribbean,Women's Golf Clubs,Standard Class,4,PENDING_PAYMENT,1,209.9900055,11.55000019
Caribbean,Women's Golf Clubs,Standard Class,4,PROCESSING,2,289.98000336,64.5
Caribbean,Women's Golf Clubs,Standard Class,4,SUSPECTED_FRAUD,1,209.9900055,6.300000191
Central Africa,Accessories,First Class,1,COMPLETE,1,24.98999977,0.0
Central Africa,Accessories,First Class,1,PENDING_PAYMENT,1,24.98999977,18.73999977
Central Africa,Accessories,Same Day,0,COMPLETE,1,24.98999977,6.5
Central Africa,Accessories,Same Day,0,ON_HOLD,1,24.98999977,12.98999977
Central Africa,Accessories,Second Class,2,PROCESSING,1,24.98999977,31.23999977
Central Africa,Accessories,Standard Class,4,CLOSED,2,49.97999954,17.73999977
Central Africa,Accessories,Standard Class,4,COMPLETE,2,49.97999954,11.75
Central Africa,Accessories,Standard Class,4,ON_HOLD,1,24.98999977,21.23999977
Central Africa,Baseball & Softball,First Class,1,COMPLETE,1,34.99000168,1.399999976
Central Africa,Baseball & Softball,First Class,1,PENDING_PAYMENT,1,34.99000168,3.150000095
Central Africa,Baseball & Softball,Second Class,2,COMPLETE,1,34.99000168,12.60000038
Central Africa,Baseball & Softball,Second Class,2,PENDING_PAYMENT,1,59.99000168,0.0
Central Africa,Baseball & Softball,Standard Class,4,COMPLETE,1,59.99000168,44.99000168
Central Africa,Boxing & MMA,Second Class,2,COMPLETE,1,54.97000122,0.0
Central Africa,Boxing & MMA,Second Class,2,PENDING_PAYMENT,1,54.97000122,4.400000095
Central Africa,Boxing & MMA,Standard Class,4,COMPLETE,2,109.94000244,9.890000343
Central Africa,Camping & Hiking,First Class,1,CLOSED,1,299.980011,39.0
Central Africa,Camping & Hiking,First Class,1,COMPLETE,2,599.960022,111.0
Central Africa,Camping & Hiking,First Class,1,ON_HOLD,2,599.960022,27.0
Central Africa,Camping & Hiking,First Class,1,PENDING,1,299.980011,45.0
Central Africa,Camping & Hiking,First Class,1,PENDING_PAYMENT,2,599.960022,16.5
Central Africa,Camping & Hiking,Same Day,0,COMPLETE,1,299.980011,27.0
Central Africa,Camping & Hiking,Same Day,0,PENDING_PAYMENT,2,599.960022,48.0
Central Africa,Camping & Hiking,Second Class,2,CLOSED,3,899.940033,102.0
Central Africa,Camping & Hiking,Second Class,2,COMPLETE,4,1199.920044,87.0
Central Africa,Camping & Hiking,Second Class,2,ON_HOLD,1,299.980011,48.0
Central Africa,Camping & Hiking,Second Class,2,PENDING_PAYMENT,2,599.960022,6.0
Central Africa,Camping & Hiking,Standard Class,4,CANCELED,2,599.960022,75.0
Central Africa,Camping & Hiking,Standard Class,4,CLOSED,5,1499.900055,180.0
Central Africa,Camping & Hiking,Standard Class,4,COMPLETE,30,8999.40033,1182.0
Central Africa,Camping & Hiking,Standard Class,4,ON_HOLD,3,899.940033,57.0
Central Africa,Camping & Hiking,Standard Class,4,PAYMENT_REVIEW,1,299.980011,39.0
Central Africa,Camping & Hiking,Standard Class,4,PENDING,1,299.980011,51.0
Central Africa,Camping & Hiking,Standard Class,4,PENDING_PAYMENT,7,2099.860077,342.0
Central Africa,Camping & Hiking,Standard Class,4,PROCESSING,7,2099.860077,174.0
Central Africa,Cardio Equipment,First Class,1,CLOSED,1,99.98999786,7.0
Central Africa,Cardio Equipment,First Class,1,COMPLETE,3,229.97999572,29.649999976
Central Africa,Cardio Equipment,First Class,1,PENDING,3,299.96999358,89.0
Central Africa,Cardio Equipment,First Class,1,PENDING_PAYMENT,1,99.98999786,79.98999786
Central Africa,Cardio Equipment,First Class,1,PROCESSING,1,99.98999786,2.0
Central Africa,Cardio Equipment,Same Day,0,COMPLETE,3,299.96999358,59.0
Central Africa,Cardio Equipment,Same Day,0,ON_HOLD,3,299.96999358,76.99000168
Central Africa,Cardio Equipment,Second Class,2,CLOSED,1,99.98999786,45.0
Central Africa,Cardio Equipment,Second Class,2,COMPLETE,4,399.95999144,131.0
Central Africa,Cardio Equipment,Second Class,2,ON_HOLD,1,99.98999786,13.0
Central Africa,Cardio Equipment,Second Class,2,PENDING_PAYMENT,6,599.93998716,311.96999362
Central Africa,Cardio Equipment,Standard Class,4,CLOSED,6,599.93998716,119.98999786
Central Africa,Cardio Equipment,Standard Class,4,COMPLETE,21,2099.78995506,787.9499893
Central Africa,Cardio Equipment,Standard Class,4,ON_HOLD,1,99.98999786,10.0
Central Africa,Cardio Equipment,Standard Class,4,PENDING_PAYMENT,5,499.9499893,172.98999786000002
Central Africa,Cardio Equipment,Standard Class,4,PROCESSING,3,299.96999358,98.98999786
Central Africa,Cleats,First Class,1,CLOSED,2,119.98000336,53.390001775
Central Africa,Cleats,First Class,1,COMPLETE,8,479.92001344,157.180003408
Central Africa,Cleats,First Class,1,PENDING,3,179.97000504,51.60000038
Central Africa,Cleats,First Class,1,PENDING_PAYMENT,9,539.91001512,198.570005421
Central Africa,Cleats,First Class,1,PROCESSING,2,119.98000336,14.999999762
Central Africa,Cleats,Same Day,0,CLOSED,4,239.96000672,105.280000689
Central Africa,Cleats,Same Day,0,COMPLETE,4,239.96000672,77.390000587
Central Africa,Cleats,Same Day,0,PAYMENT_REVIEW,1,59.99000168,44.99000168
Central Africa,Cleats,Same Day,0,PENDING_PAYMENT,2,119.98000336,65.99000168
Central Africa,Cleats,Second Class,2,COMPLETE,12,719.88002016,334.750006205
Central Africa,Cleats,Second Class,2,ON_HOLD,1,59.99000168,9.899999619
Central Africa,Cleats,Second Class,2,PAYMENT_REVIEW,2,119.98000336,67.79000092
Central Africa,Cleats,Second Class,2,PENDING_PAYMENT,5,299.9500084,74.990001203
Central Africa,Cleats,Second Class,2,PROCESSING,1,59.99000168,6.0
Central Africa,Cleats,Standard Class,4,CANCELED,3,179.97000504,32.400000095
Central Africa,Cleats,Standard Class,4,CLOSED,14,839.86002352,374.359999651
Central Africa,Cleats,Standard Class,4,COMPLETE,40,2399.6000672,550.760005722
Central Africa,Cleats,Standard Class,4,ON_HOLD,4,239.96000672,55.79999924
Central Africa,Cleats,Standard Class,4,PAYMENT_REVIEW,2,119.98000336,25.199999809
Central Africa,Cleats,Standard Class,4,PENDING,2,119.98000336,45.589999199
Central Africa,Cleats,Standard Class,4,PENDING_PAYMENT,18,1079.82003024,452.640002371
Central Africa,Cleats,Standard Class,4,PROCESSING,10,599.9000168,183.889998439
Central Africa,Cleats,Standard Class,4,SUSPECTED_FRAUD,1,59.99000168,9.600000381
Central Africa,Electronics,First Class,1,COMPLETE,1,47.99000168,31.19000053
Central Africa,Electronics,First Class,1,PENDING,2,63.97999954,12.160000324
Central Africa,Electronics,First Class,1,PENDING_PAYMENT,1,27.98999977,5.599999905
Central Africa,Electronics,Second Class,2,COMPLETE,1,47.99000168,6.71999979
Central Africa,Electronics,Second Class,2,PENDING_PAYMENT,1,47.99000168,7.679999828
Central Africa,Electronics,Standard Class,4,CLOSED,2,83.98000145,33.349999427
Central Africa,Electronics,Standard Class,4,COMPLETE,5,207.95000458,48.350000378
Central Africa,Electronics,Standard Class,4,ON_HOLD,1,47.99000168,1.919999957
Central Africa,Electronics,Standard Class,4,PENDING_PAYMENT,3,95.96999931,5.919999897
Central Africa,Electronics,Standard Class,4,PROCESSING,3,91.96999931,12.639999986
Central Africa,Fitness Accessories,Second Class,2,PROCESSING,1,34.99000168,12.60000038
Central Africa,Girls' Apparel,Same Day,0,PENDING_PAYMENT,1,39.99000168,23.98999977
Central Africa,Girls' Apparel,Second Class,2,COMPLETE,1,70.0,21.0
Central Africa,Girls' Apparel,Second Class,2,PENDING_PAYMENT,2,79.98000336,24.80000019
Central Africa,Girls' Apparel,Standard Class,4,CLOSED,1,25.0,20.0
Central Africa,Girls' Apparel,Standard Class,4,COMPLETE,2,100.0,6.100000143
Central Africa,Girls' Apparel,Standard Class,4,PENDING_PAYMENT,2,50.0,24.0
Central Africa,Girls' Apparel,Standard Class,4,PROCESSING,1,25.0,8.75
Central Africa,Girls' Apparel,Standard Class,4,SUSPECTED_FRAUD,1,39.99000168,23.98999977
Central Africa,Golf Apparel,Standard Class,4,CLOSED,1,19.98999977,8.0
Central Africa,Golf Apparel,Standard Class,4,COMPLETE,1,19.98999977,8.0
Central Africa,Golf Balls,First Class,1,CANCELED,1,19.98999977,11.98999977
Central Africa,Golf Balls,First Class,1,COMPLETE,1,14.98999977,12.73999977
Central Africa,Golf Balls,First Class,1,PENDING_PAYMENT,1,19.98999977,1.100000024
Central Africa,Golf Balls,Second Class,2,CLOSED,1,17.98999977,13.48999977
Central Africa,Golf Balls,Second Class,2,COMPLETE,2,39.97999954,12.18999958
Central Africa,Golf Balls,Standard Class,4,CLOSED,1,14.98999977,2.470000029
Central Africa,Golf Balls,Standard Class,4,COMPLETE,1,17.98999977,3.599999905
Central Africa,Golf Balls,Standard Class,4,PENDING_PAYMENT,2,32.97999954,6.819999934
Central Africa,Golf Balls,Standard Class,4,PROCESSING,1,14.98999977,0.75
Central Africa,Golf Balls,Standard Class,4,SUSPECTED_FRAUD,1,19.98999977,5.0
Central Africa,Golf Gloves,Same Day,0,CLOSED,1,24.98999977,5.0
Central Africa,Golf Gloves,Standard Class,4,CLOSED,1,24.98999977,9.0
Central Africa,Golf Gloves,Standard Class,4,COMPLETE,1,24.98999977,2.0
Central Africa,Golf Gloves,Standard Class,4,PENDING,2,64.98000145,9.400000095
Central Africa,Golf Gloves,Standard Class,4,PENDING_PAYMENT,2,34.979999541,18.089999794
Central Africa,Golf Shoes,First Class,1,COMPLETE,1,65.0,39.0
Central Africa,Golf Shoes,Second Class,2,COMPLETE,1,65.0,8.449999809
Central Africa,Golf Shoes,Second Class,2,PENDING_PAYMENT,1,65.0,31.20000076
Central Africa,Golf Shoes,Standard Class,4,COMPLETE,3,195.0,144.95000076
Central Africa,Golf Shoes,Standard Class,4,PENDING_PAYMENT,1,65.0,16.25
Central Africa,Hockey,Second Class,2,PENDING_PAYMENT,1,22.0,6.599999905
Central Africa,Hockey,Second Class,2,PROCESSING,1,22.0,11.43999958
Central Africa,Hockey,Standard Class,4,COMPLETE,4,94.0,8.470000029
Central Africa,Hockey,Standard Class,4,PENDING,1,25.0,13.0
Central Africa,Hockey,Standard Class,4,PENDING_PAYMENT,1,22.0,14.30000019
Central Africa,Hockey,Standard Class,4,PROCESSING,2,47.0,19.94999981
Central Africa,Hunting & Shooting,Second Class,2,COMPLETE,1,29.98999977,2.400000095
Central Africa,Hunting & Shooting,Standard Class,4,CANCELED,1,29.98999977,3.599999905
Central Africa,Hunting & Shooting,Standard Class,4,COMPLETE,2,59.97999954,2.850000024
Central Africa,Indoor/Outdoor Games,First Class,1,COMPLETE,1,49.97999954,7.0
Central Africa,Indoor/Outdoor Games,First Class,1,ON_HOLD,3,149.93999862,22.0
Central Africa,Indoor/Outdoor Games,First Class,1,PROCESSING,1,49.97999954,14.98999977
Central Africa,Indoor/Outdoor Games,Same Day,0,CLOSED,2,99.95999908,51.97999954
Central Africa,Indoor/Outdoor Games,Same Day,0,COMPLETE,1,49.97999954,2.5
Central Africa,Indoor/Outdoor Games,Same Day,0,PROCESSING,1,49.97999954,10.0
Central Africa,Indoor/Outdoor Games,Second Class,2,COMPLETE,3,149.93999862,45.97999954
Central Africa,Indoor/Outdoor Games,Second Class,2,PENDING_PAYMENT,3,149.93999862,76.96999931
Central Africa,Indoor/Outdoor Games,Second Class,2,PROCESSING,2,99.95999908,18.5
Central Africa,Indoor/Outdoor Games,Standard Class,4,CLOSED,5,249.8999977,123.95999908
Central Africa,Indoor/Outdoor Games,Standard Class,4,COMPLETE,11,549.77999494,238.15999793
Central Africa,Indoor/Outdoor Games,Standard Class,4,PENDING,4,199.91999816,97.44999885
Central Africa,Indoor/Outdoor Games,Standard Class,4,PENDING_PAYMENT,4,199.91999816,55.47999954
Central Africa,Indoor/Outdoor Games,Standard Class,4,PROCESSING,3,149.93999862,52.97999954
Central Africa,Lacrosse,Standard Class,4,COMPLETE,1,24.98999977,18.73999977
Central Africa,Men's Footwear,First Class,1,CLOSED,4,519.960022,44.199999809
Central Africa,Men's Footwear,First Class,1,COMPLETE,9,1169.9100495,90.999999761
Central Africa,Men's Footwear,First Class,1,PENDING,2,259.980011,26.0
Central Africa,Men's Footwear,First Class,1,PENDING_PAYMENT,7,909.9300385,106.599997767
Central Africa,Men's Footwear,First Class,1,PROCESSING,3,389.9700165,78.0
Central Africa,Men's Footwear,First Class,1,SUSPECTED_FRAUD,1,129.9900055,0.0
Central Africa,Men's Footwear,Same Day,0,CLOSED,3,389.9700165,33.800000190999995
Central Africa,Men's Footwear,Same Day,0,COMPLETE,4,519.960022,66.30000018999999
Central Africa,Men's Footwear,Same Day,0,ON_HOLD,1,129.9900055,26.0
Central Africa,Men's Footwear,Same Day,0,PENDING_PAYMENT,2,259.980011,35.10000038
Central Africa,Men's Footwear,Second Class,2,CLOSED,1,129.9900055,9.100000381
Central Africa,Men's Footwear,Second Class,2,COMPLETE,10,1299.900055,151.449999335
Central Africa,Men's Footwear,Second Class,2,ON_HOLD,1,129.9900055,23.39999962
Central Africa,Men's Footwear,Second Class,2,PENDING_PAYMENT,9,1169.9100495,164.449999336
Central Africa,Men's Footwear,Second Class,2,PROCESSING,2,259.980011,24.699999809
Central Africa,Men's Footwear,Standard Class,4,CANCELED,2,259.980011,48.10000038
Central Africa,Men's Footwear,Standard Class,4,CLOSED,8,1039.920044,87.099999431
Central Africa,Men's Footwear,Standard Class,4,COMPLETE,45,5849.550247499999,649.349997528
Central Africa,Men's Footwear,Standard Class,4,ON_HOLD,2,259.980011,14.30000019
Central Africa,Men's Footwear,Standard Class,4,PAYMENT_REVIEW,2,259.980011,40.29999924
Central Africa,Men's Footwear,Standard Class,4,PENDING,1,129.9900055,16.89999962
Central Africa,Men's Footwear,Standard Class,4,PENDING_PAYMENT,11,1429.8900605,117.649999855
Central Africa,Men's Footwear,Standard Class,4,PROCESSING,10,1299.900055,174.849999906
Central Africa,Shop By Sport,First Class,1,CLOSED,1,39.99000168,10.80000019
Central Africa,Shop By Sport,First Class,1,COMPLETE,5,189.96000672,52.000000476
Central Africa,Shop By Sport,First Class,1,ON_HOLD,1,39.99000168,12.0
Central Africa,Shop By Sport,First Class,1,PAYMENT_REVIEW,1,39.99000168,2.0
Central Africa,Shop By Sport,First Class,1,PENDING,3,119.97000504,21.600000381
Central Africa,Shop By Sport,First Class,1,PENDING_PAYMENT,7,279.93001176,95.780001878
Central Africa,Shop By Sport,First Class,1,PROCESSING,1,39.99000168,8.399999619
Central Africa,Shop By Sport,Same Day,0,COMPLETE,1,39.99000168,31.98999977
Central Africa,Shop By Sport,Same Day,0,PENDING_PAYMENT,1,39.99000168,16.0
Central Africa,Shop By Sport,Second Class,2,CLOSED,1,39.99000168,0.800000012
Central Africa,Shop By Sport,Second Class,2,COMPLETE,3,109.98000336,29.600000381
Central Africa,Shop By Sport,Second Class,2,ON_HOLD,1,39.99000168,16.0
Central Africa,Shop By Sport,Second Class,2,PAYMENT_REVIEW,1,39.99000168,29.98999977
Central Africa,Shop By Sport,Second Class,2,PENDING_PAYMENT,6,239.94001008,75.589999199
Central Africa,Shop By Sport,Standard Class,4,CLOSED,7,269.94001008,86.879999635
Central Africa,Shop By Sport,Standard Class,4,COMPLETE,17,679.83002856,246.75000405
Central Africa,Shop By Sport,Standard Class,4,ON_HOLD,4,159.96000672,9.199999929
Central Africa,Shop By Sport,Standard Class,4,PAYMENT_REVIEW,1,39.99000168,8.0
Central Africa,Shop By Sport,Standard Class,4,PENDING,2,79.98000336,2.0
Central Africa,Shop By Sport,Standard Class,4,PENDING_PAYMENT,5,199.9500084,36.800000427
Central Africa,Shop By Sport,Standard Class,4,PROCESSING,4,159.96000672,52.379999635
Central Africa,Shop By Sport,Standard Class,4,SUSPECTED_FRAUD,1,39.99000168,18.0
Central Africa,Tennis & Racquet,Standard Class,4,SUSPECTED_FRAUD,1,44.99000168,9.0
Central Africa,Trade-In,Second Class,2,COMPLETE,1,15.98999977,1.600000024
Central Africa,Trade-In,Standard Class,4,COMPLETE,1,15.98999977,0.0
Central Africa,Trade-In,Standard Class,4,PENDING,1,15.98999977,5.440000057
Central Africa,Trade-In,Standard Class,4,PENDING_PAYMENT,1,15.98999977,0.0
Central Africa,Trade-In,Standard Class,4,PROCESSING,1,21.98999977,4.619999886
Central Africa,Water Sports,First Class,1,CANCELED,1,199.9900055,24.0
Central Africa,Water Sports,First Class,1,COMPLETE,4,799.960022,94.0
Central Africa,Water Sports,First Class,1,PAYMENT_REVIEW,2,399.980011,66.0
Central Africa,Water Sports,First Class,1,PENDING,5,999.9500275,166.0
Central Africa,Water Sports,First Class,1,PENDING_PAYMENT,12,2399.880066,263.0
Central Africa,Water Sports,First Class,1,PROCESSING,4,799.960022,42.0
Central Africa,Water Sports,First Class,1,SUSPECTED_FRAUD,1,199.9900055,0.0
Central Africa,Water Sports,Same Day,0,CLOSED,1,199.9900055,14.0
Central Africa,Water Sports,Same Day,0,COMPLETE,3,599.9700164999999,76.0
Central Africa,Water Sports,Same Day,0,PROCESSING,2,399.980011,38.0
Central Africa,Water Sports,Second Class,2,CLOSED,2,399.980011,36.0
Central Africa,Water Sports,Second Class,2,COMPLETE,11,2199.8900605,220.0
Central Africa,Water Sports,Second Class,2,ON_HOLD,2,399.980011,14.0
Central Africa,Water Sports,Second Class,2,PENDING,1,199.9900055,50.0
Central Africa,Water Sports,Second Class,2,PENDING_PAYMENT,9,1799.9100495,214.0
Central Africa,Water Sports,Second Class,2,PROCESSING,4,799.960022,116.0
Central Africa,Water Sports,Standard Class,4,CANCELED,1,199.9900055,8.0
Central Africa,Water Sports,Standard Class,4,CLOSED,8,1599.920044,240.0
Central Africa,Water Sports,Standard Class,4,COMPLETE,32,6399.680176,536.0
Central Africa,Water Sports,Standard Class,4,ON_HOLD,5,999.9500275,74.0
Central Africa,Water Sports,Standard Class,4,PAYMENT_REVIEW,1,199.9900055,10.0
Central Africa,Water Sports,Standard Class,4,PENDING,12,2399.880066,269.0
Central Africa,Water Sports,Standard Class,4,PENDING_PAYMENT,15,2999.8500825,244.0
Central Africa,Water Sports,Standard Class,4,PROCESSING,9,1799.9100495,182.0
Central Africa,Women's Apparel,First Class,1,CLOSED,1,50.0,4.5
Central Africa,Women's Apparel,First Class,1,COMPLETE,5,250.0,58.5
Central Africa,Women's Apparel,First Class,1,ON_HOLD,1,50.0,4.0
Central Africa,Women's Apparel,First Class,1,PENDING,2,100.0,20.0
Central Africa,Women's Apparel,First Class,1,PENDING_PAYMENT,7,350.0,129.0
Central Africa,Women's Apparel,First Class,1,SUSPECTED_FRAUD,1,50.0,4.5
Central Africa,Women's Apparel,Same Day,0,CLOSED,1,50.0,32.5
Central Africa,Women's Apparel,Same Day,0,COMPLETE,3,150.0,78.5
Central Africa,Women's Apparel,Same Day,0,PAYMENT_REVIEW,1,50.0,2.0
Central Africa,Women's Apparel,Same Day,0,PENDING_PAYMENT,2,100.0,17.0
Central Africa,Women's Apparel,Second Class,2,CLOSED,3,150.0,80.0
Central Africa,Women's Apparel,Second Class,2,COMPLETE,13,650.0,156.75
Central Africa,Women's Apparel,Second Class,2,ON_HOLD,3,150.0,28.25
Central Africa,Women's Apparel,Second Class,2,PENDING_PAYMENT,6,300.0,53.5
Central Africa,Women's Apparel,Second Class,2,PROCESSING,1,50.0,1.0
Central Africa,Women's Apparel,Standard Class,4,CANCELED,1,50.0,1.5
Central Africa,Women's Apparel,Standard Class,4,CLOSED,13,650.0,230.75
Central Africa,Women's Apparel,Standard Class,4,COMPLETE,30,1500.0,512.25
Central Africa,Women's Apparel,Standard Class,4,ON_HOLD,2,100.0,51.5
Central Africa,Women's Apparel,Standard Class,4,PENDING,8,400.0,159.25
Central Africa,Women's Apparel,Standard Class,4,PENDING_PAYMENT,12,600.0,145.5
Central Africa,Women's Apparel,Standard Class,4,PROCESSING,6,300.0,175.5
Central America,Accessories,First Class,1,CLOSED,8,199.91999816,48.5
Central America,Accessories,First Class,1,COMPLETE,8,199.91999816,49.48999977
Central America,Accessories,First Class,1,ON_HOLD,1,24.98999977,0.0
Central America,Accessories,First Class,1,PENDING,3,74.96999931,32.73999977
Central America,Accessories,First Class,1,PENDING_PAYMENT,5,124.94999885,40.73999977
Central America,Accessories,First Class,1,PROCESSING,3,74.96999931,7.25
Central America,Accessories,Same Day,0,CLOSED,1,24.98999977,5.25
Central America,Accessories,Same Day,0,COMPLETE,3,74.96999931,44.22999954
Central America,Accessories,Same Day,0,ON_HOLD,1,24.98999977,1.0
Central America,Accessories,Same Day,0,PENDING,1,24.98999977,2.75
Central America,Accessories,Same Day,0,PENDING_PAYMENT,1,24.98999977,3.0
Central America,Accessories,Same Day,0,PROCESSING,1,24.98999977,0.0
Central America,Accessories,Second Class,2,CLOSED,1,24.98999977,12.0
Central America,Accessories,Second Class,2,COMPLETE,21,524.78999517,199.43999862
Central America,Accessories,Second Class,2,PENDING,6,149.93999862,43.48999977
Central America,Accessories,Second Class,2,PENDING_PAYMENT,8,199.91999816,87.95999908
Central America,Accessories,Second Class,2,PROCESSING,3,74.96999931,0.75
Central America,Accessories,Second Class,2,SUSPECTED_FRAUD,1,24.98999977,8.5
Central America,Accessories,Standard Class,4,CANCELED,3,74.96999931,28.97999954
Central America,Accessories,Standard Class,4,CLOSED,10,249.8999977,99.47999954
Central America,Accessories,Standard Class,4,COMPLETE,39,974.60999103,338.029997816
Central America,Accessories,Standard Class,4,ON_HOLD,4,99.95999908,33.48999977
Central America,Accessories,Standard Class,4,PAYMENT_REVIEW,1,24.98999977,2.5
Central America,Accessories,Standard Class,4,PENDING,2,49.97999954,12.0
Central America,Accessories,Standard Class,4,PENDING_PAYMENT,17,424.82999609,123.45999908
Central America,Accessories,Standard Class,4,PROCESSING,8,199.91999816,77.08999919600001
Central America,As Seen on  TV!,Same Day,0,CLOSED,1,99.98999786,9.0
Central America,As Seen on  TV!,Second Class,2,PENDING,1,99.98999786,50.0
Central America,As Seen on  TV!,Second Class,2,PENDING_PAYMENT,1,99.98999786,84.98999786
Central America,As Seen on  TV!,Standard Class,4,CLOSED,2,199.97999572,83.98999786
Central America,As Seen on  TV!,Standard Class,4,COMPLETE,2,199.97999572,24.0
Central America,As Seen on  TV!,Standard Class,4,PENDING_PAYMENT,1,99.98999786,35.0
Central America,As Seen on  TV!,Standard Class,4,PROCESSING,1,99.98999786,20.0
Central America,Baseball & Softball,First Class,1,CLOSED,1,59.99000168,15.0
Central America,Baseball & Softball,First Class,1,COMPLETE,2,69.98000336,36.73999977
Central America,Baseball & Softball,First Class,1,ON_HOLD,1,59.99000168,59.99000168
Central America,Baseball & Softball,First Class,1,PENDING,1,59.99000168,6.0
Central America,Baseball & Softball,First Class,1,PENDING_PAYMENT,4,189.96000672,36.749999762
Central America,Baseball & Softball,Same Day,0,ON_HOLD,1,34.99000168,8.75
Central America,Baseball & Softball,Same Day,0,PENDING_PAYMENT,2,119.98000336,83.389997479
Central America,Baseball & Softball,Second Class,2,CLOSED,2,119.98000336,12.0
Central America,Baseball & Softball,Second Class,2,COMPLETE,4,339.96001054,91.590001348
Central America,Baseball & Softball,Second Class,2,ON_HOLD,2,69.98000336,7.000000239
Central America,Baseball & Softball,Second Class,2,PENDING,2,119.98000336,25.200000048
Central America,Baseball & Softball,Second Class,2,PENDING_PAYMENT,3,129.97000504,45.19000053
Central America,Baseball & Softball,Second Class,2,PROCESSING,2,69.98000336,57.73000145
Central America,Baseball & Softball,Standard Class,4,CANCELED,1,59.99000168,31.19000053
Central America,Baseball & Softball,Standard Class,4,CLOSED,6,484.94001772,55.74000096799999
Central America,Baseball & Softball,Standard Class,4,COMPLETE,13,1179.87004094,239.1799984
Central America,Baseball & Softball,Standard Class,4,ON_HOLD,3,154.97000504,40.199999809000005
Central America,Baseball & Softball,Standard Class,4,PENDING,4,189.96000672,33.100000381
Central America,Baseball & Softball,Standard Class,4,PENDING_PAYMENT,5,324.95001222,60.19999981
Central America,Baseball & Softball,Standard Class,4,PROCESSING,4,189.96000672,60.130000111
Central America,Boxing & MMA,First Class,1,CLOSED,1,54.97000122,27.48999977
Central America,Boxing & MMA,First Class,1,COMPLETE,1,54.97000122,29.68000031
Central America,Boxing & MMA,First Class,1,PENDING,1,54.97000122,4.400000095
Central America,Boxing & MMA,First Class,1,PENDING_PAYMENT,3,164.91000366,45.61999988
Central America,Boxing & MMA,Same Day,0,CLOSED,1,89.98999786,67.48999786
Central America,Boxing & MMA,Same Day,0,PENDING_PAYMENT,1,54.97000122,8.25
Central America,Boxing & MMA,Second Class,2,COMPLETE,5,309.87000274,85.680001261
Central America,Boxing & MMA,Second Class,2,ON_HOLD,3,204.9300003,64.549999235
Central America,Boxing & MMA,Second Class,2,PAYMENT_REVIEW,2,109.94000244,28.57999992
Central America,Boxing & MMA,Second Class,2,PENDING_PAYMENT,1,89.98999786,27.0
Central America,Boxing & MMA,Standard Class,4,CLOSED,1,54.97000122,17.59000015
Central America,Boxing & MMA,Standard Class,4,COMPLETE,13,1024.76998898,225.220001457
Central America,Boxing & MMA,Standard Class,4,ON_HOLD,1,54.97000122,14.84000015
Central America,Boxing & MMA,Standard Class,4,PENDING,2,149.95999908,6.249999821
Central America,Boxing & MMA,Standard Class,4,PENDING_PAYMENT,3,244.94999694,19.139999865
Central America,Boxing & MMA,Standard Class,4,PROCESSING,2,144.95999908,44.800000191
Central America,Camping & Hiking,First Class,1,CANCELED,1,299.980011,54.0
Central America,Camping & Hiking,First Class,1,CLOSED,25,7499.500274999999,910.5
Central America,Camping & Hiking,First Class,1,COMPLETE,98,29398.041078,2848.5
Central America,Camping & Hiking,First Class,1,ON_HOLD,16,4799.680176,426.0
Central America,Camping & Hiking,First Class,1,PENDING,18,5399.640198,532.5
Central America,Camping & Hiking,First Class,1,PENDING_PAYMENT,65,19498.700715,2146.5
Central America,Camping & Hiking,First Class,1,PROCESSING,15,4499.700165,417.0
Central America,Camping & Hiking,First Class,1,SUSPECTED_FRAUD,3,899.940033,57.0
Central America,Camping & Hiking,Same Day,0,CLOSED,7,2099.860077,237.0
Central America,Camping & Hiking,Same Day,0,COMPLETE,29,8699.420318999999,759.0
Central America,Camping & Hiking,Same Day,0,ON_HOLD,3,899.940033,114.0
Central America,Camping & Hiking,Same Day,0,PAYMENT_REVIEW,1,299.980011,60.0
Central America,Camping & Hiking,Same Day,0,PENDING,6,1799.880066,175.5
Central America,Camping & Hiking,Same Day,0,PENDING_PAYMENT,7,2099.860077,240.0
Central America,Camping & Hiking,Same Day,0,PROCESSING,4,1199.920044,183.0
Central America,Camping & Hiking,Second Class,2,CLOSED,40,11999.20044,1290.0
Central America,Camping & Hiking,Second Class,2,COMPLETE,110,32997.80121,3804.0
Central America,Camping & Hiking,Second Class,2,ON_HOLD,21,6299.580231,474.0
Central America,Camping & Hiking,Second Class,2,PAYMENT_REVIEW,7,2099.860077,142.5
Central America,Camping & Hiking,Second Class,2,PENDING,9,2699.820099,325.5
Central America,Camping & Hiking,Second Class,2,PENDING_PAYMENT,75,22498.500825,2586.0
Central America,Camping & Hiking,Second Class,2,PROCESSING,17,5099.660187,474.0
Central America,Camping & Hiking,Second Class,2,SUSPECTED_FRAUD,7,2099.860077,211.5
Central America,Camping & Hiking,Standard Class,4,CANCELED,5,1499.900055,174.0
Central America,Camping & Hiking,Standard Class,4,CLOSED,123,36897.541353,3832.5
Central America,Camping & Hiking,Standard Class,4,COMPLETE,372,111592.564092,11778.0
Central America,Camping & Hiking,Standard Class,4,ON_HOLD,64,19198.720704,2140.5
Central America,Camping & Hiking,Standard Class,4,PAYMENT_REVIEW,8,2399.840088,342.0
Central America,Camping & Hiking,Standard Class,4,PENDING,42,12599.160462,1402.5
Central America,Camping & Hiking,Standard Class,4,PENDING_PAYMENT,192,57596.162112,5614.5
Central America,Camping & Hiking,Standard Class,4,PROCESSING,54,16198.920594,1558.5
Central America,Camping & Hiking,Standard Class,4,SUSPECTED_FRAUD,11,3299.780121,409.5
Central America,Cardio Equipment,First Class,1,CANCELED,1,99.98999786,2.0
Central America,Cardio Equipment,First Class,1,CLOSED,31,3029.6999358000003,1165.489984481
Central America,Cardio Equipment,First Class,1,COMPLETE,85,8499.1498181,2720.29997256
Central America,Cardio Equipment,First Class,1,ON_HOLD,10,999.8999786,334.97999576
Central America,Cardio Equipment,First Class,1,PAYMENT_REVIEW,3,299.96999358,53.0
Central America,Cardio Equipment,First Class,1,PENDING,18,1799.81996148,529.9699974
Central America,Cardio Equipment,First Class,1,PENDING_PAYMENT,57,5699.42987802,1900.33000186
Central America,Cardio Equipment,First Class,1,PROCESSING,15,1499.8499679,283.99000168
Central America,Cardio Equipment,First Class,1,SUSPECTED_FRAUD,3,299.96999358,55.0
Central America,Cardio Equipment,Same Day,0,CLOSED,9,829.91998288,185.49000168
Central America,Cardio Equipment,Same Day,0,COMPLETE,12,1199.87997432,193.0
Central America,Cardio Equipment,Same Day,0,ON_HOLD,4,329.96999358,107.48999786
Central America,Cardio Equipment,Same Day,0,PAYMENT_REVIEW,1,99.98999786,45.0
Central America,Cardio Equipment,Same Day,0,PENDING_PAYMENT,14,1329.86997218,362.68999767
Central America,Cardio Equipment,Same Day,0,PROCESSING,1,99.98999786,36.0
Central America,Cardio Equipment,Second Class,2,CANCELED,3,229.97999572,48.0
Central America,Cardio Equipment,Second Class,2,CLOSED,29,2899.70993794,763.47999572
Central America,Cardio Equipment,Second Class,2,COMPLETE,107,10348.97978172,3233.689970356
Central America,Cardio Equipment,Second Class,2,ON_HOLD,23,2229.77995292,665.4399948
Central America,Cardio Equipment,Second Class,2,PAYMENT_REVIEW,6,599.93998716,212.97999572
Central America,Cardio Equipment,Second Class,2,PENDING,14,1399.85997004,535.9599914400001
Central America,Cardio Equipment,Second Class,2,PENDING_PAYMENT,61,5959.40987374,1858.969987405
Central America,Cardio Equipment,Second Class,2,PROCESSING,10,999.8999786,256.9899979
Central America,Cardio Equipment,Standard Class,4,CANCELED,14,1399.85997004,583.9399909800001
Central America,Cardio Equipment,Standard Class,4,CLOSED,111,10888.91976888,3433.069985351
Central America,Cardio Equipment,Standard Class,4,COMPLETE,279,27477.26941578,7998.819946934
Central America,Cardio Equipment,Standard Class,4,ON_HOLD,46,4459.55990584,1238.509992145
Central America,Cardio Equipment,Standard Class,4,PAYMENT_REVIEW,6,599.93998716,76.0
Central America,Cardio Equipment,Standard Class,4,PENDING,63,6229.37986732,2312.199968756
Central America,Cardio Equipment,Standard Class,4,PENDING_PAYMENT,136,13388.66971538,3798.899980896
Central America,Cardio Equipment,Standard Class,4,PROCESSING,71,7029.2998502,2416.7699928
Central America,Cardio Equipment,Standard Class,4,SUSPECTED_FRAUD,13,1299.86997218,407.97000122
Central America,Cleats,First Class,1,CANCELED,2,119.98000336,79.18000031
Central America,Cleats,First Class,1,CLOSED,47,2819.53007896,1006.090003368
Central America,Cleats,First Class,1,COMPLETE,158,9478.42026544,2830.170019212
Central America,Cleats,First Class,1,ON_HOLD,16,959.84002688,311.660004264
Central America,Cleats,First Class,1,PAYMENT_REVIEW,4,239.96000672,73.790001871
Central America,Cleats,First Class,1,PENDING,30,1799.7000504,543.540004613
Central America,Cleats,First Class,1,PENDING_PAYMENT,115,6898.8501932,2128.270025159
Central America,Cleats,First Class,1,PROCESSING,21,1259.79003528,358.75000478
Central America,Cleats,First Class,1,SUSPECTED_FRAUD,6,359.94001008,116.08999824
Central America,Cleats,Same Day,0,CLOSED,9,539.91001512,196.780003075
Central America,Cleats,Same Day,0,COMPLETE,58,3479.42009744,1183.020017875
Central America,Cleats,Same Day,0,ON_HOLD,9,539.91001512,139.780002591
Central America,Cleats,Same Day,0,PAYMENT_REVIEW,3,179.97000504,53.990000721
Central America,Cleats,Same Day,0,PENDING,4,239.96000672,35.699999334
Central America,Cleats,Same Day,0,PENDING_PAYMENT,26,1559.74004368,543.520006311
Central America,Cleats,Same Day,0,PROCESSING,6,359.94001008,128.970004921
Central America,Cleats,Second Class,2,CANCELED,1,59.99000168,35.99000168
Central America,Cleats,Second Class,2,CLOSED,63,3779.37010584,1082.580012813
Central America,Cleats,Second Class,2,COMPLETE,225,13497.750378,4230.980047268
Central America,Cleats,Second Class,2,ON_HOLD,47,2819.53007896,840.520015604
Central America,Cleats,Second Class,2,PAYMENT_REVIEW,12,719.88002016,223.170004135
Central America,Cleats,Second Class,2,PENDING,15,899.8500252,257.989996442
Central America,Cleats,Second Class,2,PENDING_PAYMENT,112,6718.88018816,2334.330019482
Central America,Cleats,Second Class,2,PROCESSING,24,1439.76004032,473.059999826
Central America,Cleats,Second Class,2,SUSPECTED_FRAUD,1,59.99000168,9.0
Central America,Cleats,Standard Class,4,CANCELED,16,959.84002688,344.360005854
Central America,Cleats,Standard Class,4,CLOSED,202,12117.98033936,3725.580031788
Central America,Cleats,Standard Class,4,COMPLETE,579,34734.21097272,10095.960122535
Central America,Cleats,Standard Class,4,ON_HOLD,81,4859.19013608,1512.720013633
Central America,Cleats,Standard Class,4,PAYMENT_REVIEW,11,659.89001848,129.300001141
Central America,Cleats,Standard Class,4,PENDING,107,6418.93017976,2304.000028177
Central America,Cleats,Standard Class,4,PENDING_PAYMENT,249,14937.51041832,4288.72003939
Central America,Cleats,Standard Class,4,PROCESSING,119,7138.81019992,2418.600029023
Central America,Cleats,Standard Class,4,SUSPECTED_FRAUD,19,1139.81003192,324.560003171
Central America,Electronics,First Class,1,CLOSED,6,251.94000435,114.980000491
Central America,Electronics,First Class,1,COMPLETE,19,717.810009,335.450004351
Central America,Electronics,First Class,1,ON_HOLD,6,232.94000435,30.419999602
Central America,Electronics,First Class,1,PAYMENT_REVIEW,1,47.99000168,10.56000042
Central America,Electronics,First Class,1,PENDING,7,267.93000412,124.860001326
Central America,Electronics,First Class,1,PENDING_PAYMENT,13,486.87000656,133.770003027
Central America,Electronics,First Class,1,PROCESSING,5,180.95000267,16.299999833
Central America,Electronics,First Class,1,SUSPECTED_FRAUD,2,79.98000145,20.160000804000003
Central America,Electronics,Same Day,0,CLOSED,4,172.96000481,46.240000367
Central America,Electronics,Same Day,0,COMPLETE,3,104.97000122,6.929999887999999
Central America,Electronics,Same Day,0,ON_HOLD,1,44.99000168,5.849999905
Central America,Electronics,Same Day,0,PENDING_PAYMENT,1,51.99000168,23.39999962
Central America,Electronics,Same Day,0,PROCESSING,2,103.98000336,62.38000106
Central America,Electronics,Second Class,2,CLOSED,7,299.93000603,117.099997519
Central America,Electronics,Second Class,2,COMPLETE,26,1009.74001503,270.280003177
Central America,Electronics,Second Class,2,ON_HOLD,9,355.91000557,113.019999746
Central America,Electronics,Second Class,2,PENDING_PAYMENT,10,377.90000534,117.30000008
Central America,Electronics,Second Class,2,PROCESSING,1,44.99000168,33.74000168
Central America,Electronics,Second Class,2,SUSPECTED_FRAUD,1,51.99000168,6.239999771
Central America,Electronics,Standard Class,4,CANCELED,2,92.98000336,8.159999788
Central America,Electronics,Standard Class,4,CLOSED,16,635.84000969,175.580001175
Central America,Electronics,Standard Class,4,COMPLETE,71,3011.29006771,919.790010298
Central America,Electronics,Standard Class,4,ON_HOLD,10,448.90001107,96.550000852
Central America,Electronics,Standard Class,4,PENDING,16,610.84000969,251.690001483
Central America,Electronics,Standard Class,4,PENDING_PAYMENT,33,1324.67002297,398.950000451
Central America,Electronics,Standard Class,4,PROCESSING,14,542.86000824,101.220001877
Central America,Electronics,Standard Class,4,SUSPECTED_FRAUD,1,31.98999977,1.600000024
Central America,Fishing,First Class,1,CANCELED,1,399.980011,8.0
Central America,Fishing,First Class,1,CLOSED,21,8399.580231,764.0
Central America,Fishing,First Class,1,COMPLETE,44,17599.120484,1768.0
Central America,Fishing,First Class,1,ON_HOLD,6,2399.880066,424.0
Central America,Fishing,First Class,1,PAYMENT_REVIEW,2,799.960022,4.0
Central America,Fishing,First Class,1,PENDING,5,1999.900055,130.0
Central America,Fishing,First Class,1,PENDING_PAYMENT,49,19599.020539,2240.0
Central America,Fishing,First Class,1,PROCESSING,13,5199.740143,586.0
Central America,Fishing,First Class,1,SUSPECTED_FRAUD,1,399.980011,12.0
Central America,Fishing,Same Day,0,CANCELED,1,399.980011,80.0
Central America,Fishing,Same Day,0,CLOSED,6,2399.880066,208.0
Central America,Fishing,Same Day,0,COMPLETE,22,8799.560242,996.0
Central America,Fishing,Same Day,0,ON_HOLD,9,3599.820099,406.0
Central America,Fishing,Same Day,0,PAYMENT_REVIEW,1,399.980011,0.0
Central America,Fishing,Same Day,0,PENDING_PAYMENT,11,4399.780121,422.0
Central America,Fishing,Second Class,2,CLOSED,18,7199.640198,658.0
Central America,Fishing,Second Class,2,COMPLETE,80,31998.40088,2860.0
Central America,Fishing,Second Class,2,ON_HOLD,17,6799.660187,840.0
Central America,Fishing,Second Class,2,PENDING,5,1999.900055,148.0
Central America,Fishing,Second Class,2,PENDING_PAYMENT,39,15599.220429,1514.0
Central America,Fishing,Second Class,2,PROCESSING,10,3999.80011,426.0
Central America,Fishing,Standard Class,4,CANCELED,4,1599.920044,88.0
Central America,Fishing,Standard Class,4,CLOSED,54,21598.920594,1564.0
Central America,Fishing,Standard Class,4,COMPLETE,246,98395.082706,9976.0
Central America,Fishing,Standard Class,4,ON_HOLD,41,16399.180451,1692.0
Central America,Fishing,Standard Class,4,PAYMENT_REVIEW,3,1199.940033,172.0
Central America,Fishing,Standard Class,4,PENDING,22,8799.560242,844.0
Central America,Fishing,Standard Class,4,PENDING_PAYMENT,113,45197.741243,4348.0
Central America,Fishing,Standard Class,4,PROCESSING,14,5599.720154,494.0
Central America,Fishing,Standard Class,4,SUSPECTED_FRAUD,7,2799.860077,396.0
Central America,Fitness Accessories,First Class,1,COMPLETE,1,34.99000168,13.64999962
Central America,Fitness Accessories,First Class,1,ON_HOLD,1,34.99000168,7.349999905
Central America,Fitness Accessories,First Class,1,PENDING,1,34.99000168,10.5
Central America,Fitness Accessories,First Class,1,PROCESSING,1,34.99000168,0.0
Central America,Fitness Accessories,Same Day,0,COMPLETE,1,34.99000168,2.450000048
Central America,Fitness Accessories,Same Day,0,ON_HOLD,1,34.99000168,1.919999957
Central America,Fitness Accessories,Second Class,2,CLOSED,1,34.99000168,0.699999988
Central America,Fitness Accessories,Second Class,2,COMPLETE,3,104.97000504,48.98999882
Central America,Fitness Accessories,Second Class,2,ON_HOLD,1,34.99000168,25.19000053
Central America,Fitness Accessories,Second Class,2,PENDING_PAYMENT,2,69.98000336,8.75
Central America,Fitness Accessories,Standard Class,4,CLOSED,3,104.97000504,21.35000038
Central America,Fitness Accessories,Standard Class,4,COMPLETE,9,314.91001512,80.480000915
Central America,Fitness Accessories,Standard Class,4,ON_HOLD,2,69.98000336,18.199999988
Central America,Fitness Accessories,Standard Class,4,PAYMENT_REVIEW,1,34.99000168,26.23999977
Central America,Fitness Accessories,Standard Class,4,PENDING_PAYMENT,1,34.99000168,16.79999924
Central America,Girls' Apparel,First Class,1,CLOSED,4,119.99000168,64.289999782
Central America,Girls' Apparel,First Class,1,COMPLETE,10,499.99000168,158.990000731
Central America,Girls' Apparel,First Class,1,ON_HOLD,1,30.0,1.200000048
Central America,Girls' Apparel,First Class,1,PENDING,2,95.0,6.099999905
Central America,Girls' Apparel,First Class,1,PENDING_PAYMENT,4,124.99000168,42.73999977
Central America,Girls' Apparel,Same Day,0,CLOSED,1,39.99000168,6.0
Central America,Girls' Apparel,Same Day,0,COMPLETE,1,70.0,14.0
Central America,Girls' Apparel,Same Day,0,PENDING,1,70.0,9.800000191
Central America,Girls' Apparel,Same Day,0,PENDING_PAYMENT,2,64.99000168,5.950000048
Central America,Girls' Apparel,Second Class,2,CLOSED,4,144.97000504,15.349999667
Central America,Girls' Apparel,Second Class,2,COMPLETE,12,434.98000336,88.499999642
Central America,Girls' Apparel,Second Class,2,ON_HOLD,3,139.99000168,51.900000571
Central America,Girls' Apparel,Second Class,2,PAYMENT_REVIEW,1,30.0,1.649999976
Central America,Girls' Apparel,Second Class,2,PENDING_PAYMENT,10,329.96000672,141.090002061
Central America,Girls' Apparel,Second Class,2,PROCESSING,4,164.99000168,42.369999765
Central America,Girls' Apparel,Standard Class,4,CANCELED,1,70.0,14.0
Central America,Girls' Apparel,Standard Class,4,CLOSED,13,594.98000336,103.700000701
Central America,Girls' Apparel,Standard Class,4,COMPLETE,21,929.92001344,205.929999713
Central America,Girls' Apparel,Standard Class,4,ON_HOLD,2,100.0,4.5
Central America,Girls' Apparel,Standard Class,4,PAYMENT_REVIEW,1,25.0,3.0
Central America,Girls' Apparel,Standard Class,4,PENDING,5,199.99000168,19.80000031
Central America,Girls' Apparel,Standard Class,4,PENDING_PAYMENT,14,549.97000504,123.000001307
Central America,Girls' Apparel,Standard Class,4,PROCESSING,9,464.96000672,134.680001258
Central America,Girls' Apparel,Standard Class,4,SUSPECTED_FRAUD,2,100.0,38.89999962
Central America,Golf Apparel,First Class,1,CLOSED,1,19.98999977,1.200000048
Central America,Golf Apparel,First Class,1,COMPLETE,2,39.97999954,2.799999952
Central America,Golf Apparel,First Class,1,ON_HOLD,1,129.9900055,13.0
Central America,Golf Apparel,First Class,1,PENDING,2,249.9800034,15.699999572
Central America,Golf Apparel,First Class,1,PENDING_PAYMENT,5,509.94999897,35.000000476000004
Central America,Golf Apparel,Same Day,0,COMPLETE,2,39.97999954,8.400000096
Central America,Golf Apparel,Same Day,0,PENDING,1,19.98999977,13.59000015
Central America,Golf Apparel,Same Day,0,PROCESSING,1,19.98999977,15.98999977
Central America,Golf Apparel,Second Class,2,CLOSED,3,259.96999557000004,23.20000076
Central America,Golf Apparel,Second Class,2,COMPLETE,11,649.89001279,70.789999024
Central America,Golf Apparel,Second Class,2,ON_HOLD,1,19.98999977,10.0
Central America,Golf Apparel,Second Class,2,PENDING_PAYMENT,1,19.98999977,4.0
Central America,Golf Apparel,Second Class,2,PROCESSING,1,129.9900055,3.900000095
Central America,Golf Apparel,Second Class,2,SUSPECTED_FRAUD,1,129.9900055,0.0
Central America,Golf Apparel,Standard Class,4,CLOSED,5,309.95000271,59.200000048
Central America,Golf Apparel,Standard Class,4,COMPLETE,13,779.87000286,95.689999937
Central America,Golf Apparel,Standard Class,4,ON_HOLD,4,179.95999721,39.189999966
Central America,Golf Apparel,Standard Class,4,PAYMENT_REVIEW,2,249.9800034,15.700000285999998
Central America,Golf Apparel,Standard Class,4,PENDING,3,169.97000504,12.69999981
Central America,Golf Apparel,Standard Class,4,PENDING_PAYMENT,6,219.93999675,27.699999928
Central America,Golf Apparel,Standard Class,4,PROCESSING,8,369.92000202,29.10000059
Central America,Golf Apparel,Standard Class,4,SUSPECTED_FRAUD,1,19.98999977,5.400000095
Central America,Golf Bags & Carts,First Class,1,CLOSED,1,169.9900055,1.700000048
Central America,Golf Bags & Carts,First Class,1,COMPLETE,2,339.980011,45.89999962
Central America,Golf Bags & Carts,First Class,1,PENDING,1,169.9900055,42.5
Central America,Golf Bags & Carts,First Class,1,PENDING_PAYMENT,1,169.9900055,1.700000048
Central America,Golf Bags & Carts,Second Class,2,COMPLETE,1,169.9900055,28.89999962
Central America,Golf Bags & Carts,Second Class,2,PENDING,1,169.9900055,17.0
Central America,Golf Bags & Carts,Second Class,2,PENDING_PAYMENT,1,169.9900055,9.350000381
Central America,Golf Bags & Carts,Standard Class,4,CLOSED,1,169.9900055,34.0
Central America,Golf Bags & Carts,Standard Class,4,COMPLETE,3,509.9700165,47.599999905
Central America,Golf Bags & Carts,Standard Class,4,PENDING,2,339.980011,15.300000191
Central America,Golf Balls,First Class,1,CANCELED,1,14.98999977,0.0
Central America,Golf Balls,First Class,1,CLOSED,4,65.95999908,5.100000143
Central America,Golf Balls,First Class,1,COMPLETE,11,195.88999747,46.449999807
Central America,Golf Balls,First Class,1,ON_HOLD,2,29.97999954,10.18999958
Central America,Golf Balls,First Class,1,PAYMENT_REVIEW,1,19.98999977,16.98999977
Central America,Golf Balls,First Class,1,PENDING,3,55.969999310000006,16.100000143
Central America,Golf Balls,First Class,1,PENDING_PAYMENT,5,87.94999885,22.940000056
Central America,Golf Balls,First Class,1,PROCESSING,5,79.94999885,20.439999819
Central America,Golf Balls,Same Day,0,CLOSED,1,14.98999977,12.73999977
Central America,Golf Balls,Same Day,0,COMPLETE,3,44.969999310000006,5.849999964
Central America,Golf Balls,Same Day,0,PENDING,1,14.98999977,5.400000095
Central America,Golf Balls,Same Day,0,PENDING_PAYMENT,3,50.969999310000006,10.170000077
Central America,Golf Balls,Second Class,2,CLOSED,2,32.97999954,14.689999818
Central America,Golf Balls,Second Class,2,COMPLETE,12,208.87999724,34.819999993
Central America,Golf Balls,Second Class,2,ON_HOLD,2,35.97999954,0.180000007
Central America,Golf Balls,Second Class,2,PENDING,5,83.94999885,9.360000312
Central America,Golf Balls,Second Class,2,PENDING_PAYMENT,8,130.91999816,45.589999676
Central America,Golf Balls,Second Class,2,PROCESSING,4,67.95999908,12.030000031
Central America,Golf Balls,Standard Class,4,CANCELED,5,80.94999885,24.289999724
Central America,Golf Balls,Standard Class,4,CLOSED,8,139.91999816,31.240000365
Central America,Golf Balls,Standard Class,4,COMPLETE,41,704.58999057,246.269999965
Central America,Golf Balls,Standard Class,4,ON_HOLD,3,52.969999310000006,20.089999913
Central America,Golf Balls,Standard Class,4,PAYMENT_REVIEW,4,62.95999908,19.94999981
Central America,Golf Balls,Standard Class,4,PENDING,8,130.91999816,46.829999713
Central America,Golf Balls,Standard Class,4,PENDING_PAYMENT,26,439.73999402,122.340000056
Central America,Golf Balls,Standard Class,4,PROCESSING,13,210.86999701,56.639999418
Central America,Golf Balls,Standard Class,4,SUSPECTED_FRAUD,2,34.97999954,23.079999923000003
Central America,Golf Gloves,First Class,1,CLOSED,3,74.970001221,35.679999589
Central America,Golf Gloves,First Class,1,COMPLETE,12,1259.8800278,137.689999818
Central America,Golf Gloves,First Class,1,PENDING,2,89.979997631,65.49000168
Central America,Golf Gloves,First Class,1,PENDING_PAYMENT,3,144.96999931,92.23999786
Central America,Golf Gloves,First Class,1,PROCESSING,3,89.970003131,23.600000855
Central America,Golf Gloves,Same Day,0,CLOSED,3,229.970006951,14.900000096
Central America,Golf Gloves,Same Day,0,COMPLETE,4,534.96000863,79.289999722
Central America,Golf Gloves,Same Day,0,PENDING,1,39.99000168,16.0
Central America,Golf Gloves,Same Day,0,PENDING_PAYMENT,3,104.97000313,26.389999687
Central America,Golf Gloves,Same Day,0,PROCESSING,2,259.98000336,13.599999904
Central America,Golf Gloves,Second Class,2,CLOSED,6,164.94000435200002,35.289999369
Central America,Golf Gloves,Second Class,2,COMPLETE,9,419.910005573,117.280000682
Central America,Golf Gloves,Second Class,2,ON_HOLD,3,229.970006951,29.789999723
Central America,Golf Gloves,Second Class,2,PENDING,1,24.98999977,6.5
Central America,Golf Gloves,Second Class,2,PENDING_PAYMENT,5,294.950008401,30.689999581
Central America,Golf Gloves,Second Class,2,PROCESSING,3,74.970001221,20.48999977
Central America,Golf Gloves,Second Class,2,SUSPECTED_FRAUD,2,119.97999954,23.600000381
Central America,Golf Gloves,Standard Class,4,CANCELED,1,24.98999977,14.98999977
Central America,Golf Gloves,Standard Class,4,CLOSED,9,954.910015121,97.780002174
Central America,Golf Gloves,Standard Class,4,COMPLETE,29,1634.71003536,281.990003703
Central America,Golf Gloves,Standard Class,4,ON_HOLD,6,314.940004354,41.759999663
Central America,Golf Gloves,Standard Class,4,PENDING,12,764.880018254,137.72000381499998
Central America,Golf Gloves,Standard Class,4,PENDING_PAYMENT,19,1344.810026196,255.640002487
Central America,Golf Gloves,Standard Class,4,PROCESSING,15,579.850000375,161.899999974
Central America,Golf Gloves,Standard Class,4,SUSPECTED_FRAUD,4,324.960006721,67.839999794
Central America,Golf Shoes,First Class,1,CANCELED,1,65.0,55.25
Central America,Golf Shoes,First Class,1,CLOSED,2,173.0,18.620000362
Central America,Golf Shoes,First Class,1,COMPLETE,8,699.0,261.339999916
Central America,Golf Shoes,First Class,1,ON_HOLD,1,80.0,2.400000095
Central America,Golf Shoes,First Class,1,PENDING,1,100.0,36.0
Central America,Golf Shoes,First Class,1,PENDING_PAYMENT,3,238.0,34.650000095
Central America,Golf Shoes,First Class,1,PROCESSING,1,65.0,5.849999905
Central America,Golf Shoes,Same Day,0,CANCELED,1,65.0,39.0
Central America,Golf Shoes,Same Day,0,COMPLETE,1,100.0,2.0
Central America,Golf Shoes,Same Day,0,PENDING,2,145.0,22.5
Central America,Golf Shoes,Same Day,0,PENDING_PAYMENT,1,108.0,1.080000043
Central America,Golf Shoes,Same Day,0,SUSPECTED_FRAUD,1,108.0,4.320000172
Central America,Golf Shoes,Second Class,2,CLOSED,1,65.0,8.449999809
Central America,Golf Shoes,Second Class,2,COMPLETE,7,576.0,157.559998031
Central America,Golf Shoes,Second Class,2,ON_HOLD,3,238.0,20.240000247
Central America,Golf Shoes,Second Class,2,PAYMENT_REVIEW,1,100.0,21.0
Central America,Golf Shoes,Second Class,2,PENDING,1,65.0,3.579999924
Central America,Golf Shoes,Second Class,2,PENDING_PAYMENT,4,338.0,106.65000152
Central America,Golf Shoes,Second Class,2,SUSPECTED_FRAUD,1,80.0,12.80000019
Central America,Golf Shoes,Standard Class,4,CANCELED,2,130.0,24.04999924
Central America,Golf Shoes,Standard Class,4,CLOSED,4,353.0,37.19999981
Central America,Golf Shoes,Standard Class,4,COMPLETE,25,1877.0,475.02000141
Central America,Golf Shoes,Standard Class,4,ON_HOLD,3,230.0,106.25
Central America,Golf Shoes,Standard Class,4,PENDING,8,698.0,252.460000752
Central America,Golf Shoes,Standard Class,4,PENDING_PAYMENT,14,1132.0,189.270001053
Central America,Golf Shoes,Standard Class,4,PROCESSING,11,795.0,354.400000569
Central America,Hockey,First Class,1,CLOSED,1,22.0,7.039999962
Central America,Hockey,First Class,1,COMPLETE,9,213.0,50.930000188
Central America,Hockey,First Class,1,PENDING,1,25.0,3.75
Central America,Hockey,First Class,1,PENDING_PAYMENT,5,116.0,37.420000434
Central America,Hockey,First Class,1,PROCESSING,6,144.0,46.729999539000005
Central America,Hockey,Same Day,0,COMPLETE,3,69.0,13.100000265
Central America,Hockey,Same Day,0,PENDING,2,47.0,10.869999886
Central America,Hockey,Same Day,0,PENDING_PAYMENT,1,22.0,1.980000019
Central America,Hockey,Same Day,0,PROCESSING,1,25.0,7.0
Central America,Hockey,Second Class,2,CANCELED,1,22.0,10.56000042
Central America,Hockey,Second Class,2,CLOSED,1,25.0,1.0
Central America,Hockey,Second Class,2,COMPLETE,3,69.0,18.340000148
Central America,Hockey,Second Class,2,ON_HOLD,1,25.0,1.25
Central America,Hockey,Second Class,2,PENDING,2,50.0,28.5
Central America,Hockey,Second Class,2,PROCESSING,2,47.0,9.050000191
Central America,Hockey,Second Class,2,SUSPECTED_FRAUD,1,22.0,11.22000027
Central America,Hockey,Standard Class,4,CANCELED,2,47.0,1.789999962
Central America,Hockey,Standard Class,4,CLOSED,9,219.0,121.400000095
Central America,Hockey,Standard Class,4,COMPLETE,14,320.0,63.319999874
Central America,Hockey,Standard Class,4,ON_HOLD,3,69.0,23.300000072
Central America,Hockey,Standard Class,4,PENDING,5,119.0,33.03000021
Central America,Hockey,Standard Class,4,PENDING_PAYMENT,11,260.0,79.580000043
Central America,Hockey,Standard Class,4,PROCESSING,2,44.0,14.409999848
Central America,Hockey,Standard Class,4,SUSPECTED_FRAUD,2,50.0,22.75
Central America,Hunting & Shooting,First Class,1,CLOSED,1,149.9900055,30.0
Central America,Hunting & Shooting,First Class,1,COMPLETE,1,29.98999977,19.48999977
Central America,Hunting & Shooting,First Class,1,PENDING,1,29.98999977,10.80000019
Central America,Hunting & Shooting,First Class,1,PENDING_PAYMENT,2,248.9900055,38.49000001
Central America,Hunting & Shooting,Same Day,0,CLOSED,1,29.98999977,2.700000048
Central America,Hunting & Shooting,Same Day,0,COMPLETE,2,59.97999954,34.48999977
Central America,Hunting & Shooting,Same Day,0,PAYMENT_REVIEW,2,59.97999954,4.799999952
Central America,Hunting & Shooting,Same Day,0,PENDING_PAYMENT,1,99.0,0.0
Central America,Hunting & Shooting,Second Class,2,COMPLETE,4,188.96999931,85.249998803
Central America,Hunting & Shooting,Second Class,2,ON_HOLD,1,29.98999977,2.400000095
Central America,Hunting & Shooting,Second Class,2,PENDING_PAYMENT,4,119.95999908,27.0
Central America,Hunting & Shooting,Standard Class,4,CLOSED,4,308.97000504,36.869999649
Central America,Hunting & Shooting,Standard Class,4,COMPLETE,7,518.94001008,202.63999939
Central America,Hunting & Shooting,Standard Class,4,ON_HOLD,1,29.98999977,5.099999905
Central America,Hunting & Shooting,Standard Class,4,PENDING,3,278.98000527,98.09999847
Central America,Hunting & Shooting,Standard Class,4,PENDING_PAYMENT,8,359.92000389000003,109.319999691
Central America,Hunting & Shooting,Standard Class,4,PROCESSING,1,149.9900055,25.5
Central America,Kids' Golf Clubs,First Class,1,CLOSED,2,199.8999939,61.97000122
Central America,Kids' Golf Clubs,First Class,1,COMPLETE,2,199.93999476,31.98999977
Central America,Kids' Golf Clubs,First Class,1,ON_HOLD,1,199.0,10.94999981
Central America,Kids' Golf Clubs,First Class,1,PENDING,2,199.93999476,30.800000191
Central America,Kids' Golf Clubs,First Class,1,PENDING_PAYMENT,1,199.0,7.960000038
Central America,Kids' Golf Clubs,Same Day,0,COMPLETE,1,199.0,49.75
Central America,Kids' Golf Clubs,Same Day,0,PENDING_PAYMENT,1,99.94999695,11.98999977
Central America,Kids' Golf Clubs,Second Class,2,COMPLETE,3,399.93000026,50.69000149
Central America,Kids' Golf Clubs,Second Class,2,PENDING_PAYMENT,1,199.0,35.8199997
Central America,Kids' Golf Clubs,Standard Class,4,CLOSED,1,199.0,23.87999916
Central America,Kids' Golf Clubs,Standard Class,4,COMPLETE,12,1627.65998817,174.449999087
Central America,Kids' Golf Clubs,Standard Class,4,ON_HOLD,2,199.93999476,3.599999905
Central America,Kids' Golf Clubs,Standard Class,4,PENDING,4,598.93000026,110.45000124
Central America,Kids' Golf Clubs,Standard Class,4,PENDING_PAYMENT,3,279.92999267,23.10000038
Central America,Kids' Golf Clubs,Standard Class,4,PROCESSING,3,279.92999267,99.259999032
Central America,Lacrosse,First Class,1,CLOSED,1,99.98999786,4.0
Central America,Lacrosse,First Class,1,COMPLETE,3,149.9699974,15.0
Central America,Lacrosse,First Class,1,PENDING,1,24.98999977,13.48999977
Central America,Lacrosse,First Class,1,PENDING_PAYMENT,2,49.97999954,26.23999977
Central America,Lacrosse,First Class,1,PROCESSING,2,124.97999763,48.25
Central America,Lacrosse,Same Day,0,ON_HOLD,2,49.97999954,47.47999954
Central America,Lacrosse,Same Day,0,PENDING_PAYMENT,1,24.98999977,6.0
Central America,Lacrosse,Same Day,0,PROCESSING,1,99.98999786,36.0
Central America,Lacrosse,Second Class,2,CLOSED,1,24.98999977,0.75
Central America,Lacrosse,Second Class,2,COMPLETE,3,149.9699974,26.23999977
Central America,Lacrosse,Second Class,2,PENDING_PAYMENT,4,99.95999908,33.23999977
Central America,Lacrosse,Second Class,2,PROCESSING,1,24.98999977,2.25
Central America,Lacrosse,Standard Class,4,CLOSED,6,224.93999671,30.75
Central America,Lacrosse,Standard Class,4,COMPLETE,14,649.85998914,302.559994686
Central America,Lacrosse,Standard Class,4,ON_HOLD,2,49.97999954,7.75
Central America,Lacrosse,Standard Class,4,PENDING,3,74.96999931,34.22999954
Central America,Lacrosse,Standard Class,4,PENDING_PAYMENT,7,249.92999648,78.73999977
Central America,Lacrosse,Standard Class,4,PROCESSING,1,99.98999786,2.0
Central America,Men's Footwear,First Class,1,CANCELED,3,389.9700165,75.39999962
Central America,Men's Footwear,First Class,1,CLOSED,39,5069.6102145,477.749997387
Central America,Men's Footwear,First Class,1,COMPLETE,119,15468.8106545,1665.949999094
Central America,Men's Footwear,First Class,1,ON_HOLD,24,3119.760132,321.099999669
Central America,Men's Footwear,First Class,1,PAYMENT_REVIEW,5,649.9500275,70.19999886
Central America,Men's Footwear,First Class,1,PENDING,28,3639.720154,401.049997576
Central America,Men's Footwear,First Class,1,PENDING_PAYMENT,89,11569.1104895,993.199996959
Central America,Men's Footwear,First Class,1,PROCESSING,23,2989.7701265,304.199998385
Central America,Men's Footwear,First Class,1,SUSPECTED_FRAUD,6,779.940033,116.349998955
Central America,Men's Footwear,Same Day,0,CLOSED,8,1039.920044,137.799998764
Central America,Men's Footwear,Same Day,0,COMPLETE,56,7279.440307999999,750.099993728
Central America,Men's Footwear,Same Day,0,ON_HOLD,6,779.940033,83.20000052200001
Central America,Men's Footwear,Same Day,0,PAYMENT_REVIEW,2,259.980011,28.599999905
Central America,Men's Footwear,Same Day,0,PENDING,7,909.9300385,101.400000095
Central America,Men's Footwear,Same Day,0,PENDING_PAYMENT,23,2989.7701265,293.799999237
Central America,Men's Footwear,Same Day,0,PROCESSING,5,649.9500275,89.699999572
Central America,Men's Footwear,Second Class,2,CANCELED,9,1169.9100495,95.55000019
Central America,Men's Footwear,Second Class,2,CLOSED,61,7929.390335499999,668.8500008569999
Central America,Men's Footwear,Second Class,2,COMPLETE,215,27947.8511825,2750.799991395
Central America,Men's Footwear,Second Class,2,ON_HOLD,32,4159.680176,340.599999669
Central America,Men's Footwear,Second Class,2,PAYMENT_REVIEW,4,519.960022,49.399999857
Central America,Men's Footwear,Second Class,2,PENDING,14,1819.860077,252.199999334
Central America,Men's Footwear,Second Class,2,PENDING_PAYMENT,103,13388.9705665,1428.049989734
Central America,Men's Footwear,Second Class,2,PROCESSING,25,3249.7501375,327.599996577
Central America,Men's Footwear,Second Class,2,SUSPECTED_FRAUD,3,389.9700165,50.69999981
Central America,Men's Footwear,Standard Class,4,CANCELED,10,1299.900055,131.29999924
Central America,Men's Footwear,Standard Class,4,CLOSED,201,26127.9911055,2605.849992053
Central America,Men's Footwear,Standard Class,4,COMPLETE,581,75524.1931955,7245.549978805
Central America,Men's Footwear,Standard Class,4,ON_HOLD,84,10919.160462,1102.400001991
Central America,Men's Footwear,Standard Class,4,PAYMENT_REVIEW,14,1819.860077,133.899999619
Central America,Men's Footwear,Standard Class,4,PENDING,53,6889.4702915,839.799996152
Central America,Men's Footwear,Standard Class,4,PENDING_PAYMENT,310,40296.901705,4181.449987215
Central America,Men's Footwear,Standard Class,4,PROCESSING,64,8319.360352,815.0999968159999
Central America,Men's Footwear,Standard Class,4,SUSPECTED_FRAUD,10,1299.900055,150.799999239
Central America,Men's Golf Clubs,First Class,1,CLOSED,3,369.97000886,39.75
Central America,Men's Golf Clubs,First Class,1,COMPLETE,2,244.9800034,31.94999886
Central America,Men's Golf Clubs,First Class,1,ON_HOLD,2,244.9800034,26.44999981
Central America,Men's Golf Clubs,First Class,1,PENDING_PAYMENT,2,234.98000336,17.5
Central America,Men's Golf Clubs,First Class,1,PROCESSING,2,244.9800034,19.94999981
Central America,Men's Golf Clubs,Same Day,0,PROCESSING,2,239.9800034,40.800001140000006
Central America,Men's Golf Clubs,Second Class,2,CLOSED,2,209.97999576,47.5
Central America,Men's Golf Clubs,Second Class,2,COMPLETE,1,129.9900055,7.150000095
Central America,Men's Golf Clubs,Second Class,2,ON_HOLD,1,129.9900055,13.0
Central America,Men's Golf Clubs,Second Class,2,PENDING_PAYMENT,3,369.97000886,85.740000729
Central America,Men's Golf Clubs,Second Class,2,PROCESSING,2,234.98000336,11.420000076
Central America,Men's Golf Clubs,Standard Class,4,CANCELED,1,129.9900055,22.10000038
Central America,Men's Golf Clubs,Standard Class,4,CLOSED,10,1109.9000016,90.399999619
Central America,Men's Golf Clubs,Standard Class,4,COMPLETE,10,1249.90003216,133.969998603
Central America,Men's Golf Clubs,Standard Class,4,ON_HOLD,2,209.97999576,72.5
Central America,Men's Golf Clubs,Standard Class,4,PAYMENT_REVIEW,2,239.9800034,9.599999904
Central America,Men's Golf Clubs,Standard Class,4,PENDING,3,349.97000130000004,22.950000286
Central America,Men's Golf Clubs,Standard Class,4,PENDING_PAYMENT,8,934.92001348,170.49000168
Central America,Men's Golf Clubs,Standard Class,4,PROCESSING,7,789.93000038,54.849999905
Central America,Shop By Sport,First Class,1,CANCELED,1,39.99000168,8.399999619
Central America,Shop By Sport,First Class,1,CLOSED,27,1079.73004536,337.11999940600003
Central America,Shop By Sport,First Class,1,COMPLETE,78,3429.230137,1025.840011338
Central America,Shop By Sport,First Class,1,ON_HOLD,4,159.96000672,45.599999905
Central America,Shop By Sport,First Class,1,PAYMENT_REVIEW,1,39.99000168,1.600000024
Central America,Shop By Sport,First Class,1,PENDING,19,759.81003192,228.770002846
Central America,Shop By Sport,First Class,1,PENDING_PAYMENT,37,1629.6400643,540.7000063739999
Central America,Shop By Sport,First Class,1,PROCESSING,11,429.9000168,104.390000105
Central America,Shop By Sport,First Class,1,SUSPECTED_FRAUD,1,39.99000168,19.20000076
Central America,Shop By Sport,Same Day,0,CANCELED,1,39.99000168,11.0
Central America,Shop By Sport,Same Day,0,CLOSED,9,349.92001344,118.480002638
Central America,Shop By Sport,Same Day,0,COMPLETE,21,999.7900391,289.340000885
Central America,Shop By Sport,Same Day,0,ON_HOLD,6,239.94001008,45.589999436
Central America,Shop By Sport,Same Day,0,PENDING,3,119.97000504,13.600000024
Central America,Shop By Sport,Same Day,0,PENDING_PAYMENT,13,519.8700218399999,166.970001637
Central America,Shop By Sport,Same Day,0,PROCESSING,3,119.97000504,34.39999962
Central America,Shop By Sport,Second Class,2,CANCELED,3,119.97000504,18.0
Central America,Shop By Sport,Second Class,2,CLOSED,31,1239.69005208,378.340001042
Central America,Shop By Sport,Second Class,2,COMPLETE,93,3709.08015456,1220.910014695
Central America,Shop By Sport,Second Class,2,ON_HOLD,22,869.79003528,218.220001212
Central America,Shop By Sport,Second Class,2,PAYMENT_REVIEW,8,319.92001344,51.200000346
Central America,Shop By Sport,Second Class,2,PENDING,7,279.93001176,195.16000462
Central America,Shop By Sport,Second Class,2,PENDING_PAYMENT,58,2289.4500924,608.810005566
Central America,Shop By Sport,Second Class,2,PROCESSING,13,519.8700218399999,216.739999819
Central America,Shop By Sport,Standard Class,4,CANCELED,14,549.8700218399999,226.760003685
Central America,Shop By Sport,Standard Class,4,CLOSED,81,3359.23013318,968.930006321
Central America,Shop By Sport,Standard Class,4,COMPLETE,290,11827.19047972,3325.260028028
Central America,Shop By Sport,Standard Class,4,ON_HOLD,32,1269.69005208,418.540008436
Central America,Shop By Sport,Standard Class,4,PAYMENT_REVIEW,2,79.98000336,38.38999939
Central America,Shop By Sport,Standard Class,4,PENDING,50,1989.51008232,892.420018986
Central America,Shop By Sport,Standard Class,4,PENDING_PAYMENT,153,6888.5002711,1686.500006796
Central America,Shop By Sport,Standard Class,4,PROCESSING,62,2459.4001008,804.050006042
Central America,Shop By Sport,Standard Class,4,SUSPECTED_FRAUD,9,359.91001512,100.380000231
Central America,Soccer,First Class,1,COMPLETE,1,79.98999786,51.99000168
Central America,Soccer,Same Day,0,COMPLETE,1,79.98999786,10.39999962
Central America,Soccer,Second Class,2,COMPLETE,1,79.98999786,9.600000381
Central America,Soccer,Second Class,2,ON_HOLD,1,124.9899979,21.25
Central America,Soccer,Second Class,2,PENDING,1,124.9899979,1.25
Central America,Soccer,Standard Class,4,CLOSED,1,124.9899979,11.25
Central America,Soccer,Standard Class,4,COMPLETE,5,399.9499893,159.580003265
Central America,Soccer,Standard Class,4,ON_HOLD,2,249.9799958,27.5
Central America,Soccer,Standard Class,4,PAYMENT_REVIEW,1,124.9899979,2.5
Central America,Soccer,Standard Class,4,PENDING_PAYMENT,2,204.97999576,11.25
Central America,Soccer,Standard Class,4,PROCESSING,1,124.9899979,8.75
Central America,Strength Training,Standard Class,4,CLOSED,1,189.0,30.23999977
Central America,Strength Training,Standard Class,4,COMPLETE,3,567.0,54.809998992
Central America,Tennis & Racquet,First Class,1,COMPLETE,3,134.97000504,54.44000054
Central America,Tennis & Racquet,First Class,1,PENDING_PAYMENT,1,44.99000168,11.69999981
Central America,Tennis & Racquet,First Class,1,PROCESSING,1,44.99000168,9.0
Central America,Tennis & Racquet,Second Class,2,CLOSED,2,89.98000336,0.449999988
Central America,Tennis & Racquet,Second Class,2,ON_HOLD,1,44.99000168,5.400000095
Central America,Tennis & Racquet,Second Class,2,PENDING_PAYMENT,4,179.96000672,11.25
Central America,Tennis & Racquet,Standard Class,4,CLOSED,4,179.96000672,46.109999419
Central America,Tennis & Racquet,Standard Class,4,COMPLETE,7,314.93001176,107.09000015
Central America,Tennis & Racquet,Standard Class,4,ON_HOLD,1,44.99000168,29.23999977
Central America,Tennis & Racquet,Standard Class,4,PENDING,2,89.98000336,21.599999429
Central America,Tennis & Racquet,Standard Class,4,PENDING_PAYMENT,6,269.94001008,65.699999809
Central America,Tennis & Racquet,Standard Class,4,PROCESSING,1,44.99000168,0.0
Central America,Trade-In,First Class,1,CANCELED,1,15.98999977,0.800000012
Central America,Trade-In,First Class,1,CLOSED,2,31.97999954,4.320000052
Central America,Trade-In,First Class,1,COMPLETE,4,75.95999908,21.649999861
Central America,Trade-In,First Class,1,ON_HOLD,1,249.9900055,30.0
Central America,Trade-In,First Class,1,PENDING_PAYMENT,1,21.98999977,7.699999809
Central America,Trade-In,Same Day,0,CLOSED,1,15.98999977,2.24000001
Central America,Trade-In,Same Day,0,PENDING_PAYMENT,1,15.98999977,3.200000048
Central America,Trade-In,Second Class,2,CLOSED,2,37.97999954,18.189999818
Central America,Trade-In,Second Class,2,COMPLETE,11,205.88999747,36.469999938
Central America,Trade-In,Second Class,2,ON_HOLD,4,69.95999908,8.539999842
Central America,Trade-In,Second Class,2,PENDING_PAYMENT,4,303.96000481,34.649999619
Central America,Trade-In,Second Class,2,PROCESSING,4,69.95999908,5.280000031
Central America,Trade-In,Standard Class,4,CANCELED,3,53.969999310000006,37.38000011
Central America,Trade-In,Standard Class,4,CLOSED,7,369.93000412,99.870000296
Central America,Trade-In,Standard Class,4,COMPLETE,28,969.72000502,216.760000073
Central America,Trade-In,Standard Class,4,ON_HOLD,2,265.98000527,43.139999986
Central America,Trade-In,Standard Class,4,PENDING,5,325.95000458,72.629999636
Central America,Trade-In,Standard Class,4,PENDING_PAYMENT,10,633.90000916,126.659999968
Central America,Trade-In,Standard Class,4,PROCESSING,6,335.94000435,59.969999548
Central America,Water Sports,First Class,1,CANCELED,5,999.9500275,116.0
Central America,Water Sports,First Class,1,CLOSED,40,7999.60022,787.0
Central America,Water Sports,First Class,1,COMPLETE,128,25598.720704,2236.0
Central America,Water Sports,First Class,1,ON_HOLD,16,3199.840088,324.0
Central America,Water Sports,First Class,1,PAYMENT_REVIEW,2,399.980011,44.0
Central America,Water Sports,First Class,1,PENDING,45,8999.5502475,1050.0
Central America,Water Sports,First Class,1,PENDING_PAYMENT,86,17199.140473,1726.0
Central America,Water Sports,First Class,1,PROCESSING,53,10599.4702915,1107.0
Central America,Water Sports,First Class,1,SUSPECTED_FRAUD,8,1599.920044,148.0
Central America,Water Sports,Same Day,0,CANCELED,2,399.980011,2.0
Central America,Water Sports,Same Day,0,CLOSED,17,3399.8300935,322.0
Central America,Water Sports,Same Day,0,COMPLETE,47,9399.5302585,1036.0
Central America,Water Sports,Same Day,0,ON_HOLD,8,1599.920044,177.0
Central America,Water Sports,Same Day,0,PAYMENT_REVIEW,1,199.9900055,0.0
Central America,Water Sports,Same Day,0,PENDING,18,3599.820099,407.0
Central America,Water Sports,Same Day,0,PENDING_PAYMENT,23,4599.7701265,538.0
Central America,Water Sports,Same Day,0,PROCESSING,24,4799.760131999999,427.0
Central America,Water Sports,Same Day,0,SUSPECTED_FRAUD,2,399.980011,46.0
Central America,Water Sports,Second Class,2,CANCELED,13,2599.8700715,428.0
Central America,Water Sports,Second Class,2,CLOSED,50,9999.500275,883.0
Central America,Water Sports,Second Class,2,COMPLETE,156,31198.440858,2994.0
Central America,Water Sports,Second Class,2,ON_HOLD,30,5999.700165,630.0
Central America,Water Sports,Second Class,2,PAYMENT_REVIEW,5,999.9500275,76.0
Central America,Water Sports,Second Class,2,PENDING,58,11599.420319,1298.0
Central America,Water Sports,Second Class,2,PENDING_PAYMENT,121,24198.7906655,2553.0
Central America,Water Sports,Second Class,2,PROCESSING,60,11999.40033,1269.0
Central America,Water Sports,Second Class,2,SUSPECTED_FRAUD,9,1799.9100495,122.0
Central America,Water Sports,Standard Class,4,CANCELED,41,8199.5902255,606.0
Central America,Water Sports,Standard Class,4,CLOSED,192,38398.081056,4161.0
Central America,Water Sports,Standard Class,4,COMPLETE,468,93595.322574,9300.0
Central America,Water Sports,Standard Class,4,ON_HOLD,85,16999.1504675,1556.0
Central America,Water Sports,Standard Class,4,PAYMENT_REVIEW,19,3799.8101045,312.0
Central America,Water Sports,Standard Class,4,PENDING,181,36198.1909955,3689.0
Central America,Water Sports,Standard Class,4,PENDING_PAYMENT,341,68196.5918755,6882.0
Central America,Water Sports,Standard Class,4,PROCESSING,186,37198.141023,3845.0
Central America,Water Sports,Standard Class,4,SUSPECTED_FRAUD,31,6199.6901705,591.0
Central America,Women's Apparel,First Class,1,CANCELED,4,200.0,104.0
Central America,Women's Apparel,First Class,1,CLOSED,27,1350.0,304.0
Central America,Women's Apparel,First Class,1,COMPLETE,138,6900.0,2171.5
Central America,Women's Apparel,First Class,1,ON_HOLD,24,1200.0,297.0
Central America,Women's Apparel,First Class,1,PAYMENT_REVIEW,1,50.0,0.5
Central America,Women's Apparel,First Class,1,PENDING,20,1000.0,248.25
Central America,Women's Apparel,First Class,1,PENDING_PAYMENT,107,5350.0,1914.5
Central America,Women's Apparel,First Class,1,PROCESSING,27,1350.0,507.75
Central America,Women's Apparel,First Class,1,SUSPECTED_FRAUD,10,500.0,101.5
Central America,Women's Apparel,Same Day,0,CANCELED,2,100.0,32.0
Central America,Women's Apparel,Same Day,0,CLOSED,8,400.0,140.5
Central America,Women's Apparel,Same Day,0,COMPLETE,62,3100.0,927.5
Central America,Women's Apparel,Same Day,0,ON_HOLD,6,300.0,45.75
Central America,Women's Apparel,Same Day,0,PAYMENT_REVIEW,2,100.0,32.5
Central America,Women's Apparel,Same Day,0,PENDING,1,50.0,9.0
Central America,Women's Apparel,Same Day,0,PENDING_PAYMENT,15,750.0,109.0
Central America,Women's Apparel,Same Day,0,PROCESSING,3,150.0,80.0
Central America,Women's Apparel,Second Class,2,CANCELED,3,150.0,53.5
Central America,Women's Apparel,Second Class,2,CLOSED,44,2200.0,727.25
Central America,Women's Apparel,Second Class,2,COMPLETE,199,9950.0,3192.5
Central America,Women's Apparel,Second Class,2,ON_HOLD,35,1750.0,492.75
Central America,Women's Apparel,Second Class,2,PAYMENT_REVIEW,8,400.0,93.0
Central America,Women's Apparel,Second Class,2,PENDING,15,750.0,251.0
Central America,Women's Apparel,Second Class,2,PENDING_PAYMENT,115,5750.0,2003.75
Central America,Women's Apparel,Second Class,2,PROCESSING,24,1200.0,445.0
Central America,Women's Apparel,Second Class,2,SUSPECTED_FRAUD,1,50.0,15.0
Central America,Women's Apparel,Standard Class,4,CANCELED,9,450.0,103.75
Central America,Women's Apparel,Standard Class,4,CLOSED,173,8650.0,2724.0
Central America,Women's Apparel,Standard Class,4,COMPLETE,452,22600.0,6413.75
Central America,Women's Apparel,Standard Class,4,ON_HOLD,73,3650.0,1100.75
Central America,Women's Apparel,Standard Class,4,PAYMENT_REVIEW,5,250.0,83.5
Central America,Women's Apparel,Standard Class,4,PENDING,92,4600.0,1656.0
Central America,Women's Apparel,Standard Class,4,PENDING_PAYMENT,211,10550.0,3025.25
Central America,Women's Apparel,Standard Class,4,PROCESSING,101,5050.0,2118.5
Central America,Women's Apparel,Standard Class,4,SUSPECTED_FRAUD,20,1000.0,406.5
Central America,Women's Golf Clubs,First Class,1,COMPLETE,1,209.9900055,33.59999847
Central America,Women's Golf Clubs,First Class,1,PENDING,2,419.980011,37.800000665
Central America,Women's Golf Clubs,First Class,1,PENDING_PAYMENT,1,79.98999786,14.39999962
Central America,Women's Golf Clubs,First Class,1,PROCESSING,1,209.9900055,8.399999619
Central America,Women's Golf Clubs,Same Day,0,PROCESSING,1,79.98999786,0.0
Central America,Women's Golf Clubs,Second Class,2,CLOSED,2,179.97999572,14.200000048
Central America,Women's Golf Clubs,Second Class,2,COMPLETE,5,479.9499893,120.98999786
Central America,Women's Golf Clubs,Second Class,2,PENDING_PAYMENT,3,389.97000122,6.400000095
Central America,Women's Golf Clubs,Second Class,2,PROCESSING,1,99.98999786,13.0
Central America,Women's Golf Clubs,Second Class,2,SUSPECTED_FRAUD,1,99.98999786,1.0
Central America,Women's Golf Clubs,Standard Class,4,CLOSED,2,419.980011,67.19999981
Central America,Women's Golf Clubs,Standard Class,4,COMPLETE,6,669.9399948,127.990001204
Central America,Women's Golf Clubs,Standard Class,4,PENDING,3,519.97000886,144.2899971
Central America,Women's Golf Clubs,Standard Class,4,PENDING_PAYMENT,6,759.94000244,123.790002583
Central America,Women's Golf Clubs,Standard Class,4,PROCESSING,5,789.95001222,75.100000024
Central Asia,Accessories,Same Day,0,ON_HOLD,1,24.98999977,8.5
Central Asia,Accessories,Second Class,2,COMPLETE,1,24.98999977,0.0
Central Asia,Accessories,Standard Class,4,COMPLETE,2,49.97999954,33.98999977
Central Asia,Boxing & MMA,Standard Class,4,CLOSED,1,54.97000122,28.03000069
Central Asia,Boxing & MMA,Standard Class,4,PROCESSING,1,54.97000122,37.38000107
Central Asia,Camping & Hiking,First Class,1,COMPLETE,2,599.960022,54.0
Central Asia,Camping & Hiking,First Class,1,PROCESSING,1,299.980011,51.0
Central Asia,Camping & Hiking,Same Day,0,CLOSED,2,599.960022,48.0
Central Asia,Camping & Hiking,Same Day,0,COMPLETE,1,299.980011,45.0
Central Asia,Camping & Hiking,Same Day,0,ON_HOLD,1,299.980011,48.0
Central Asia,Camping & Hiking,Same Day,0,PENDING,1,299.980011,27.0
Central Asia,Camping & Hiking,Same Day,0,PENDING_PAYMENT,1,299.980011,0.0
Central Asia,Camping & Hiking,Second Class,2,COMPLETE,2,599.960022,105.0
Central Asia,Camping & Hiking,Second Class,2,PROCESSING,1,299.980011,21.0
Central Asia,Camping & Hiking,Standard Class,4,CLOSED,2,599.960022,57.0
Central Asia,Camping & Hiking,Standard Class,4,COMPLETE,7,2099.860077,304.5
Central Asia,Camping & Hiking,Standard Class,4,ON_HOLD,4,1199.920044,180.0
Central Asia,Camping & Hiking,Standard Class,4,PENDING_PAYMENT,6,1799.880066,252.0
Central Asia,Cardio Equipment,First Class,1,CLOSED,1,99.98999786,99.98999786
Central Asia,Cardio Equipment,First Class,1,COMPLETE,1,99.98999786,20.0
Central Asia,Cardio Equipment,First Class,1,PENDING_PAYMENT,1,99.98999786,74.98999786
Central Asia,Cardio Equipment,Same Day,0,CLOSED,1,99.98999786,9.0
Central Asia,Cardio Equipment,Same Day,0,COMPLETE,1,99.98999786,14.0
Central Asia,Cardio Equipment,Same Day,0,ON_HOLD,1,99.98999786,48.0
Central Asia,Cardio Equipment,Same Day,0,PENDING_PAYMENT,1,99.98999786,18.0
Central Asia,Cardio Equipment,Second Class,2,CLOSED,2,199.97999572,33.0
Central Asia,Cardio Equipment,Second Class,2,COMPLETE,2,199.97999572,21.0
Central Asia,Cardio Equipment,Second Class,2,PENDING_PAYMENT,1,99.98999786,12.0
Central Asia,Cardio Equipment,Second Class,2,SUSPECTED_FRAUD,2,199.97999572,76.99000168
Central Asia,Cardio Equipment,Standard Class,4,CLOSED,3,299.96999358,85.98999786
Central Asia,Cardio Equipment,Standard Class,4,COMPLETE,6,459.95999144,83.0
Central Asia,Cardio Equipment,Standard Class,4,PENDING,3,299.96999358,141.97999954
Central Asia,Cardio Equipment,Standard Class,4,PENDING_PAYMENT,2,199.97999572,40.0
Central Asia,Cleats,First Class,1,COMPLETE,2,119.98000336,50.390001775
Central Asia,Cleats,First Class,1,PENDING,2,119.98000336,4.2000000470000005
Central Asia,Cleats,First Class,1,PENDING_PAYMENT,3,179.97000504,115.18000317
Central Asia,Cleats,First Class,1,PROCESSING,1,59.99000168,27.0
Central Asia,Cleats,Same Day,0,COMPLETE,2,119.98000336,13.800000428
Central Asia,Cleats,Same Day,0,ON_HOLD,1,59.99000168,30.0
Central Asia,Cleats,Same Day,0,PENDING_PAYMENT,1,59.99000168,27.0
Central Asia,Cleats,Second Class,2,COMPLETE,10,599.9000168,125.090001109
Central Asia,Cleats,Second Class,2,ON_HOLD,2,119.98000336,20.400000095
Central Asia,Cleats,Second Class,2,PENDING_PAYMENT,2,119.98000336,33.0
Central Asia,Cleats,Second Class,2,PROCESSING,2,119.98000336,27.000000475
Central Asia,Cleats,Standard Class,4,CLOSED,3,179.97000504,45.00000095
Central Asia,Cleats,Standard Class,4,COMPLETE,11,659.89001848,294.560005191
Central Asia,Cleats,Standard Class,4,ON_HOLD,2,119.98000336,27.60000038
Central Asia,Cleats,Standard Class,4,PAYMENT_REVIEW,1,59.99000168,7.800000191
Central Asia,Cleats,Standard Class,4,PENDING,1,59.99000168,28.79999924
Central Asia,Cleats,Standard Class,4,PENDING_PAYMENT,6,359.94001008,59.990000849
Central Asia,Cleats,Standard Class,4,PROCESSING,4,239.96000672,134.98000336
Central Asia,Electronics,First Class,1,PENDING_PAYMENT,2,83.98000145,55.190001728
Central Asia,Electronics,First Class,1,PROCESSING,1,31.98999977,19.19000053
Central Asia,Electronics,Second Class,2,PROCESSING,1,47.99000168,5.28000021
Central Asia,Electronics,Standard Class,4,COMPLETE,2,83.98000145,8.959999681
Central Asia,Electronics,Standard Class,4,PENDING_PAYMENT,2,79.98000145,19.839999315
Central Asia,Girls' Apparel,First Class,1,COMPLETE,1,30.0,0.0
Central Asia,Girls' Apparel,First Class,1,PROCESSING,1,30.0,3.900000095
Central Asia,Girls' Apparel,Second Class,2,COMPLETE,1,70.0,11.89999962
Central Asia,Golf Apparel,Same Day,0,COMPLETE,1,19.98999977,5.599999905
Central Asia,Golf Balls,Second Class,2,PENDING_PAYMENT,1,14.98999977,1.5
Central Asia,Golf Balls,Second Class,2,PROCESSING,1,14.98999977,0.600000024
Central Asia,Golf Gloves,First Class,1,CLOSED,1,39.99000168,23.98999977
Central Asia,Golf Gloves,First Class,1,PENDING,1,39.99000168,12.0
Central Asia,Golf Gloves,Standard Class,4,PENDING,1,24.98999977,5.0
Central Asia,Golf Gloves,Standard Class,4,PENDING_PAYMENT,1,9.989999771,6.489999771
Central Asia,Hunting & Shooting,Second Class,2,PENDING_PAYMENT,1,29.98999977,1.200000048
Central Asia,Hunting & Shooting,Standard Class,4,COMPLETE,1,29.98999977,13.5
Central Asia,Indoor/Outdoor Games,Same Day,0,PENDING_PAYMENT,1,49.97999954,8.0
Central Asia,Indoor/Outdoor Games,Second Class,2,COMPLETE,1,49.97999954,5.0
Central Asia,Indoor/Outdoor Games,Second Class,2,PROCESSING,1,49.97999954,3.0
Central Asia,Indoor/Outdoor Games,Standard Class,4,CLOSED,1,49.97999954,2.5
Central Asia,Indoor/Outdoor Games,Standard Class,4,COMPLETE,3,149.93999862,56.49000168
Central Asia,Indoor/Outdoor Games,Standard Class,4,PROCESSING,4,199.91999816,83.45999908
Central Asia,Men's Footwear,First Class,1,COMPLETE,3,389.9700165,25.999999524
Central Asia,Men's Footwear,First Class,1,PENDING,2,259.980011,32.5
Central Asia,Men's Footwear,Same Day,0,CLOSED,2,259.980011,20.799999952
Central Asia,Men's Footwear,Same Day,0,COMPLETE,3,389.9700165,57.19999886
Central Asia,Men's Footwear,Same Day,0,ON_HOLD,1,129.9900055,6.5
Central Asia,Men's Footwear,Same Day,0,PENDING,1,129.9900055,11.69999981
Central Asia,Men's Footwear,Second Class,2,CLOSED,2,259.980011,31.199999809
Central Asia,Men's Footwear,Second Class,2,COMPLETE,7,909.9300385,68.249999526
Central Asia,Men's Footwear,Second Class,2,ON_HOLD,1,129.9900055,23.39999962
Central Asia,Men's Footwear,Second Class,2,PENDING_PAYMENT,2,259.980011,27.30000019
Central Asia,Men's Footwear,Second Class,2,PROCESSING,2,259.980011,23.400000095
Central Asia,Men's Footwear,Second Class,2,SUSPECTED_FRAUD,1,129.9900055,26.0
Central Asia,Men's Footwear,Standard Class,4,CLOSED,4,519.960022,48.09999943
Central Asia,Men's Footwear,Standard Class,4,COMPLETE,17,2209.8300935,236.600001093
Central Asia,Men's Footwear,Standard Class,4,ON_HOLD,2,259.980011,2.599999905
Central Asia,Men's Footwear,Standard Class,4,PENDING_PAYMENT,7,909.9300385,92.950000285
Central Asia,Shop By Sport,First Class,1,CLOSED,1,39.99000168,8.399999619
Central Asia,Shop By Sport,First Class,1,COMPLETE,1,39.99000168,6.400000095
Central Asia,Shop By Sport,First Class,1,PENDING_PAYMENT,1,39.99000168,10.0
Central Asia,Shop By Sport,Same Day,0,COMPLETE,2,79.98000336,22.39999962
Central Asia,Shop By Sport,Same Day,0,ON_HOLD,1,39.99000168,3.599999905
Central Asia,Shop By Sport,Same Day,0,PENDING_PAYMENT,1,30.0,10.19999981
Central Asia,Shop By Sport,Second Class,2,CLOSED,2,69.99000168,26.889999746
Central Asia,Shop By Sport,Second Class,2,COMPLETE,3,109.98000336,65.7800026
Central Asia,Shop By Sport,Second Class,2,PENDING_PAYMENT,1,39.99000168,0.0
Central Asia,Shop By Sport,Standard Class,4,CLOSED,1,39.99000168,31.98999977
Central Asia,Shop By Sport,Standard Class,4,COMPLETE,2,79.98000336,45.98999977
Central Asia,Shop By Sport,Standard Class,4,ON_HOLD,1,39.99000168,25.59000015
Central Asia,Shop By Sport,Standard Class,4,PROCESSING,1,39.99000168,0.800000012
Central Asia,Tennis & Racquet,Second Class,2,CLOSED,1,44.99000168,4.5
Central Asia,Water Sports,First Class,1,COMPLETE,4,799.960022,44.0
Central Asia,Water Sports,First Class,1,PENDING,1,199.9900055,24.0
Central Asia,Water Sports,First Class,1,PENDING_PAYMENT,1,199.9900055,2.0
Central Asia,Water Sports,First Class,1,PROCESSING,1,199.9900055,2.0
Central Asia,Water Sports,Same Day,0,COMPLETE,1,199.9900055,10.0
Central Asia,Water Sports,Same Day,0,PENDING_PAYMENT,1,199.9900055,2.0
Central Asia,Water Sports,Second Class,2,CLOSED,1,199.9900055,30.0
Central Asia,Water Sports,Second Class,2,COMPLETE,1,199.9900055,20.0
Central Asia,Water Sports,Second Class,2,ON_HOLD,1,199.9900055,40.0
Central Asia,Water Sports,Second Class,2,PENDING_PAYMENT,2,399.980011,28.0
Central Asia,Water Sports,Second Class,2,PROCESSING,1,199.9900055,26.0
Central Asia,Water Sports,Second Class,2,SUSPECTED_FRAUD,1,199.9900055,4.0
Central Asia,Water Sports,Standard Class,4,CANCELED,1,199.9900055,40.0
Central Asia,Water Sports,Standard Class,4,CLOSED,2,399.980011,80.0
Central Asia,Water Sports,Standard Class,4,COMPLETE,8,1599.920044,196.0
Central Asia,Water Sports,Standard Class,4,ON_HOLD,4,799.960022,96.0
Central Asia,Water Sports,Standard Class,4,PENDING,4,799.960022,84.0
Central Asia,Water Sports,Standard Class,4,PENDING_PAYMENT,5,999.9500275,103.0
Central Asia,Water Sports,Standard Class,4,PROCESSING,1,199.9900055,50.0
Central Asia,Women's Apparel,First Class,1,COMPLETE,1,50.0,5.0
Central Asia,Women's Apparel,First Class,1,PENDING,1,50.0,25.0
Central Asia,Women's Apparel,First Class,1,PENDING_PAYMENT,1,50.0,2.0
Central Asia,Women's Apparel,Same Day,0,CLOSED,4,200.0,48.0
Central Asia,Women's Apparel,Same Day,0,COMPLETE,3,150.0,63.5
Central Asia,Women's Apparel,Same Day,0,PENDING_PAYMENT,1,50.0,1.0
Central Asia,Women's Apparel,Second Class,2,COMPLETE,5,250.0,101.5
Central Asia,Women's Apparel,Second Class,2,PENDING,1,50.0,25.0
Central Asia,Women's Apparel,Second Class,2,PENDING_PAYMENT,2,100.0,67.5
Central Asia,Women's Apparel,Second Class,2,PROCESSING,2,100.0,25.5
Central Asia,Women's Apparel,Standard Class,4,CLOSED,3,150.0,55.0
Central Asia,Women's Apparel,Standard Class,4,COMPLETE,7,350.0,65.5
Central Asia,Women's Apparel,Standard Class,4,PENDING,3,150.0,28.0
Central Asia,Women's Apparel,Standard Class,4,PENDING_PAYMENT,3,150.0,8.0
Central Asia,Women's Apparel,Standard Class,4,PROCESSING,4,200.0,68.5
East Africa,Accessories,First Class,1,COMPLETE,3,74.96999931,25.98999977
East Africa,Accessories,Same Day,0,COMPLETE,1,24.98999977,1.5
East Africa,Accessories,Second Class,2,COMPLETE,2,49.97999954,3.620000005
East Africa,Accessories,Standard Class,4,COMPLETE,3,74.96999931,29.479999661
East Africa,Accessories,Standard Class,4,PENDING_PAYMENT,2,49.97999954,12.25
East Africa,Baseball & Softball,First Class,1,PENDING,1,34.99000168,13.64999962
East Africa,Baseball & Softball,Second Class,2,CLOSED,2,119.98000336,3.599999905
East Africa,Baseball & Softball,Standard Class,4,COMPLETE,2,69.98000336,16.449999810999998
East Africa,Boxing & MMA,Same Day,0,CLOSED,1,54.97000122,6.050000191
East Africa,Boxing & MMA,Standard Class,4,COMPLETE,1,54.97000122,1.649999976
East Africa,Boxing & MMA,Standard Class,4,PENDING_PAYMENT,1,54.97000122,28.57999992
East Africa,Camping & Hiking,First Class,1,CLOSED,2,599.960022,15.0
East Africa,Camping & Hiking,First Class,1,COMPLETE,3,899.940033,114.0
East Africa,Camping & Hiking,First Class,1,PENDING,2,599.960022,54.0
East Africa,Camping & Hiking,First Class,1,PENDING_PAYMENT,4,1199.920044,78.0
East Africa,Camping & Hiking,First Class,1,PROCESSING,1,299.980011,30.0
East Africa,Camping & Hiking,Same Day,0,COMPLETE,3,899.940033,84.0
East Africa,Camping & Hiking,Same Day,0,ON_HOLD,1,299.980011,54.0
East Africa,Camping & Hiking,Same Day,0,PAYMENT_REVIEW,1,299.980011,0.0
East Africa,Camping & Hiking,Same Day,0,PENDING_PAYMENT,1,299.980011,39.0
East Africa,Camping & Hiking,Second Class,2,CLOSED,5,1499.900055,162.0
East Africa,Camping & Hiking,Second Class,2,COMPLETE,3,899.940033,141.0
East Africa,Camping & Hiking,Second Class,2,ON_HOLD,2,599.960022,30.0
East Africa,Camping & Hiking,Second Class,2,PENDING_PAYMENT,6,1799.880066,246.0
East Africa,Camping & Hiking,Second Class,2,PROCESSING,1,299.980011,75.0
East Africa,Camping & Hiking,Standard Class,4,CLOSED,5,1499.900055,294.0
East Africa,Camping & Hiking,Standard Class,4,COMPLETE,37,11099.260407,1092.0
East Africa,Camping & Hiking,Standard Class,4,ON_HOLD,4,1199.920044,91.5
East Africa,Camping & Hiking,Standard Class,4,PAYMENT_REVIEW,1,299.980011,21.0
East Africa,Camping & Hiking,Standard Class,4,PENDING,1,299.980011,12.0
East Africa,Camping & Hiking,Standard Class,4,PENDING_PAYMENT,14,4199.720154,597.0
East Africa,Camping & Hiking,Standard Class,4,PROCESSING,4,1199.920044,118.5
East Africa,Cardio Equipment,First Class,1,CLOSED,2,199.97999572,10.0
East Africa,Cardio Equipment,First Class,1,COMPLETE,7,699.92998502,270.97000122
East Africa,Cardio Equipment,First Class,1,PAYMENT_REVIEW,1,30.0,1.5
East Africa,Cardio Equipment,First Class,1,PENDING,1,99.98999786,67.98999786
East Africa,Cardio Equipment,First Class,1,PENDING_PAYMENT,5,499.9499893,333.95999144
East Africa,Cardio Equipment,First Class,1,PROCESSING,1,99.98999786,12.0
East Africa,Cardio Equipment,Same Day,0,COMPLETE,2,199.97999572,83.99000168
East Africa,Cardio Equipment,Same Day,0,PENDING_PAYMENT,4,329.96999358,263.46999744000004
East Africa,Cardio Equipment,Second Class,2,CLOSED,2,199.97999572,47.5
East Africa,Cardio Equipment,Second Class,2,COMPLETE,13,1299.86997218,292.48999786
East Africa,Cardio Equipment,Second Class,2,PENDING_PAYMENT,2,199.97999572,42.0
East Africa,Cardio Equipment,Standard Class,4,CANCELED,1,99.98999786,7.0
East Africa,Cardio Equipment,Standard Class,4,CLOSED,6,599.93998716,161.97999954
East Africa,Cardio Equipment,Standard Class,4,COMPLETE,15,1429.85997004,462.579995744
East Africa,Cardio Equipment,Standard Class,4,ON_HOLD,4,399.95999144,65.0
East Africa,Cardio Equipment,Standard Class,4,PENDING,3,299.96999358,170.97999954
East Africa,Cardio Equipment,Standard Class,4,PENDING_PAYMENT,5,499.9499893,46.0
East Africa,Cardio Equipment,Standard Class,4,PROCESSING,7,699.92998502,195.5
East Africa,Cardio Equipment,Standard Class,4,SUSPECTED_FRAUD,1,99.98999786,12.0
East Africa,Cleats,First Class,1,CLOSED,1,59.99000168,47.99000168
East Africa,Cleats,First Class,1,COMPLETE,14,839.86002352,238.47000289
East Africa,Cleats,First Class,1,ON_HOLD,1,59.99000168,21.60000038
East Africa,Cleats,First Class,1,PENDING,5,299.9500084,86.390002249
East Africa,Cleats,First Class,1,PENDING_PAYMENT,8,479.92001344,188.970005515
East Africa,Cleats,First Class,1,PROCESSING,1,59.99000168,20.39999962
East Africa,Cleats,Same Day,0,CLOSED,1,59.99000168,21.0
East Africa,Cleats,Same Day,0,COMPLETE,3,179.97000504,16.199999570000003
East Africa,Cleats,Same Day,0,PENDING_PAYMENT,3,179.97000504,7.200000048
East Africa,Cleats,Same Day,0,PROCESSING,1,59.99000168,19.20000076
East Africa,Cleats,Second Class,2,CANCELED,1,59.99000168,32.38999939
East Africa,Cleats,Second Class,2,CLOSED,5,299.9500084,125.970003132
East Africa,Cleats,Second Class,2,COMPLETE,15,899.8500252,222.570003976
East Africa,Cleats,Second Class,2,ON_HOLD,7,419.93001176,73.49999999900001
East Africa,Cleats,Second Class,2,PENDING,2,119.98000336,25.200000285
East Africa,Cleats,Second Class,2,PENDING_PAYMENT,5,299.9500084,139.18000412
East Africa,Cleats,Standard Class,4,CANCELED,4,239.96000672,85.19000244
East Africa,Cleats,Standard Class,4,CLOSED,13,779.8700218399999,172.78999996
East Africa,Cleats,Standard Class,4,COMPLETE,29,1739.71004872,539.359997869
East Africa,Cleats,Standard Class,4,ON_HOLD,4,239.96000672,20.400000095
East Africa,Cleats,Standard Class,4,PAYMENT_REVIEW,3,179.97000504,10.80000019
East Africa,Cleats,Standard Class,4,PENDING,9,539.91001512,213.57000351
East Africa,Cleats,Standard Class,4,PENDING_PAYMENT,25,1499.750042,330.280003306
East Africa,Cleats,Standard Class,4,PROCESSING,8,479.92001344,189.28000069
East Africa,Electronics,First Class,1,COMPLETE,1,31.98999977,16.30999947
East Africa,Electronics,First Class,1,ON_HOLD,1,31.98999977,0.639999986
East Africa,Electronics,Same Day,0,COMPLETE,1,51.99000168,20.79999924
East Africa,Electronics,Second Class,2,CLOSED,1,31.98999977,25.59000015
East Africa,Electronics,Second Class,2,COMPLETE,2,95.98000336,45.829998735
East Africa,Electronics,Second Class,2,PENDING_PAYMENT,2,59.97999954,30.870000840000003
East Africa,Electronics,Standard Class,4,CLOSED,1,31.98999977,0.959999979
East Africa,Electronics,Standard Class,4,COMPLETE,5,195.95000267,84.900001164
East Africa,Electronics,Standard Class,4,ON_HOLD,2,99.98000336,12.200000285999998
East Africa,Electronics,Standard Class,4,PENDING,2,79.98000145,18.400000572
East Africa,Electronics,Standard Class,4,PENDING_PAYMENT,2,79.98000145,9.600000381
East Africa,Electronics,Standard Class,4,PROCESSING,1,51.99000168,13.52000046
East Africa,Electronics,Standard Class,4,SUSPECTED_FRAUD,1,51.99000168,2.079999924
East Africa,Girls' Apparel,First Class,1,PROCESSING,1,30.0,9.0
East Africa,Girls' Apparel,Second Class,2,CLOSED,1,30.0,3.299999952
East Africa,Girls' Apparel,Second Class,2,COMPLETE,2,55.0,18.5
East Africa,Girls' Apparel,Standard Class,4,PENDING,1,25.0,3.5
East Africa,Girls' Apparel,Standard Class,4,PENDING_PAYMENT,1,30.0,4.199999809
East Africa,Golf Apparel,Standard Class,4,CLOSED,1,19.98999977,7.199999809
East Africa,Golf Apparel,Standard Class,4,COMPLETE,2,39.97999954,4.000000119
East Africa,Golf Apparel,Standard Class,4,PENDING_PAYMENT,1,19.98999977,2.799999952
East Africa,Golf Balls,First Class,1,PENDING_PAYMENT,1,19.98999977,0.600000024
East Africa,Golf Balls,Same Day,0,COMPLETE,1,17.98999977,8.100000381
East Africa,Golf Balls,Second Class,2,COMPLETE,2,32.97999954,4.5
East Africa,Golf Balls,Standard Class,4,COMPLETE,2,39.97999954,9.600000381
East Africa,Golf Balls,Standard Class,4,PAYMENT_REVIEW,1,19.98999977,4.0
East Africa,Golf Balls,Standard Class,4,PENDING_PAYMENT,2,39.97999954,4.0
East Africa,Golf Balls,Standard Class,4,PROCESSING,2,34.97999954,14.28999996
East Africa,Golf Gloves,First Class,1,COMPLETE,1,24.98999977,5.0
East Africa,Golf Gloves,Second Class,2,ON_HOLD,1,9.989999771,2.0
East Africa,Golf Gloves,Second Class,2,PENDING_PAYMENT,2,49.980001451,11.199999809
East Africa,Golf Gloves,Standard Class,4,COMPLETE,1,24.98999977,31.23999977
East Africa,Golf Gloves,Standard Class,4,PENDING,2,34.979999541,7.5
East Africa,Golf Gloves,Standard Class,4,PENDING_PAYMENT,1,24.98999977,7.5
East Africa,Golf Shoes,Standard Class,4,PENDING_PAYMENT,1,65.0,7.800000191
East Africa,Golf Shoes,Standard Class,4,PROCESSING,1,65.0,39.0
East Africa,Hockey,Same Day,0,PENDING_PAYMENT,1,25.0,0.0
East Africa,Hockey,Second Class,2,PENDING_PAYMENT,1,22.0,13.19999981
East Africa,Hockey,Standard Class,4,COMPLETE,1,25.0,2.0
East Africa,Hockey,Standard Class,4,PENDING,1,22.0,10.56000042
East Africa,Hunting & Shooting,Standard Class,4,CLOSED,1,29.98999977,1.799999952
East Africa,Indoor/Outdoor Games,First Class,1,CLOSED,1,49.97999954,42.47999954
East Africa,Indoor/Outdoor Games,First Class,1,COMPLETE,1,49.97999954,10.0
East Africa,Indoor/Outdoor Games,First Class,1,PENDING,2,99.95999908,50.98000145
East Africa,Indoor/Outdoor Games,First Class,1,PROCESSING,1,49.97999954,37.49000168
East Africa,Indoor/Outdoor Games,Same Day,0,COMPLETE,2,99.95999908,15.5
East Africa,Indoor/Outdoor Games,Same Day,0,PENDING_PAYMENT,2,99.95999908,10.5
East Africa,Indoor/Outdoor Games,Second Class,2,CLOSED,1,49.97999954,13.73999977
East Africa,Indoor/Outdoor Games,Second Class,2,COMPLETE,5,249.8999977,98.96999931
East Africa,Indoor/Outdoor Games,Second Class,2,ON_HOLD,3,149.93999862,8.5
East Africa,Indoor/Outdoor Games,Second Class,2,PENDING_PAYMENT,5,249.8999977,27.73999977
East Africa,Indoor/Outdoor Games,Standard Class,4,CANCELED,1,49.97999954,22.48999977
East Africa,Indoor/Outdoor Games,Standard Class,4,COMPLETE,4,199.91999816,69.45999908
East Africa,Indoor/Outdoor Games,Standard Class,4,ON_HOLD,1,49.97999954,11.0
East Africa,Indoor/Outdoor Games,Standard Class,4,PENDING,2,99.95999908,53.97999954
East Africa,Indoor/Outdoor Games,Standard Class,4,PENDING_PAYMENT,5,249.8999977,88.46999931
East Africa,Indoor/Outdoor Games,Standard Class,4,PROCESSING,6,299.87999724,93.97000122
East Africa,Lacrosse,Standard Class,4,COMPLETE,1,24.98999977,14.98999977
East Africa,Men's Footwear,First Class,1,CLOSED,3,389.9700165,24.699999572
East Africa,Men's Footwear,First Class,1,COMPLETE,5,649.9500275,50.699999334
East Africa,Men's Footwear,First Class,1,ON_HOLD,1,129.9900055,15.60000038
East Africa,Men's Footwear,First Class,1,PAYMENT_REVIEW,1,129.9900055,26.0
East Africa,Men's Footwear,First Class,1,PENDING,7,909.9300385,55.899999618
East Africa,Men's Footwear,First Class,1,PENDING_PAYMENT,10,1299.900055,138.449999334
East Africa,Men's Footwear,First Class,1,PROCESSING,1,129.9900055,2.599999905
East Africa,Men's Footwear,Same Day,0,CLOSED,1,129.9900055,11.69999981
East Africa,Men's Footwear,Same Day,0,COMPLETE,1,129.9900055,13.0
East Africa,Men's Footwear,Same Day,0,ON_HOLD,1,129.9900055,13.0
East Africa,Men's Footwear,Same Day,0,PENDING_PAYMENT,5,649.9500275,72.150000096
East Africa,Men's Footwear,Same Day,0,PROCESSING,1,129.9900055,23.39999962
East Africa,Men's Footwear,Second Class,2,CLOSED,4,519.960022,75.400000095
East Africa,Men's Footwear,Second Class,2,COMPLETE,13,1689.8700715,148.199998621
East Africa,Men's Footwear,Second Class,2,ON_HOLD,2,259.980011,27.30000019
East Africa,Men's Footwear,Second Class,2,PENDING_PAYMENT,12,1559.880066,172.899999382
East Africa,Men's Footwear,Second Class,2,PROCESSING,1,129.9900055,15.60000038
East Africa,Men's Footwear,Standard Class,4,CANCELED,1,129.9900055,23.39999962
East Africa,Men's Footwear,Standard Class,4,CLOSED,8,1039.920044,104.000000476
East Africa,Men's Footwear,Standard Class,4,COMPLETE,54,7019.460297,664.299997333
East Africa,Men's Footwear,Standard Class,4,ON_HOLD,13,1689.8700715,174.199999338
East Africa,Men's Footwear,Standard Class,4,PENDING,10,1299.900055,122.849999904
East Africa,Men's Footwear,Standard Class,4,PENDING_PAYMENT,17,2209.8300935,235.949999336
East Africa,Men's Footwear,Standard Class,4,PROCESSING,2,259.980011,15.600000381
East Africa,Shop By Sport,First Class,1,CLOSED,1,39.99000168,3.599999905
East Africa,Shop By Sport,First Class,1,COMPLETE,6,239.94001008,81.17999935099999
East Africa,Shop By Sport,First Class,1,PENDING,3,119.97000504,31.98999977
East Africa,Shop By Sport,First Class,1,PENDING_PAYMENT,7,269.94001008,91.590002773
East Africa,Shop By Sport,Same Day,0,COMPLETE,1,39.99000168,6.800000191
East Africa,Shop By Sport,Same Day,0,PAYMENT_REVIEW,2,79.98000336,75.98000336
East Africa,Shop By Sport,Same Day,0,PENDING_PAYMENT,2,79.98000336,20.0
East Africa,Shop By Sport,Second Class,2,CLOSED,2,79.98000336,50.99000168
East Africa,Shop By Sport,Second Class,2,COMPLETE,10,389.91001512,143.280000918
East Africa,Shop By Sport,Second Class,2,ON_HOLD,1,39.99000168,14.39999962
East Africa,Shop By Sport,Second Class,2,PROCESSING,1,39.99000168,13.60000038
East Africa,Shop By Sport,Standard Class,4,CLOSED,6,239.94001008,39.98999983
East Africa,Shop By Sport,Standard Class,4,COMPLETE,12,479.88002016,124.779998543
East Africa,Shop By Sport,Standard Class,4,ON_HOLD,1,39.99000168,14.39999962
East Africa,Shop By Sport,Standard Class,4,PENDING_PAYMENT,4,159.96000672,33.199999811
East Africa,Shop By Sport,Standard Class,4,PROCESSING,2,79.98000336,27.19000053
East Africa,Shop By Sport,Standard Class,4,SUSPECTED_FRAUD,1,39.99000168,28.79000092
East Africa,Tennis & Racquet,Standard Class,4,PENDING,1,44.99000168,35.99000168
East Africa,Trade-In,First Class,1,CLOSED,1,15.98999977,2.720000029
East Africa,Trade-In,First Class,1,PENDING,1,15.98999977,9.590000153
East Africa,Trade-In,First Class,1,PENDING_PAYMENT,2,31.97999954,27.189999579
East Africa,Trade-In,Second Class,2,COMPLETE,1,21.98999977,3.630000114
East Africa,Trade-In,Standard Class,4,PENDING_PAYMENT,1,15.98999977,1.75999999
East Africa,Water Sports,First Class,1,CLOSED,1,199.9900055,36.0
East Africa,Water Sports,First Class,1,COMPLETE,6,1199.940033,114.0
East Africa,Water Sports,First Class,1,ON_HOLD,1,199.9900055,8.0
East Africa,Water Sports,First Class,1,PENDING,3,599.9700164999999,36.0
East Africa,Water Sports,First Class,1,PENDING_PAYMENT,5,999.9500275,110.0
East Africa,Water Sports,First Class,1,PROCESSING,4,799.960022,86.0
East Africa,Water Sports,First Class,1,SUSPECTED_FRAUD,1,199.9900055,24.0
East Africa,Water Sports,Same Day,0,CLOSED,2,399.980011,56.0
East Africa,Water Sports,Same Day,0,COMPLETE,7,1399.9300385,166.0
East Africa,Water Sports,Same Day,0,PENDING_PAYMENT,2,399.980011,34.0
East Africa,Water Sports,Same Day,0,PROCESSING,1,199.9900055,4.0
East Africa,Water Sports,Second Class,2,CANCELED,1,199.9900055,18.0
East Africa,Water Sports,Second Class,2,CLOSED,4,799.960022,18.0
East Africa,Water Sports,Second Class,2,COMPLETE,22,4399.780121,289.0
East Africa,Water Sports,Second Class,2,PENDING,5,999.9500275,61.0
East Africa,Water Sports,Second Class,2,PENDING_PAYMENT,4,799.960022,110.0
East Africa,Water Sports,Second Class,2,PROCESSING,3,599.9700164999999,44.0
East Africa,Water Sports,Standard Class,4,CANCELED,2,399.980011,36.0
East Africa,Water Sports,Standard Class,4,CLOSED,9,1799.9100495,101.0
East Africa,Water Sports,Standard Class,4,COMPLETE,33,6599.6701815,770.0
East Africa,Water Sports,Standard Class,4,ON_HOLD,6,1199.940033,86.0
East Africa,Water Sports,Standard Class,4,PENDING,8,1599.920044,148.0
East Africa,Water Sports,Standard Class,4,PENDING_PAYMENT,29,5799.7101595,558.0
East Africa,Water Sports,Standard Class,4,PROCESSING,15,2999.8500825,275.0
East Africa,Water Sports,Standard Class,4,SUSPECTED_FRAUD,2,399.980011,44.0
East Africa,Women's Apparel,First Class,1,CLOSED,1,50.0,5.0
East Africa,Women's Apparel,First Class,1,COMPLETE,10,500.0,147.0
East Africa,Women's Apparel,First Class,1,PAYMENT_REVIEW,1,50.0,9.0
East Africa,Women's Apparel,First Class,1,PENDING,2,100.0,0.0
East Africa,Women's Apparel,First Class,1,PENDING_PAYMENT,9,450.0,203.5
East Africa,Women's Apparel,Same Day,0,COMPLETE,5,250.0,36.25
East Africa,Women's Apparel,Same Day,0,PENDING_PAYMENT,6,300.0,72.25
East Africa,Women's Apparel,Second Class,2,CANCELED,1,50.0,8.25
East Africa,Women's Apparel,Second Class,2,CLOSED,3,150.0,23.75
East Africa,Women's Apparel,Second Class,2,COMPLETE,9,450.0,139.25
East Africa,Women's Apparel,Second Class,2,ON_HOLD,1,50.0,2.0
East Africa,Women's Apparel,Second Class,2,PENDING,2,100.0,59.0
East Africa,Women's Apparel,Second Class,2,PENDING_PAYMENT,14,700.0,197.0
East Africa,Women's Apparel,Second Class,2,PROCESSING,1,50.0,20.0
East Africa,Women's Apparel,Standard Class,4,CANCELED,1,50.0,20.0
East Africa,Women's Apparel,Standard Class,4,CLOSED,10,500.0,119.0
East Africa,Women's Apparel,Standard Class,4,COMPLETE,23,1150.0,371.5
East Africa,Women's Apparel,Standard Class,4,ON_HOLD,2,100.0,4.5
East Africa,Women's Apparel,Standard Class,4,PENDING,4,200.0,80.0
East Africa,Women's Apparel,Standard Class,4,PENDING_PAYMENT,14,700.0,181.5
East Africa,Women's Apparel,Standard Class,4,PROCESSING,9,450.0,158.5
East of USA,Accessories,First Class,1,CLOSED,1,24.98999977,0.25
East of USA,Accessories,First Class,1,COMPLETE,2,49.97999954,8.5
East of USA,Accessories,First Class,1,PENDING,1,24.98999977,0.0
East of USA,Accessories,First Class,1,PENDING_PAYMENT,2,49.97999954,8.5
East of USA,Accessories,First Class,1,PROCESSING,1,24.98999977,0.0
East of USA,Accessories,Same Day,0,CLOSED,1,24.98999977,3.75
East of USA,Accessories,Same Day,0,PENDING,1,24.98999977,7.5
East of USA,Accessories,Same Day,0,PENDING_PAYMENT,1,24.98999977,2.0
East of USA,Accessories,Second Class,2,CLOSED,2,49.97999954,13.5
East of USA,Accessories,Second Class,2,COMPLETE,3,74.96999931,21.73999977
East of USA,Accessories,Second Class,2,PENDING,1,24.98999977,21.23999977
East of USA,Accessories,Second Class,2,PENDING_PAYMENT,4,99.95999908,21.23999977
East of USA,Accessories,Second Class,2,PROCESSING,1,24.98999977,12.0
East of USA,Accessories,Standard Class,4,CLOSED,2,49.97999954,17.73999977
East of USA,Accessories,Standard Class,4,COMPLETE,10,249.8999977,64.46999931
East of USA,Accessories,Standard Class,4,PENDING_PAYMENT,6,149.93999862,36.229999661
East of USA,Accessories,Standard Class,4,PROCESSING,4,99.95999908,46.23999977
East of USA,Baseball & Softball,First Class,1,COMPLETE,2,94.98000336,72.28000069
East of USA,Baseball & Softball,First Class,1,PAYMENT_REVIEW,1,59.99000168,23.39999962
East of USA,Baseball & Softball,First Class,1,PROCESSING,1,34.99000168,2.450000048
East of USA,Baseball & Softball,Second Class,2,CLOSED,1,59.99000168,30.59000015
East of USA,Baseball & Softball,Second Class,2,COMPLETE,3,154.97000504,32.850000143
East of USA,Baseball & Softball,Standard Class,4,CANCELED,1,59.99000168,30.0
East of USA,Baseball & Softball,Standard Class,4,CLOSED,2,119.98000336,62.97999954
East of USA,Baseball & Softball,Standard Class,4,COMPLETE,5,249.9500084,38.940000175
East of USA,Baseball & Softball,Standard Class,4,ON_HOLD,1,34.99000168,20.98999977
East of USA,Baseball & Softball,Standard Class,4,PENDING_PAYMENT,1,34.99000168,7.0
East of USA,Boxing & MMA,Same Day,0,ON_HOLD,2,109.94000244,30.789999961
East of USA,Boxing & MMA,Second Class,2,CANCELED,1,54.97000122,3.299999952
East of USA,Boxing & MMA,Second Class,2,COMPLETE,1,54.97000122,0.0
East of USA,Boxing & MMA,Second Class,2,ON_HOLD,1,54.97000122,5.5
East of USA,Boxing & MMA,Second Class,2,PENDING,1,54.97000122,10.98999977
East of USA,Boxing & MMA,Standard Class,4,COMPLETE,3,164.91000366,59.09999943
East of USA,Boxing & MMA,Standard Class,4,PENDING,1,54.97000122,4.949999809
East of USA,Boxing & MMA,Standard Class,4,PENDING_PAYMENT,1,54.97000122,29.68000031
East of USA,Camping & Hiking,First Class,1,CANCELED,3,899.940033,63.0
East of USA,Camping & Hiking,First Class,1,CLOSED,7,2099.860077,132.0
East of USA,Camping & Hiking,First Class,1,COMPLETE,21,6299.580231,802.5
East of USA,Camping & Hiking,First Class,1,ON_HOLD,4,1199.920044,115.5
East of USA,Camping & Hiking,First Class,1,PAYMENT_REVIEW,1,299.980011,16.5
East of USA,Camping & Hiking,First Class,1,PENDING,6,1799.880066,109.5
East of USA,Camping & Hiking,First Class,1,PENDING_PAYMENT,12,3599.760132,250.5
East of USA,Camping & Hiking,First Class,1,PROCESSING,3,899.940033,123.0
East of USA,Camping & Hiking,First Class,1,SUSPECTED_FRAUD,1,299.980011,12.0
East of USA,Camping & Hiking,Same Day,0,CLOSED,2,599.960022,60.0
East of USA,Camping & Hiking,Same Day,0,COMPLETE,10,2999.80011,400.5
East of USA,Camping & Hiking,Same Day,0,ON_HOLD,3,899.940033,57.0
East of USA,Camping & Hiking,Same Day,0,PENDING,3,899.940033,52.5
East of USA,Camping & Hiking,Same Day,0,PENDING_PAYMENT,4,1199.920044,96.0
East of USA,Camping & Hiking,Second Class,2,CANCELED,1,299.980011,45.0
East of USA,Camping & Hiking,Second Class,2,CLOSED,9,2699.820099,282.0
East of USA,Camping & Hiking,Second Class,2,COMPLETE,35,10499.300385,1221.0
East of USA,Camping & Hiking,Second Class,2,ON_HOLD,2,599.960022,57.0
East of USA,Camping & Hiking,Second Class,2,PENDING,1,299.980011,16.5
East of USA,Camping & Hiking,Second Class,2,PENDING_PAYMENT,21,6299.580231,537.0
East of USA,Camping & Hiking,Second Class,2,PROCESSING,2,599.960022,96.0
East of USA,Camping & Hiking,Standard Class,4,CANCELED,1,299.980011,15.0
East of USA,Camping & Hiking,Standard Class,4,CLOSED,28,8399.440308,987.0
East of USA,Camping & Hiking,Standard Class,4,COMPLETE,83,24898.340913,2679.0
East of USA,Camping & Hiking,Standard Class,4,ON_HOLD,18,5399.640198,541.5
East of USA,Camping & Hiking,Standard Class,4,PAYMENT_REVIEW,1,299.980011,39.0
East of USA,Camping & Hiking,Standard Class,4,PENDING,13,3899.740143,310.5
East of USA,Camping & Hiking,Standard Class,4,PENDING_PAYMENT,54,16198.920594,1519.5
East of USA,Camping & Hiking,Standard Class,4,PROCESSING,20,5999.60022,612.0
East of USA,Camping & Hiking,Standard Class,4,SUSPECTED_FRAUD,3,899.940033,75.0
East of USA,Cardio Equipment,First Class,1,CLOSED,9,899.90998074,442.45999148
East of USA,Cardio Equipment,First Class,1,COMPLETE,26,2529.7499465,879.43998716
East of USA,Cardio Equipment,First Class,1,ON_HOLD,3,299.96999358,88.0
East of USA,Cardio Equipment,First Class,1,PAYMENT_REVIEW,2,199.97999572,90.98999786
East of USA,Cardio Equipment,First Class,1,PENDING,3,299.96999358,62.0
East of USA,Cardio Equipment,First Class,1,PENDING_PAYMENT,12,1199.87997432,291.98999786
East of USA,Cardio Equipment,First Class,1,PROCESSING,1,99.98999786,20.0
East of USA,Cardio Equipment,Same Day,0,CLOSED,1,99.98999786,16.0
East of USA,Cardio Equipment,Same Day,0,COMPLETE,8,729.92998502,125.390001299
East of USA,Cardio Equipment,Same Day,0,ON_HOLD,1,99.98999786,4.0
East of USA,Cardio Equipment,Same Day,0,PENDING,1,99.98999786,59.99000168
East of USA,Cardio Equipment,Same Day,0,PENDING_PAYMENT,3,299.96999358,156.97999954
East of USA,Cardio Equipment,Second Class,2,CLOSED,8,799.91998288,158.98999786000002
East of USA,Cardio Equipment,Second Class,2,COMPLETE,30,2789.72994222,809.2599913920001
East of USA,Cardio Equipment,Second Class,2,ON_HOLD,5,499.9499893,135.0
East of USA,Cardio Equipment,Second Class,2,PAYMENT_REVIEW,2,199.97999572,64.98999786
East of USA,Cardio Equipment,Second Class,2,PENDING,3,299.96999358,46.0
East of USA,Cardio Equipment,Second Class,2,PENDING_PAYMENT,9,899.90998074,138.98999786000002
East of USA,Cardio Equipment,Second Class,2,PROCESSING,3,299.96999358,155.97999572
East of USA,Cardio Equipment,Standard Class,4,CANCELED,2,199.97999572,115.98999786
East of USA,Cardio Equipment,Standard Class,4,CLOSED,20,1999.7999572,515.47000122
East of USA,Cardio Equipment,Standard Class,4,COMPLETE,70,6719.33985876,2076.13999281
East of USA,Cardio Equipment,Standard Class,4,ON_HOLD,5,499.9499893,187.98999786
East of USA,Cardio Equipment,Standard Class,4,PAYMENT_REVIEW,3,299.96999358,36.0
East of USA,Cardio Equipment,Standard Class,4,PENDING,14,1399.85997004,688.92999266
East of USA,Cardio Equipment,Standard Class,4,PENDING_PAYMENT,33,3299.66992938,916.93999484
East of USA,Cardio Equipment,Standard Class,4,PROCESSING,14,1259.87997432,425.179995569
East of USA,Cardio Equipment,Standard Class,4,SUSPECTED_FRAUD,5,499.9499893,90.5
East of USA,Cleats,First Class,1,CANCELED,2,119.98000336,14.400000095
East of USA,Cleats,First Class,1,CLOSED,7,419.93001176,113.380001545
East of USA,Cleats,First Class,1,COMPLETE,35,2099.6500588,608.920007953
East of USA,Cleats,First Class,1,ON_HOLD,3,179.97000504,66.8900013
East of USA,Cleats,First Class,1,PAYMENT_REVIEW,2,119.98000336,19.800000189
East of USA,Cleats,First Class,1,PENDING,9,539.91001512,193.470003851
East of USA,Cleats,First Class,1,PENDING_PAYMENT,21,1259.79003528,498.539999495
East of USA,Cleats,First Class,1,PROCESSING,2,119.98000336,21.0
East of USA,Cleats,First Class,1,SUSPECTED_FRAUD,2,119.98000336,80.99000168
East of USA,Cleats,Same Day,0,CLOSED,2,119.98000336,14.400000572
East of USA,Cleats,Same Day,0,COMPLETE,15,899.8500252,244.169997692
East of USA,Cleats,Same Day,0,ON_HOLD,2,119.98000336,30.0
East of USA,Cleats,Same Day,0,PENDING,1,59.99000168,35.99000168
East of USA,Cleats,Same Day,0,PENDING_PAYMENT,9,539.91001512,175.480001923
East of USA,Cleats,Same Day,0,PROCESSING,9,539.91001512,228.579998257
East of USA,Cleats,Second Class,2,CANCELED,1,59.99000168,6.0
East of USA,Cleats,Second Class,2,CLOSED,19,1139.81003192,285.870001551
East of USA,Cleats,Second Class,2,COMPLETE,57,3419.43009576,1050.770011673
East of USA,Cleats,Second Class,2,ON_HOLD,8,479.92001344,185.969996924
East of USA,Cleats,Second Class,2,PAYMENT_REVIEW,2,119.98000336,38.990000721
East of USA,Cleats,Second Class,2,PENDING,6,359.94001008,129.59000158499998
East of USA,Cleats,Second Class,2,PENDING_PAYMENT,27,1619.73004536,527.930007695
East of USA,Cleats,Second Class,2,PROCESSING,6,359.94001008,58.190001006
East of USA,Cleats,Second Class,2,SUSPECTED_FRAUD,2,119.98000336,11.399999618
East of USA,Cleats,Standard Class,4,CANCELED,4,239.96000672,146.98000336
East of USA,Cleats,Standard Class,4,CLOSED,41,2459.59006888,904.680008901
East of USA,Cleats,Standard Class,4,COMPLETE,106,6358.94017808,2149.240027697
East of USA,Cleats,Standard Class,4,ON_HOLD,13,779.8700218399999,295.460007196
East of USA,Cleats,Standard Class,4,PAYMENT_REVIEW,2,119.98000336,76.77999878
East of USA,Cleats,Standard Class,4,PENDING,26,1559.74004368,488.350008495
East of USA,Cleats,Standard Class,4,PENDING_PAYMENT,59,3539.41009912,1148.250016814
East of USA,Cleats,Standard Class,4,PROCESSING,27,1619.73004536,572.310004121
East of USA,Cleats,Standard Class,4,SUSPECTED_FRAUD,9,539.91001512,107.390001773
East of USA,Electronics,First Class,1,CLOSED,2,63.97999954,8.0
East of USA,Electronics,First Class,1,COMPLETE,14,555.86000824,241.420003431
East of USA,Electronics,First Class,1,PROCESSING,1,31.98999977,3.839999914
East of USA,Electronics,Same Day,0,COMPLETE,5,175.95000076,58.819999097
East of USA,Electronics,Same Day,0,PENDING,1,31.98999977,3.200000048
East of USA,Electronics,Same Day,0,PROCESSING,1,31.98999977,0.0
East of USA,Electronics,Second Class,2,COMPLETE,8,304.92000389,72.230001749
East of USA,Electronics,Second Class,2,PENDING,1,31.98999977,6.400000095
East of USA,Electronics,Second Class,2,PENDING_PAYMENT,3,91.96999931,14.980000018999998
East of USA,Electronics,Standard Class,4,CANCELED,1,31.98999977,3.200000048
East of USA,Electronics,Standard Class,4,CLOSED,6,223.94000244,73.230001215
East of USA,Electronics,Standard Class,4,COMPLETE,17,683.83001137,308.730002116
East of USA,Electronics,Standard Class,4,ON_HOLD,6,200.94000053,78.060002809
East of USA,Electronics,Standard Class,4,PAYMENT_REVIEW,1,47.99000168,15.35999966
East of USA,Electronics,Standard Class,4,PENDING,3,140.97000504,81.280003551
East of USA,Electronics,Standard Class,4,PENDING_PAYMENT,9,372.91000748,64.640001359
East of USA,Electronics,Standard Class,4,PROCESSING,3,104.97000122,21.12999916
East of USA,Fitness Accessories,Second Class,2,COMPLETE,2,69.98000336,26.419999126
East of USA,Fitness Accessories,Second Class,2,PENDING_PAYMENT,2,69.98000336,10.5
East of USA,Fitness Accessories,Second Class,2,PROCESSING,1,34.99000168,4.550000191
East of USA,Fitness Accessories,Standard Class,4,ON_HOLD,1,34.99000168,1.75
East of USA,Fitness Accessories,Standard Class,4,PENDING_PAYMENT,1,34.99000168,2.099999905
East of USA,Fitness Accessories,Standard Class,4,PROCESSING,1,34.99000168,14.0
East of USA,Girls' Apparel,First Class,1,CLOSED,1,30.0,6.599999905
East of USA,Girls' Apparel,First Class,1,COMPLETE,3,90.0,15.299999714
East of USA,Girls' Apparel,First Class,1,PENDING_PAYMENT,2,140.0,25.199998859
East of USA,Girls' Apparel,First Class,1,PROCESSING,1,25.0,9.0
East of USA,Girls' Apparel,Same Day,0,PROCESSING,1,25.0,18.75
East of USA,Girls' Apparel,Second Class,2,CLOSED,3,90.0,60.0
East of USA,Girls' Apparel,Second Class,2,COMPLETE,3,165.0,63.85000038
East of USA,Girls' Apparel,Second Class,2,PENDING_PAYMENT,1,25.0,1.0
East of USA,Girls' Apparel,Second Class,2,PROCESSING,2,100.0,42.300000012
East of USA,Girls' Apparel,Standard Class,4,CLOSED,4,169.99000168,84.400000006
East of USA,Girls' Apparel,Standard Class,4,COMPLETE,7,204.99000168,45.999999763
East of USA,Girls' Apparel,Standard Class,4,PENDING,2,55.0,27.25
East of USA,Girls' Apparel,Standard Class,4,PENDING_PAYMENT,4,164.99000168,15.000000119
East of USA,Girls' Apparel,Standard Class,4,PROCESSING,3,170.0,62.60000229
East of USA,Girls' Apparel,Standard Class,4,SUSPECTED_FRAUD,1,25.0,1.5
East of USA,Golf Apparel,First Class,1,COMPLETE,1,19.98999977,0.0
East of USA,Golf Apparel,Second Class,2,COMPLETE,2,39.97999954,27.38000011
East of USA,Golf Apparel,Second Class,2,PROCESSING,1,19.98999977,0.0
East of USA,Golf Apparel,Standard Class,4,CLOSED,2,39.97999954,28.98999977
East of USA,Golf Apparel,Standard Class,4,COMPLETE,6,119.93999862,33.389999865
East of USA,Golf Apparel,Standard Class,4,ON_HOLD,1,19.98999977,11.98999977
East of USA,Golf Apparel,Standard Class,4,PENDING,4,79.95999908,26.39000034
East of USA,Golf Apparel,Standard Class,4,PENDING_PAYMENT,4,79.95999908,40.579999564000005
East of USA,Golf Apparel,Standard Class,4,PROCESSING,1,19.98999977,6.800000191
East of USA,Golf Balls,First Class,1,CLOSED,2,34.97999954,14.25
East of USA,Golf Balls,First Class,1,COMPLETE,5,82.94999885,21.159999609
East of USA,Golf Balls,First Class,1,ON_HOLD,1,19.98999977,11.98999977
East of USA,Golf Balls,First Class,1,PENDING,1,14.98999977,2.700000048
East of USA,Golf Balls,Second Class,2,CLOSED,1,17.98999977,12.22999954
East of USA,Golf Balls,Second Class,2,COMPLETE,2,34.97999954,10.899999976
East of USA,Golf Balls,Second Class,2,PENDING_PAYMENT,3,44.969999310000006,6.299999952
East of USA,Golf Balls,Standard Class,4,CANCELED,2,34.97999954,22.629999636
East of USA,Golf Balls,Standard Class,4,CLOSED,4,72.95999908,25.700000463
East of USA,Golf Balls,Standard Class,4,COMPLETE,8,143.91999816,44.729999897
East of USA,Golf Balls,Standard Class,4,ON_HOLD,5,82.94999885,33.260000706
East of USA,Golf Balls,Standard Class,4,PENDING,2,37.97999954,22.94999981
East of USA,Golf Balls,Standard Class,4,PENDING_PAYMENT,8,127.91999816,23.330000043
East of USA,Golf Balls,Standard Class,4,PROCESSING,1,14.98999977,1.5
East of USA,Golf Balls,Standard Class,4,SUSPECTED_FRAUD,1,19.98999977,2.799999952
East of USA,Golf Gloves,First Class,1,CLOSED,1,9.989999771,0.550000012
East of USA,Golf Gloves,First Class,1,COMPLETE,3,89.97000122,20.25
East of USA,Golf Gloves,First Class,1,ON_HOLD,1,9.989999771,1.0
East of USA,Golf Gloves,First Class,1,PENDING,1,39.99000168,12.0
East of USA,Golf Gloves,First Class,1,PROCESSING,1,39.99000168,8.0
East of USA,Golf Gloves,Same Day,0,CLOSED,1,9.989999771,3.200000048
East of USA,Golf Gloves,Same Day,0,PENDING,1,24.98999977,1.25
East of USA,Golf Gloves,Same Day,0,PENDING_PAYMENT,1,39.99000168,6.0
East of USA,Golf Gloves,Second Class,2,PROCESSING,1,9.989999771,0.0
East of USA,Golf Gloves,Standard Class,4,CLOSED,2,49.97999954,32.48999977
East of USA,Golf Gloves,Standard Class,4,COMPLETE,6,134.940002443,47.990000485
East of USA,Golf Gloves,Standard Class,4,ON_HOLD,1,9.989999771,3.5
East of USA,Golf Gloves,Standard Class,4,PAYMENT_REVIEW,1,24.98999977,18.73999977
East of USA,Golf Gloves,Standard Class,4,PENDING_PAYMENT,3,59.969999311,16.599999905
East of USA,Golf Gloves,Standard Class,4,PROCESSING,6,164.94000435200002,46.39000028
East of USA,Golf Shoes,First Class,1,COMPLETE,1,65.0,26.0
East of USA,Golf Shoes,Same Day,0,COMPLETE,1,65.0,0.0
East of USA,Golf Shoes,Same Day,0,PENDING_PAYMENT,1,65.0,10.72999954
East of USA,Golf Shoes,Second Class,2,CLOSED,1,65.0,13.0
East of USA,Golf Shoes,Standard Class,4,CANCELED,1,65.0,65.0
East of USA,Golf Shoes,Standard Class,4,CLOSED,1,65.0,48.75
East of USA,Golf Shoes,Standard Class,4,COMPLETE,1,65.0,9.75
East of USA,Golf Shoes,Standard Class,4,ON_HOLD,1,65.0,3.25
East of USA,Golf Shoes,Standard Class,4,PENDING,2,130.0,75.39999962
East of USA,Golf Shoes,Standard Class,4,PENDING_PAYMENT,5,325.0,104.64999962
East of USA,Golf Shoes,Standard Class,4,PROCESSING,2,130.0,87.75
East of USA,Hockey,First Class,1,CLOSED,1,25.0,1.25
East of USA,Hockey,First Class,1,COMPLETE,2,50.0,13.5
East of USA,Hockey,First Class,1,PROCESSING,1,22.0,2.200000048
East of USA,Hockey,Same Day,0,CANCELED,1,22.0,1.980000019
East of USA,Hockey,Same Day,0,COMPLETE,1,22.0,4.619999886
East of USA,Hockey,Second Class,2,CLOSED,2,50.0,4.75
East of USA,Hockey,Second Class,2,COMPLETE,1,22.0,2.200000048
East of USA,Hockey,Second Class,2,ON_HOLD,1,22.0,1.100000024
East of USA,Hockey,Standard Class,4,COMPLETE,7,169.0,41.75
East of USA,Hockey,Standard Class,4,ON_HOLD,1,22.0,3.519999981
East of USA,Hockey,Standard Class,4,PENDING,2,47.0,7.0
East of USA,Hockey,Standard Class,4,PENDING_PAYMENT,4,91.0,39.509999278
East of USA,Hockey,Standard Class,4,PROCESSING,2,50.0,13.0
East of USA,Hunting & Shooting,First Class,1,COMPLETE,1,29.98999977,7.5
East of USA,Hunting & Shooting,First Class,1,PENDING,1,29.98999977,10.80000019
East of USA,Hunting & Shooting,Same Day,0,PENDING_PAYMENT,1,29.98999977,6.599999905
East of USA,Hunting & Shooting,Second Class,2,CLOSED,1,29.98999977,1.5
East of USA,Hunting & Shooting,Second Class,2,COMPLETE,1,29.98999977,10.80000019
East of USA,Hunting & Shooting,Second Class,2,PAYMENT_REVIEW,1,29.98999977,9.0
East of USA,Hunting & Shooting,Standard Class,4,CLOSED,3,89.96999931,21.599999905
East of USA,Hunting & Shooting,Standard Class,4,COMPLETE,1,29.98999977,0.899999976
East of USA,Hunting & Shooting,Standard Class,4,PAYMENT_REVIEW,1,29.98999977,6.300000191
East of USA,Hunting & Shooting,Standard Class,4,PENDING,1,29.98999977,0.0
East of USA,Hunting & Shooting,Standard Class,4,PROCESSING,1,29.98999977,4.800000191
East of USA,Indoor/Outdoor Games,First Class,1,CANCELED,1,49.97999954,17.48999977
East of USA,Indoor/Outdoor Games,First Class,1,CLOSED,14,699.71999356,175.92999839
East of USA,Indoor/Outdoor Games,First Class,1,COMPLETE,44,2199.11997976,654.0400009
East of USA,Indoor/Outdoor Games,First Class,1,ON_HOLD,9,449.81999586,204.15999793
East of USA,Indoor/Outdoor Games,First Class,1,PAYMENT_REVIEW,4,199.91999816,73.46999931
East of USA,Indoor/Outdoor Games,First Class,1,PENDING,11,549.77999494,106.97000122
East of USA,Indoor/Outdoor Games,First Class,1,PENDING_PAYMENT,17,849.65999218,243.92000198
East of USA,Indoor/Outdoor Games,First Class,1,PROCESSING,10,499.7999954,128.4600029
East of USA,Indoor/Outdoor Games,Same Day,0,CANCELED,1,49.97999954,12.98999977
East of USA,Indoor/Outdoor Games,Same Day,0,CLOSED,7,349.85999678,131.95000076
East of USA,Indoor/Outdoor Games,Same Day,0,COMPLETE,16,799.67999264,224.90999793
East of USA,Indoor/Outdoor Games,Same Day,0,PENDING,3,149.93999862,40.98999977
East of USA,Indoor/Outdoor Games,Same Day,0,PENDING_PAYMENT,6,299.87999724,129.43999862
East of USA,Indoor/Outdoor Games,Same Day,0,PROCESSING,5,249.8999977,68.46999931
East of USA,Indoor/Outdoor Games,Same Day,0,SUSPECTED_FRAUD,1,49.97999954,10.0
East of USA,Indoor/Outdoor Games,Second Class,2,CANCELED,3,149.93999862,25.5
East of USA,Indoor/Outdoor Games,Second Class,2,CLOSED,12,599.75999448,220.91999816
East of USA,Indoor/Outdoor Games,Second Class,2,COMPLETE,48,2399.03997792,598.5700015900001
East of USA,Indoor/Outdoor Games,Second Class,2,ON_HOLD,8,399.83999632,141.18999862
East of USA,Indoor/Outdoor Games,Second Class,2,PAYMENT_REVIEW,2,99.95999908,55.97999954
East of USA,Indoor/Outdoor Games,Second Class,2,PENDING,21,1049.57999034,432.35000419
East of USA,Indoor/Outdoor Games,Second Class,2,PENDING_PAYMENT,26,1299.47998804,218.44000053
East of USA,Indoor/Outdoor Games,Second Class,2,PROCESSING,15,749.6999931,133.96999931
East of USA,Indoor/Outdoor Games,Second Class,2,SUSPECTED_FRAUD,2,99.95999908,28.97999954
East of USA,Indoor/Outdoor Games,Standard Class,4,CANCELED,8,399.83999632,81.23000145
East of USA,Indoor/Outdoor Games,Standard Class,4,CLOSED,42,2099.15998068,714.73999975
East of USA,Indoor/Outdoor Games,Standard Class,4,COMPLETE,139,6947.21993606,1786.69000049
East of USA,Indoor/Outdoor Games,Standard Class,4,ON_HOLD,26,1299.47998804,445.2999954
East of USA,Indoor/Outdoor Games,Standard Class,4,PAYMENT_REVIEW,1,49.97999954,24.98999977
East of USA,Indoor/Outdoor Games,Standard Class,4,PENDING,39,1949.21998206,544.80000113
East of USA,Indoor/Outdoor Games,Standard Class,4,PENDING_PAYMENT,86,4298.27996044,1420.28000447
East of USA,Indoor/Outdoor Games,Standard Class,4,PROCESSING,41,2049.17998114,530.5900020500001
East of USA,Indoor/Outdoor Games,Standard Class,4,SUSPECTED_FRAUD,13,649.73999402,270.66000175
East of USA,Lacrosse,First Class,1,CLOSED,1,24.98999977,0.5
East of USA,Lacrosse,First Class,1,PENDING_PAYMENT,2,49.97999954,13.0
East of USA,Lacrosse,Second Class,2,CLOSED,2,49.97999954,20.48999977
East of USA,Lacrosse,Second Class,2,PENDING_PAYMENT,1,24.98999977,12.98999977
East of USA,Lacrosse,Standard Class,4,COMPLETE,2,49.97999954,18.73999977
East of USA,Men's Footwear,First Class,1,CANCELED,3,389.9700165,29.899999619
East of USA,Men's Footwear,First Class,1,CLOSED,6,779.940033,74.099999431
East of USA,Men's Footwear,First Class,1,COMPLETE,37,4809.6302035,362.700001235
East of USA,Men's Footwear,First Class,1,ON_HOLD,5,649.9500275,50.69999981
East of USA,Men's Footwear,First Class,1,PAYMENT_REVIEW,3,389.9700165,36.399999619
East of USA,Men's Footwear,First Class,1,PENDING,6,779.940033,92.29999924
East of USA,Men's Footwear,First Class,1,PENDING_PAYMENT,26,3379.740143,249.599999666
East of USA,Men's Footwear,First Class,1,PROCESSING,4,519.960022,35.100000382
East of USA,Men's Footwear,First Class,1,SUSPECTED_FRAUD,3,389.9700165,45.500000001
East of USA,Men's Footwear,Same Day,0,CLOSED,7,909.9300385,92.299999476
East of USA,Men's Footwear,Same Day,0,COMPLETE,9,1169.9100495,83.849999906
East of USA,Men's Footwear,Same Day,0,ON_HOLD,4,519.960022,39.0
East of USA,Men's Footwear,Same Day,0,PENDING,3,389.9700165,57.19999886
East of USA,Men's Footwear,Same Day,0,PENDING_PAYMENT,10,1299.900055,182.000000001
East of USA,Men's Footwear,Same Day,0,PROCESSING,1,129.9900055,15.60000038
East of USA,Men's Footwear,Second Class,2,CANCELED,2,259.980011,41.60000038
East of USA,Men's Footwear,Second Class,2,CLOSED,19,2469.8101045,299.649997245
East of USA,Men's Footwear,Second Class,2,COMPLETE,52,6759.480286,687.69999387
East of USA,Men's Footwear,Second Class,2,ON_HOLD,6,779.940033,83.849999905
East of USA,Men's Footwear,Second Class,2,PAYMENT_REVIEW,2,259.980011,32.5
East of USA,Men's Footwear,Second Class,2,PENDING,10,1299.900055,80.599999666
East of USA,Men's Footwear,Second Class,2,PENDING_PAYMENT,14,1819.860077,163.799999
East of USA,Men's Footwear,Second Class,2,PROCESSING,6,779.940033,114.39999867
East of USA,Men's Footwear,Standard Class,4,CANCELED,6,779.940033,46.799999713000005
East of USA,Men's Footwear,Standard Class,4,CLOSED,46,5979.540253,631.799999476
East of USA,Men's Footwear,Standard Class,4,COMPLETE,166,21578.340913,2083.249995721
East of USA,Men's Footwear,Standard Class,4,ON_HOLD,21,2729.7901155,282.099999666
East of USA,Men's Footwear,Standard Class,4,PAYMENT_REVIEW,1,129.9900055,5.199999809
East of USA,Men's Footwear,Standard Class,4,PENDING,13,1689.8700715,206.699999335
East of USA,Men's Footwear,Standard Class,4,PENDING_PAYMENT,74,9619.260407,993.849999194
East of USA,Men's Footwear,Standard Class,4,PROCESSING,19,2469.8101045,317.199999572
East of USA,Men's Footwear,Standard Class,4,SUSPECTED_FRAUD,4,519.960022,75.39999867
East of USA,Shop By Sport,First Class,1,CANCELED,1,39.99000168,8.0
East of USA,Shop By Sport,First Class,1,CLOSED,7,279.93001176,32.399999976000004
East of USA,Shop By Sport,First Class,1,COMPLETE,24,949.77003864,228.760000468
East of USA,Shop By Sport,First Class,1,ON_HOLD,5,199.9500084,100.770001885
East of USA,Shop By Sport,First Class,1,PENDING,3,119.97000504,50.789999961
East of USA,Shop By Sport,First Class,1,PENDING_PAYMENT,18,719.8200302399999,275.750006799
East of USA,Shop By Sport,Same Day,0,CLOSED,5,199.9500084,52.790000257
East of USA,Shop By Sport,Same Day,0,COMPLETE,9,339.93001176,127.770001945
East of USA,Shop By Sport,Same Day,0,ON_HOLD,3,119.97000504,47.18999958
East of USA,Shop By Sport,Same Day,0,PENDING,1,39.99000168,49.99000168
East of USA,Shop By Sport,Same Day,0,PENDING_PAYMENT,1,39.99000168,20.38999939
East of USA,Shop By Sport,Same Day,0,PROCESSING,1,39.99000168,1.600000024
East of USA,Shop By Sport,Second Class,2,CLOSED,10,399.9000168,145.990002869
East of USA,Shop By Sport,Second Class,2,COMPLETE,29,1139.73004536,315.540004488
East of USA,Shop By Sport,Second Class,2,ON_HOLD,2,79.98000336,39.590001585
East of USA,Shop By Sport,Second Class,2,PAYMENT_REVIEW,1,39.99000168,16.0
East of USA,Shop By Sport,Second Class,2,PENDING,2,79.98000336,19.20000076
East of USA,Shop By Sport,Second Class,2,PENDING_PAYMENT,14,549.8700218399999,156.570000946
East of USA,Shop By Sport,Second Class,2,PROCESSING,1,39.99000168,6.0
East of USA,Shop By Sport,Second Class,2,SUSPECTED_FRAUD,2,79.98000336,1.200000018
East of USA,Shop By Sport,Standard Class,4,CANCELED,3,119.97000504,20.400000095
East of USA,Shop By Sport,Standard Class,4,CLOSED,16,629.8500252,127.590000209
East of USA,Shop By Sport,Standard Class,4,COMPLETE,58,2269.47008904,727.35000937
East of USA,Shop By Sport,Standard Class,4,ON_HOLD,8,319.92001344,33.199999931
East of USA,Shop By Sport,Standard Class,4,PENDING,10,399.9000168,92.799999478
East of USA,Shop By Sport,Standard Class,4,PENDING_PAYMENT,25,999.750042,269.569998807
East of USA,Shop By Sport,Standard Class,4,PROCESSING,20,789.81003192,251.970003372
East of USA,Shop By Sport,Standard Class,4,SUSPECTED_FRAUD,5,199.9500084,48.789999604
East of USA,Tennis & Racquet,First Class,1,PENDING_PAYMENT,1,44.99000168,10.80000019
East of USA,Tennis & Racquet,Same Day,0,COMPLETE,1,44.99000168,0.0
East of USA,Tennis & Racquet,Second Class,2,COMPLETE,1,44.99000168,17.54999924
East of USA,Tennis & Racquet,Second Class,2,PENDING_PAYMENT,1,44.99000168,1.350000024
East of USA,Tennis & Racquet,Standard Class,4,CLOSED,1,44.99000168,16.20000076
East of USA,Tennis & Racquet,Standard Class,4,COMPLETE,1,44.99000168,44.99000168
East of USA,Tennis & Racquet,Standard Class,4,PENDING,1,44.99000168,6.75
East of USA,Tennis & Racquet,Standard Class,4,PENDING_PAYMENT,1,44.99000168,11.69999981
East of USA,Trade-In,First Class,1,CLOSED,1,15.98999977,0.959999979
East of USA,Trade-In,First Class,1,COMPLETE,3,59.969999310000006,10.100000143
East of USA,Trade-In,First Class,1,PENDING_PAYMENT,1,15.98999977,1.919999957
East of USA,Trade-In,Same Day,0,COMPLETE,1,21.98999977,8.800000191
East of USA,Trade-In,Second Class,2,CLOSED,1,15.98999977,0.0
East of USA,Trade-In,Second Class,2,COMPLETE,4,75.95999908,31.879999399
East of USA,Trade-In,Second Class,2,PENDING_PAYMENT,1,21.98999977,0.439999998
East of USA,Trade-In,Standard Class,4,CLOSED,2,43.97999954,27.489999769
East of USA,Trade-In,Standard Class,4,COMPLETE,6,113.93999862,30.659999817
East of USA,Trade-In,Standard Class,4,ON_HOLD,1,15.98999977,2.400000095
East of USA,Trade-In,Standard Class,4,PENDING,1,21.98999977,2.640000105
East of USA,Trade-In,Standard Class,4,PENDING_PAYMENT,1,15.98999977,1.120000005
East of USA,Trade-In,Standard Class,4,PROCESSING,2,31.97999954,14.869999884
East of USA,Trade-In,Standard Class,4,SUSPECTED_FRAUD,2,31.97999954,7.999999761
East of USA,Water Sports,First Class,1,CLOSED,9,1799.9100495,208.0
East of USA,Water Sports,First Class,1,COMPLETE,39,7799.610214499999,800.0
East of USA,Water Sports,First Class,1,ON_HOLD,3,599.9700164999999,70.0
East of USA,Water Sports,First Class,1,PAYMENT_REVIEW,1,199.9900055,10.0
East of USA,Water Sports,First Class,1,PENDING,9,1799.9100495,149.0
East of USA,Water Sports,First Class,1,PENDING_PAYMENT,25,4999.7501375,326.0
East of USA,Water Sports,First Class,1,PROCESSING,14,2799.860077,199.0
East of USA,Water Sports,First Class,1,SUSPECTED_FRAUD,1,199.9900055,6.0
East of USA,Water Sports,Same Day,0,CANCELED,3,599.9700164999999,63.0
East of USA,Water Sports,Same Day,0,CLOSED,7,1399.9300385,198.0
East of USA,Water Sports,Same Day,0,COMPLETE,13,2599.8700715,268.0
East of USA,Water Sports,Same Day,0,ON_HOLD,7,1399.9300385,210.0
East of USA,Water Sports,Same Day,0,PENDING,3,599.9700164999999,70.0
East of USA,Water Sports,Same Day,0,PENDING_PAYMENT,6,1199.940033,139.0
East of USA,Water Sports,Same Day,0,PROCESSING,7,1399.9300385,105.0
East of USA,Water Sports,Same Day,0,SUSPECTED_FRAUD,2,399.980011,70.0
East of USA,Water Sports,Second Class,2,CANCELED,6,1199.940033,120.0
East of USA,Water Sports,Second Class,2,CLOSED,16,3199.840088,328.0
East of USA,Water Sports,Second Class,2,COMPLETE,40,7999.60022,789.0
East of USA,Water Sports,Second Class,2,ON_HOLD,13,2599.8700715,275.0
East of USA,Water Sports,Second Class,2,PENDING,11,2199.8900605,292.0
East of USA,Water Sports,Second Class,2,PENDING_PAYMENT,27,5399.7301485,478.0
East of USA,Water Sports,Second Class,2,PROCESSING,14,2799.860077,288.0
East of USA,Water Sports,Second Class,2,SUSPECTED_FRAUD,2,399.980011,6.0
East of USA,Water Sports,Standard Class,4,CANCELED,8,1599.920044,139.0
East of USA,Water Sports,Standard Class,4,CLOSED,55,10999.4503025,1245.0
East of USA,Water Sports,Standard Class,4,COMPLETE,115,22998.8506325,2451.0
East of USA,Water Sports,Standard Class,4,ON_HOLD,17,3399.8300935,370.0
East of USA,Water Sports,Standard Class,4,PAYMENT_REVIEW,3,599.9700164999999,86.0
East of USA,Water Sports,Standard Class,4,PENDING,31,6199.6901705,486.0
East of USA,Water Sports,Standard Class,4,PENDING_PAYMENT,84,16799.160462,1745.0
East of USA,Water Sports,Standard Class,4,PROCESSING,53,10599.4702915,1226.0
East of USA,Water Sports,Standard Class,4,SUSPECTED_FRAUD,7,1399.9300385,126.0
East of USA,Women's Apparel,First Class,1,CANCELED,1,50.0,40.0
East of USA,Women's Apparel,First Class,1,CLOSED,13,650.0,168.25
East of USA,Women's Apparel,First Class,1,COMPLETE,46,2300.0,827.75
East of USA,Women's Apparel,First Class,1,ON_HOLD,5,250.0,62.5
East of USA,Women's Apparel,First Class,1,PAYMENT_REVIEW,1,50.0,5.0
East of USA,Women's Apparel,First Class,1,PENDING,10,500.0,133.75
East of USA,Women's Apparel,First Class,1,PENDING_PAYMENT,20,1000.0,351.5
East of USA,Women's Apparel,First Class,1,PROCESSING,2,100.0,35.0
East of USA,Women's Apparel,First Class,1,SUSPECTED_FRAUD,2,100.0,43.5
East of USA,Women's Apparel,Same Day,0,CLOSED,6,300.0,137.0
East of USA,Women's Apparel,Same Day,0,COMPLETE,16,800.0,247.0
East of USA,Women's Apparel,Same Day,0,ON_HOLD,3,150.0,58.5
East of USA,Women's Apparel,Same Day,0,PENDING_PAYMENT,8,400.0,136.5
East of USA,Women's Apparel,Same Day,0,PROCESSING,1,50.0,22.5
East of USA,Women's Apparel,Second Class,2,CLOSED,13,650.0,117.0
East of USA,Women's Apparel,Second Class,2,COMPLETE,59,2950.0,1199.5
East of USA,Women's Apparel,Second Class,2,ON_HOLD,3,150.0,60.0
East of USA,Women's Apparel,Second Class,2,PAYMENT_REVIEW,1,50.0,0.0
East of USA,Women's Apparel,Second Class,2,PENDING,4,200.0,99.5
East of USA,Women's Apparel,Second Class,2,PENDING_PAYMENT,16,800.0,242.0
East of USA,Women's Apparel,Second Class,2,PROCESSING,8,400.0,100.5
East of USA,Women's Apparel,Second Class,2,SUSPECTED_FRAUD,1,50.0,62.5
East of USA,Women's Apparel,Standard Class,4,CANCELED,2,100.0,44.0
East of USA,Women's Apparel,Standard Class,4,CLOSED,49,2450.0,707.5
East of USA,Women's Apparel,Standard Class,4,COMPLETE,104,5200.0,1608.5
East of USA,Women's Apparel,Standard Class,4,ON_HOLD,12,600.0,181.25
East of USA,Women's Apparel,Standard Class,4,PAYMENT_REVIEW,3,150.0,19.0
East of USA,Women's Apparel,Standard Class,4,PENDING,27,1350.0,423.5
East of USA,Women's Apparel,Standard Class,4,PENDING_PAYMENT,43,2150.0,583.25
East of USA,Women's Apparel,Standard Class,4,PROCESSING,30,1500.0,503.75
East of USA,Women's Apparel,Standard Class,4,SUSPECTED_FRAUD,5,250.0,45.0
Eastern Asia,Accessories,First Class,1,CLOSED,2,49.97999954,28.47999954
Eastern Asia,Accessories,First Class,1,COMPLETE,1,24.98999977,0.5
Eastern Asia,Accessories,First Class,1,PENDING_PAYMENT,2,49.97999954,3.75
Eastern Asia,Accessories,Same Day,0,CLOSED,2,49.97999954,12.5
Eastern Asia,Accessories,Second Class,2,CLOSED,1,24.98999977,2.75
Eastern Asia,Accessories,Second Class,2,COMPLETE,2,49.97999954,20.98999977
Eastern Asia,Accessories,Second Class,2,PAYMENT_REVIEW,1,24.98999977,5.5
Eastern Asia,Accessories,Second Class,2,PENDING,1,24.98999977,8.5
Eastern Asia,Accessories,Second Class,2,PENDING_PAYMENT,3,74.96999931,22.75
Eastern Asia,Accessories,Second Class,2,PROCESSING,1,24.98999977,1.5
Eastern Asia,Accessories,Standard Class,4,CLOSED,3,74.96999931,28.98999977
Eastern Asia,Accessories,Standard Class,4,COMPLETE,7,174.92999839,34.48999977
Eastern Asia,Accessories,Standard Class,4,PENDING,2,49.97999954,25.48999977
Eastern Asia,Accessories,Standard Class,4,PENDING_PAYMENT,5,124.94999885,54.97999954
Eastern Asia,Accessories,Standard Class,4,PROCESSING,1,24.98999977,6.25
Eastern Asia,Accessories,Standard Class,4,SUSPECTED_FRAUD,1,24.98999977,9.0
Eastern Asia,Baby ,First Class,1,CLOSED,1,59.08000183,2.950000048
Eastern Asia,Baby ,First Class,1,COMPLETE,3,177.24000549,22.749999528
Eastern Asia,Baby ,First Class,1,ON_HOLD,1,59.08000183,1.769999981
Eastern Asia,Baby ,First Class,1,PENDING_PAYMENT,1,59.08000183,2.359999895
Eastern Asia,Baby ,Same Day,0,COMPLETE,1,59.08000183,9.449999809
Eastern Asia,Baby ,Same Day,0,ON_HOLD,1,59.08000183,8.859999657
Eastern Asia,Baby ,Second Class,2,CLOSED,1,59.08000183,1.769999981
Eastern Asia,Baby ,Second Class,2,COMPLETE,4,236.32000732,15.069999933
Eastern Asia,Baby ,Second Class,2,ON_HOLD,2,118.16000366,4.1299999960000005
Eastern Asia,Baby ,Second Class,2,PENDING_PAYMENT,1,59.08000183,1.769999981
Eastern Asia,Baby ,Second Class,2,SUSPECTED_FRAUD,1,59.08000183,2.359999895
Eastern Asia,Baby ,Standard Class,4,CLOSED,1,59.08000183,3.25
Eastern Asia,Baby ,Standard Class,4,COMPLETE,4,236.32000732,30.130000415
Eastern Asia,Baby ,Standard Class,4,ON_HOLD,1,59.08000183,0.0
Eastern Asia,Baby ,Standard Class,4,PENDING,2,118.16000366,21.85999966
Eastern Asia,Baby ,Standard Class,4,PENDING_PAYMENT,4,236.32000732,31.299999825
Eastern Asia,Baseball & Softball,First Class,1,CLOSED,1,59.99000168,15.60000038
Eastern Asia,Baseball & Softball,First Class,1,PENDING_PAYMENT,1,34.99000168,7.0
Eastern Asia,Baseball & Softball,Same Day,0,PENDING,1,34.99000168,3.849999905
Eastern Asia,Baseball & Softball,Second Class,2,PENDING_PAYMENT,1,34.99000168,1.75
Eastern Asia,Baseball & Softball,Standard Class,4,CANCELED,1,34.99000168,7.699999809
Eastern Asia,Baseball & Softball,Standard Class,4,CLOSED,2,119.98000336,48.60000038
Eastern Asia,Baseball & Softball,Standard Class,4,COMPLETE,1,59.99000168,47.99000168
Eastern Asia,Baseball & Softball,Standard Class,4,PENDING,1,59.99000168,30.0
Eastern Asia,Baseball & Softball,Standard Class,4,PENDING_PAYMENT,1,59.99000168,5.400000095
Eastern Asia,Books ,First Class,1,CLOSED,1,31.07999992,1.549999952
Eastern Asia,Books ,First Class,1,COMPLETE,1,31.07999992,1.710000038
Eastern Asia,Books ,Same Day,0,PENDING_PAYMENT,1,31.07999992,2.799999952
Eastern Asia,Books ,Same Day,0,SUSPECTED_FRAUD,1,31.07999992,0.0
Eastern Asia,Books ,Second Class,2,COMPLETE,1,31.07999992,2.799999952
Eastern Asia,Books ,Second Class,2,PENDING,1,31.07999992,5.590000153
Eastern Asia,Books ,Standard Class,4,CLOSED,1,31.07999992,0.930000007
Eastern Asia,Books ,Standard Class,4,COMPLETE,3,93.23999976,11.809999704
Eastern Asia,Books ,Standard Class,4,PAYMENT_REVIEW,1,31.07999992,3.730000019
Eastern Asia,Books ,Standard Class,4,PENDING_PAYMENT,1,31.07999992,4.96999979
Eastern Asia,Boxing & MMA,Second Class,2,COMPLETE,2,109.94000244,40.12999916
Eastern Asia,Boxing & MMA,Standard Class,4,CLOSED,1,54.97000122,2.200000048
Eastern Asia,Boxing & MMA,Standard Class,4,COMPLETE,1,54.97000122,16.48999977
Eastern Asia,Boxing & MMA,Standard Class,4,PENDING,2,109.94000244,42.32999992
Eastern Asia,Boxing & MMA,Standard Class,4,PENDING_PAYMENT,1,54.97000122,35.18000031
Eastern Asia,Boxing & MMA,Standard Class,4,SUSPECTED_FRAUD,1,54.97000122,8.25
Eastern Asia,CDs ,First Class,1,COMPLETE,1,11.28999996,1.129999995
Eastern Asia,CDs ,First Class,1,SUSPECTED_FRAUD,1,11.28999996,0.620000005
Eastern Asia,CDs ,Same Day,0,CLOSED,1,11.28999996,1.690000057
Eastern Asia,CDs ,Second Class,2,ON_HOLD,1,11.28999996,2.819999933
Eastern Asia,CDs ,Standard Class,4,COMPLETE,7,79.02999971999999,5.75999996
Eastern Asia,CDs ,Standard Class,4,PENDING,1,11.28999996,0.449999988
Eastern Asia,CDs ,Standard Class,4,PENDING_PAYMENT,5,56.4499998,5.880000084
Eastern Asia,Camping & Hiking,First Class,1,CANCELED,1,299.980011,12.0
Eastern Asia,Camping & Hiking,First Class,1,CLOSED,8,2399.840088,286.5
Eastern Asia,Camping & Hiking,First Class,1,COMPLETE,9,2699.820099,297.0
Eastern Asia,Camping & Hiking,First Class,1,ON_HOLD,3,899.940033,72.0
Eastern Asia,Camping & Hiking,First Class,1,PAYMENT_REVIEW,1,299.980011,27.0
Eastern Asia,Camping & Hiking,First Class,1,PENDING,3,899.940033,60.0
Eastern Asia,Camping & Hiking,First Class,1,PENDING_PAYMENT,18,5399.640198,649.5
Eastern Asia,Camping & Hiking,First Class,1,PROCESSING,6,1799.880066,193.5
Eastern Asia,Camping & Hiking,Same Day,0,CLOSED,2,599.960022,60.0
Eastern Asia,Camping & Hiking,Same Day,0,COMPLETE,5,1499.900055,219.0
Eastern Asia,Camping & Hiking,Same Day,0,ON_HOLD,1,299.980011,15.0
Eastern Asia,Camping & Hiking,Second Class,2,CANCELED,1,299.980011,51.0
Eastern Asia,Camping & Hiking,Second Class,2,CLOSED,10,2999.80011,198.0
Eastern Asia,Camping & Hiking,Second Class,2,COMPLETE,37,11099.260407,1362.0
Eastern Asia,Camping & Hiking,Second Class,2,ON_HOLD,7,2099.860077,300.0
Eastern Asia,Camping & Hiking,Second Class,2,PENDING,1,299.980011,45.0
Eastern Asia,Camping & Hiking,Second Class,2,PENDING_PAYMENT,12,3599.760132,288.0
Eastern Asia,Camping & Hiking,Second Class,2,PROCESSING,5,1499.900055,124.5
Eastern Asia,Camping & Hiking,Standard Class,4,CLOSED,27,8099.460297,973.5
Eastern Asia,Camping & Hiking,Standard Class,4,COMPLETE,77,23098.460847,2197.5
Eastern Asia,Camping & Hiking,Standard Class,4,ON_HOLD,6,1799.880066,171.0
Eastern Asia,Camping & Hiking,Standard Class,4,PAYMENT_REVIEW,2,599.960022,39.0
Eastern Asia,Camping & Hiking,Standard Class,4,PENDING,7,2099.860077,165.0
Eastern Asia,Camping & Hiking,Standard Class,4,PENDING_PAYMENT,39,11699.220429,975.0
Eastern Asia,Camping & Hiking,Standard Class,4,PROCESSING,4,1199.920044,78.0
Eastern Asia,Cardio Equipment,First Class,1,CANCELED,2,199.97999572,68.0
Eastern Asia,Cardio Equipment,First Class,1,CLOSED,9,899.90998074,220.98000336
Eastern Asia,Cardio Equipment,First Class,1,COMPLETE,12,1199.87997432,252.97999572
Eastern Asia,Cardio Equipment,First Class,1,PENDING,3,229.97999572,84.0
Eastern Asia,Cardio Equipment,First Class,1,PENDING_PAYMENT,14,1329.86997218,329.49000168
Eastern Asia,Cardio Equipment,First Class,1,PROCESSING,4,399.95999144,208.98999786
Eastern Asia,Cardio Equipment,First Class,1,SUSPECTED_FRAUD,1,99.98999786,2.0
Eastern Asia,Cardio Equipment,Same Day,0,CLOSED,3,299.96999358,157.47999954
Eastern Asia,Cardio Equipment,Same Day,0,COMPLETE,1,99.98999786,0.0
Eastern Asia,Cardio Equipment,Same Day,0,ON_HOLD,1,99.98999786,79.98999786
Eastern Asia,Cardio Equipment,Same Day,0,PENDING,3,229.97999572,36.0
Eastern Asia,Cardio Equipment,Same Day,0,PENDING_PAYMENT,3,299.96999358,119.98999786
Eastern Asia,Cardio Equipment,Same Day,0,PROCESSING,1,99.98999786,24.0
Eastern Asia,Cardio Equipment,Same Day,0,SUSPECTED_FRAUD,2,129.98999786000002,63.0
Eastern Asia,Cardio Equipment,Second Class,2,CANCELED,1,99.98999786,17.0
Eastern Asia,Cardio Equipment,Second Class,2,CLOSED,3,299.96999358,131.98999786000002
Eastern Asia,Cardio Equipment,Second Class,2,COMPLETE,12,1129.88997646,174.5
Eastern Asia,Cardio Equipment,Second Class,2,ON_HOLD,4,399.95999144,87.0
Eastern Asia,Cardio Equipment,Second Class,2,PAYMENT_REVIEW,2,199.97999572,5.5
Eastern Asia,Cardio Equipment,Second Class,2,PENDING_PAYMENT,15,1499.8499679,391.4899979
Eastern Asia,Cardio Equipment,Second Class,2,PROCESSING,1,99.98999786,3.0
Eastern Asia,Cardio Equipment,Second Class,2,SUSPECTED_FRAUD,2,199.97999572,23.0
Eastern Asia,Cardio Equipment,Standard Class,4,CANCELED,4,399.95999144,161.97999572
Eastern Asia,Cardio Equipment,Standard Class,4,CLOSED,25,2429.75994864,819.92999648
Eastern Asia,Cardio Equipment,Standard Class,4,COMPLETE,51,5029.499893,1608.30998804
Eastern Asia,Cardio Equipment,Standard Class,4,ON_HOLD,5,499.9499893,123.99000168
Eastern Asia,Cardio Equipment,Standard Class,4,PENDING,9,829.91998288,278.47999954
Eastern Asia,Cardio Equipment,Standard Class,4,PENDING_PAYMENT,30,2999.6999358000003,572.97999954
Eastern Asia,Cardio Equipment,Standard Class,4,PROCESSING,18,1799.81996148,631.95999908
Eastern Asia,Cardio Equipment,Standard Class,4,SUSPECTED_FRAUD,3,299.96999358,206.97999958
Eastern Asia,Children's Clothing,First Class,1,COMPLETE,1,357.1000061,46.41999817
Eastern Asia,Children's Clothing,First Class,1,SUSPECTED_FRAUD,1,357.1000061,25.0
Eastern Asia,Children's Clothing,Same Day,0,ON_HOLD,1,357.1000061,17.86000061
Eastern Asia,Children's Clothing,Second Class,2,CANCELED,1,357.1000061,46.41999817
Eastern Asia,Children's Clothing,Second Class,2,COMPLETE,1,357.1000061,17.86000061
Eastern Asia,Children's Clothing,Second Class,2,ON_HOLD,1,357.1000061,0.0
Eastern Asia,Children's Clothing,Second Class,2,PENDING,1,357.1000061,19.63999939
Eastern Asia,Children's Clothing,Second Class,2,PROCESSING,1,357.1000061,19.63999939
Eastern Asia,Children's Clothing,Standard Class,4,COMPLETE,5,1785.5000305,60.699998852
Eastern Asia,Children's Clothing,Standard Class,4,PENDING_PAYMENT,1,357.1000061,42.84999847
Eastern Asia,Children's Clothing,Standard Class,4,PROCESSING,2,714.2000122,60.6999979
Eastern Asia,Cleats,First Class,1,CLOSED,14,839.86002352,154.800001379
Eastern Asia,Cleats,First Class,1,COMPLETE,21,1259.79003528,342.859996424
Eastern Asia,Cleats,First Class,1,ON_HOLD,3,179.97000504,68.699998859
Eastern Asia,Cleats,First Class,1,PAYMENT_REVIEW,1,59.99000168,35.99000168
Eastern Asia,Cleats,First Class,1,PENDING,8,479.92001344,158.380003099
Eastern Asia,Cleats,First Class,1,PENDING_PAYMENT,24,1439.76004032,351.860005024
Eastern Asia,Cleats,First Class,1,PROCESSING,8,479.92001344,142.490000967
Eastern Asia,Cleats,First Class,1,SUSPECTED_FRAUD,2,119.98000336,50.99000168
Eastern Asia,Cleats,Same Day,0,CLOSED,7,419.93001176,132.280000452
Eastern Asia,Cleats,Same Day,0,COMPLETE,11,659.89001848,285.56000042200003
Eastern Asia,Cleats,Same Day,0,ON_HOLD,5,299.9500084,98.990001679
Eastern Asia,Cleats,Same Day,0,PENDING,2,119.98000336,24.0
Eastern Asia,Cleats,Same Day,0,PENDING_PAYMENT,8,479.92001344,250.760002376
Eastern Asia,Cleats,Second Class,2,CANCELED,2,119.98000336,29.39999962
Eastern Asia,Cleats,Second Class,2,CLOSED,12,719.88002016,177.890000823
Eastern Asia,Cleats,Second Class,2,COMPLETE,51,3059.49008568,1204.320009478
Eastern Asia,Cleats,Second Class,2,ON_HOLD,10,599.9000168,149.090001347
Eastern Asia,Cleats,Second Class,2,PAYMENT_REVIEW,2,119.98000336,6.0
Eastern Asia,Cleats,Second Class,2,PENDING,2,119.98000336,0.0
Eastern Asia,Cleats,Second Class,2,PENDING_PAYMENT,23,1379.77003864,350.650008209
Eastern Asia,Cleats,Second Class,2,PROCESSING,3,179.97000504,57.59000015
Eastern Asia,Cleats,Second Class,2,SUSPECTED_FRAUD,1,59.99000168,35.99000168
Eastern Asia,Cleats,Standard Class,4,CANCELED,4,239.96000672,68.390001775
Eastern Asia,Cleats,Standard Class,4,CLOSED,37,2219.63006216,581.030005943
Eastern Asia,Cleats,Standard Class,4,COMPLETE,92,5519.08015456,1792.280016448
Eastern Asia,Cleats,Standard Class,4,ON_HOLD,22,1319.78003696,477.250008115
Eastern Asia,Cleats,Standard Class,4,PAYMENT_REVIEW,3,179.97000504,8.100000142
Eastern Asia,Cleats,Standard Class,4,PENDING,17,1019.83002856,427.140005366
Eastern Asia,Cleats,Standard Class,4,PENDING_PAYMENT,69,4139.31011592,1014.520005594
Eastern Asia,Cleats,Standard Class,4,PROCESSING,24,1439.76004032,642.790004267
Eastern Asia,Cleats,Standard Class,4,SUSPECTED_FRAUD,2,119.98000336,22.500000712
Eastern Asia,Computers,First Class,1,ON_HOLD,1,1500.0,375.0
Eastern Asia,Computers,First Class,1,PENDING_PAYMENT,1,1500.0,300.0
Eastern Asia,Computers,Same Day,0,COMPLETE,2,3000.0,232.5
Eastern Asia,Computers,Second Class,2,CLOSED,1,1500.0,270.0
Eastern Asia,Computers,Second Class,2,COMPLETE,2,3000.0,435.0
Eastern Asia,Computers,Standard Class,4,CLOSED,1,1500.0,105.0
Eastern Asia,Computers,Standard Class,4,COMPLETE,9,13500.0,1485.0
Eastern Asia,Computers,Standard Class,4,ON_HOLD,1,1500.0,75.0
Eastern Asia,Computers,Standard Class,4,PENDING_PAYMENT,3,4500.0,502.5
Eastern Asia,Computers,Standard Class,4,PROCESSING,1,1500.0,135.0
Eastern Asia,Consumer Electronics,First Class,1,CLOSED,1,252.8800049,30.35000038
Eastern Asia,Consumer Electronics,First Class,1,COMPLETE,1,252.8800049,22.76000023
Eastern Asia,Consumer Electronics,Same Day,0,COMPLETE,1,252.8800049,0.0
Eastern Asia,Consumer Electronics,Second Class,2,CLOSED,1,252.8800049,45.52000046
Eastern Asia,Consumer Electronics,Second Class,2,PENDING_PAYMENT,1,252.8800049,37.93000031
Eastern Asia,Consumer Electronics,Standard Class,4,CLOSED,1,252.8800049,42.99000168
Eastern Asia,Consumer Electronics,Standard Class,4,COMPLETE,3,758.6400146999999,58.170001271
Eastern Asia,Consumer Electronics,Standard Class,4,PENDING_PAYMENT,4,1011.5200196,88.509999276
Eastern Asia,Crafts,First Class,1,CLOSED,2,922.960022,147.68000412
Eastern Asia,Crafts,First Class,1,COMPLETE,5,2307.400055,419.94999691
Eastern Asia,Crafts,First Class,1,PENDING_PAYMENT,3,1384.440033,147.66999436
Eastern Asia,Crafts,First Class,1,PROCESSING,1,461.480011,92.30000305
Eastern Asia,Crafts,Same Day,0,COMPLETE,1,461.480011,25.37999916
Eastern Asia,Crafts,Same Day,0,ON_HOLD,1,461.480011,9.229999542
Eastern Asia,Crafts,Second Class,2,COMPLETE,1,461.480011,13.84000015
Eastern Asia,Crafts,Second Class,2,ON_HOLD,1,461.480011,25.37999916
Eastern Asia,Crafts,Second Class,2,PENDING,1,461.480011,18.45999908
Eastern Asia,Crafts,Second Class,2,PENDING_PAYMENT,5,2307.400055,149.980001452
Eastern Asia,Crafts,Second Class,2,PROCESSING,2,922.960022,129.22000122999998
Eastern Asia,Crafts,Standard Class,4,CLOSED,6,2768.880066,216.88000108
Eastern Asia,Crafts,Standard Class,4,COMPLETE,6,2768.880066,147.65999603199998
Eastern Asia,Crafts,Standard Class,4,ON_HOLD,1,461.480011,18.45999908
Eastern Asia,Crafts,Standard Class,4,PENDING,1,461.480011,41.52999878
Eastern Asia,Crafts,Standard Class,4,PENDING_PAYMENT,7,3230.360077,272.259997864
Eastern Asia,Crafts,Standard Class,4,PROCESSING,1,461.480011,55.38000107
Eastern Asia,DVDs,First Class,1,COMPLETE,1,164.3800049,8.220000267
Eastern Asia,DVDs,First Class,1,ON_HOLD,1,164.3800049,11.51000023
Eastern Asia,DVDs,First Class,1,PAYMENT_REVIEW,1,164.3800049,26.29999924
Eastern Asia,DVDs,First Class,1,PENDING,1,164.3800049,11.51000023
Eastern Asia,DVDs,Same Day,0,PENDING,1,164.3800049,26.29999924
Eastern Asia,DVDs,Same Day,0,PENDING_PAYMENT,1,164.3800049,27.94000053
Eastern Asia,DVDs,Second Class,2,CLOSED,1,164.3800049,41.09999847
Eastern Asia,DVDs,Second Class,2,COMPLETE,3,493.1400147,40.27999973599999
Eastern Asia,DVDs,Second Class,2,ON_HOLD,2,328.7600098,41.920001032
Eastern Asia,DVDs,Second Class,2,PENDING_PAYMENT,2,328.7600098,26.300000668
Eastern Asia,DVDs,Standard Class,4,CLOSED,4,657.5200196,46.030000683
Eastern Asia,DVDs,Standard Class,4,COMPLETE,11,1808.1800539,170.970000738
Eastern Asia,DVDs,Standard Class,4,PAYMENT_REVIEW,1,164.3800049,24.65999985
Eastern Asia,DVDs,Standard Class,4,PENDING,3,493.1400147,6.569999814
Eastern Asia,DVDs,Standard Class,4,PENDING_PAYMENT,10,1643.800049,205.490002145
Eastern Asia,DVDs,Standard Class,4,PROCESSING,2,328.7600098,73.97999954
Eastern Asia,Electronics,First Class,1,CLOSED,2,63.97999954,16.63999963
Eastern Asia,Electronics,First Class,1,COMPLETE,2,99.98000336,19.720000741000003
Eastern Asia,Electronics,First Class,1,ON_HOLD,1,51.99000168,31.19000053
Eastern Asia,Electronics,First Class,1,PENDING,1,31.98999977,1.279999971
Eastern Asia,Electronics,First Class,1,PENDING_PAYMENT,3,108.97000122,25.700000762
Eastern Asia,Electronics,Second Class,2,CLOSED,3,111.97000122,9.879999757
Eastern Asia,Electronics,Second Class,2,COMPLETE,15,633.85001374,211.490000964
Eastern Asia,Electronics,Second Class,2,PENDING,1,44.99000168,22.5
Eastern Asia,Electronics,Second Class,2,PENDING_PAYMENT,5,192.95000267,56.150000094
Eastern Asia,Electronics,Second Class,2,PROCESSING,1,27.98999977,10.07999992
Eastern Asia,Electronics,Standard Class,4,CANCELED,1,47.99000168,8.159999847
Eastern Asia,Electronics,Standard Class,4,CLOSED,5,228.95000649,62.150001049
Eastern Asia,Electronics,Standard Class,4,COMPLETE,16,630.8400116,168.179997495
Eastern Asia,Electronics,Standard Class,4,ON_HOLD,2,63.97999954,8.319999934
Eastern Asia,Electronics,Standard Class,4,PENDING,4,135.96000099,52.780001165
Eastern Asia,Electronics,Standard Class,4,PENDING_PAYMENT,7,259.93000221,64.94999998899999
Eastern Asia,Electronics,Standard Class,4,PROCESSING,7,247.93000221,171.55000341
Eastern Asia,Electronics,Standard Class,4,SUSPECTED_FRAUD,1,31.98999977,39.99000168
Eastern Asia,Fishing,First Class,1,CANCELED,1,399.980011,12.0
Eastern Asia,Fishing,First Class,1,CLOSED,7,2799.860077,202.0
Eastern Asia,Fishing,First Class,1,COMPLETE,9,3599.820099,558.0
Eastern Asia,Fishing,First Class,1,ON_HOLD,2,799.960022,56.0
Eastern Asia,Fishing,First Class,1,PAYMENT_REVIEW,1,399.980011,0.0
Eastern Asia,Fishing,First Class,1,PENDING,1,399.980011,72.0
Eastern Asia,Fishing,First Class,1,PENDING_PAYMENT,9,3599.820099,328.0
Eastern Asia,Fishing,First Class,1,PROCESSING,6,2399.880066,172.0
Eastern Asia,Fishing,Same Day,0,CLOSED,3,1199.940033,180.0
Eastern Asia,Fishing,Same Day,0,COMPLETE,1,399.980011,52.0
Eastern Asia,Fishing,Same Day,0,ON_HOLD,2,799.960022,8.0
Eastern Asia,Fishing,Same Day,0,PENDING_PAYMENT,5,1999.900055,254.0
Eastern Asia,Fishing,Second Class,2,CANCELED,1,399.980011,20.0
Eastern Asia,Fishing,Second Class,2,CLOSED,7,2799.860077,222.0
Eastern Asia,Fishing,Second Class,2,COMPLETE,24,9599.520264,1054.0
Eastern Asia,Fishing,Second Class,2,ON_HOLD,5,1999.900055,198.0
Eastern Asia,Fishing,Second Class,2,PENDING,3,1199.940033,122.0
Eastern Asia,Fishing,Second Class,2,PENDING_PAYMENT,10,3999.80011,404.0
Eastern Asia,Fishing,Standard Class,4,CLOSED,22,8799.560242,1392.0
Eastern Asia,Fishing,Standard Class,4,COMPLETE,66,26398.680726,2776.0
Eastern Asia,Fishing,Standard Class,4,ON_HOLD,12,4799.760131999999,390.0
Eastern Asia,Fishing,Standard Class,4,PENDING,7,2799.860077,156.0
Eastern Asia,Fishing,Standard Class,4,PENDING_PAYMENT,36,14399.280396,1386.0
Eastern Asia,Fishing,Standard Class,4,PROCESSING,3,1199.940033,164.0
Eastern Asia,Fitness Accessories,First Class,1,CLOSED,1,34.99000168,18.88999939
Eastern Asia,Fitness Accessories,First Class,1,PENDING_PAYMENT,1,34.99000168,16.79999924
Eastern Asia,Fitness Accessories,Second Class,2,PENDING_PAYMENT,1,34.99000168,1.049999952
Eastern Asia,Fitness Accessories,Standard Class,4,CLOSED,1,34.99000168,9.100000381
Eastern Asia,Fitness Accessories,Standard Class,4,COMPLETE,2,69.98000336,4.719999909
Eastern Asia,Fitness Accessories,Standard Class,4,ON_HOLD,2,69.98000336,40.23999977
Eastern Asia,Fitness Accessories,Standard Class,4,PENDING_PAYMENT,1,34.99000168,2.450000048
Eastern Asia,Garden,First Class,1,CLOSED,1,532.5800171,69.23999786
Eastern Asia,Garden,First Class,1,COMPLETE,3,1597.7400512999998,250.30999755
Eastern Asia,Garden,First Class,1,ON_HOLD,1,532.5800171,85.20999908
Eastern Asia,Garden,First Class,1,PAYMENT_REVIEW,1,532.5800171,95.86000061
Eastern Asia,Garden,First Class,1,PENDING,1,532.5800171,95.86000061
Eastern Asia,Garden,First Class,1,PENDING_PAYMENT,6,3195.4801026,324.87999917
Eastern Asia,Garden,First Class,1,PROCESSING,1,532.5800171,90.54000092
Eastern Asia,Garden,Same Day,0,COMPLETE,3,1597.7400512999998,239.66999431
Eastern Asia,Garden,Same Day,0,PENDING_PAYMENT,1,532.5800171,79.88999939
Eastern Asia,Garden,Same Day,0,PROCESSING,1,532.5800171,47.93000031
Eastern Asia,Garden,Same Day,0,SUSPECTED_FRAUD,1,532.5800171,69.23999786
Eastern Asia,Garden,Second Class,2,CLOSED,6,3195.4801026,356.83999253
Eastern Asia,Garden,Second Class,2,COMPLETE,12,6390.960205199999,679.039993244
Eastern Asia,Garden,Second Class,2,ON_HOLD,2,1065.1600342,109.18000031
Eastern Asia,Garden,Second Class,2,PENDING_PAYMENT,5,2662.9000855,244.989997864
Eastern Asia,Garden,Second Class,2,PROCESSING,1,532.5800171,15.97999954
Eastern Asia,Garden,Standard Class,4,CLOSED,5,2662.9000855,314.22999764
Eastern Asia,Garden,Standard Class,4,COMPLETE,25,13314.5004275,1307.489978808
Eastern Asia,Garden,Standard Class,4,ON_HOLD,2,1065.1600342,42.6099987
Eastern Asia,Garden,Standard Class,4,PAYMENT_REVIEW,1,532.5800171,53.25999832
Eastern Asia,Garden,Standard Class,4,PENDING,4,2130.3200684,260.95999909
Eastern Asia,Garden,Standard Class,4,PENDING_PAYMENT,12,6390.960205199999,673.70999145
Eastern Asia,Garden,Standard Class,4,PROCESSING,1,532.5800171,21.29999924
Eastern Asia,Girls' Apparel,First Class,1,CLOSED,3,165.0,67.45000076
Eastern Asia,Girls' Apparel,First Class,1,PENDING,1,70.0,10.5
Eastern Asia,Girls' Apparel,First Class,1,PENDING_PAYMENT,1,25.0,11.25
Eastern Asia,Girls' Apparel,First Class,1,PROCESSING,1,39.99000168,31.98999977
Eastern Asia,Girls' Apparel,Same Day,0,PENDING,1,25.0,18.75
Eastern Asia,Girls' Apparel,Second Class,2,COMPLETE,4,164.99000168,57.949998851
Eastern Asia,Girls' Apparel,Standard Class,4,CLOSED,4,155.0,57.299999952
Eastern Asia,Girls' Apparel,Standard Class,4,COMPLETE,7,289.99000168,77.780000329
Eastern Asia,Girls' Apparel,Standard Class,4,PENDING,1,39.99000168,0.0
Eastern Asia,Girls' Apparel,Standard Class,4,PENDING_PAYMENT,4,179.98000336,37.75
Eastern Asia,Girls' Apparel,Standard Class,4,PROCESSING,1,30.0,20.39999962
Eastern Asia,Golf Apparel,Same Day,0,CLOSED,1,19.98999977,1.799999952
Eastern Asia,Golf Apparel,Standard Class,4,COMPLETE,5,99.94999885,18.100000024
Eastern Asia,Golf Apparel,Standard Class,4,PENDING_PAYMENT,2,39.97999954,14.80000019
Eastern Asia,Golf Apparel,Standard Class,4,PROCESSING,4,79.95999908,16.899999856
Eastern Asia,Golf Balls,First Class,1,COMPLETE,2,39.97999954,7.900000095
Eastern Asia,Golf Balls,First Class,1,PENDING,1,17.98999977,7.199999809
Eastern Asia,Golf Balls,First Class,1,PROCESSING,2,32.97999954,9.179999828
Eastern Asia,Golf Balls,Same Day,0,CLOSED,1,19.98999977,9.0
Eastern Asia,Golf Balls,Same Day,0,COMPLETE,3,49.969999310000006,8.750000059000001
Eastern Asia,Golf Balls,Same Day,0,PENDING_PAYMENT,1,14.98999977,14.98999977
Eastern Asia,Golf Balls,Second Class,2,CLOSED,4,62.95999908,14.669999838
Eastern Asia,Golf Balls,Second Class,2,COMPLETE,5,93.94999885,14.420000196
Eastern Asia,Golf Balls,Second Class,2,PENDING_PAYMENT,2,34.97999954,11.699999809
Eastern Asia,Golf Balls,Standard Class,4,CANCELED,1,14.98999977,13.48999977
Eastern Asia,Golf Balls,Standard Class,4,CLOSED,3,55.969999310000006,25.339999853
Eastern Asia,Golf Balls,Standard Class,4,COMPLETE,9,152.90999793,63.859999653
Eastern Asia,Golf Balls,Standard Class,4,ON_HOLD,1,19.98999977,24.98999977
Eastern Asia,Golf Balls,Standard Class,4,PAYMENT_REVIEW,1,14.98999977,0.300000012
Eastern Asia,Golf Balls,Standard Class,4,PENDING,3,54.969999310000006,11.200000048
Eastern Asia,Golf Balls,Standard Class,4,PENDING_PAYMENT,6,100.93999862,36.520000099
Eastern Asia,Golf Balls,Standard Class,4,PROCESSING,8,125.91999816,40.30999982
Eastern Asia,Golf Balls,Standard Class,4,SUSPECTED_FRAUD,2,34.97999954,31.97999954
Eastern Asia,Golf Gloves,First Class,1,COMPLETE,4,99.960000991,20.789999723
Eastern Asia,Golf Gloves,First Class,1,PENDING,2,34.979999541,9.739999771
Eastern Asia,Golf Gloves,First Class,1,PENDING_PAYMENT,1,39.99000168,4.400000095
Eastern Asia,Golf Gloves,First Class,1,PROCESSING,1,24.98999977,5.0
Eastern Asia,Golf Gloves,Same Day,0,COMPLETE,2,49.980001451,41.99000168
Eastern Asia,Golf Gloves,Same Day,0,PENDING_PAYMENT,1,24.98999977,19.98999977
Eastern Asia,Golf Gloves,Second Class,2,COMPLETE,5,139.950004582,57.380001665
Eastern Asia,Golf Gloves,Second Class,2,ON_HOLD,1,9.989999771,6.789999962
Eastern Asia,Golf Gloves,Second Class,2,PENDING,1,39.99000168,5.199999809
Eastern Asia,Golf Gloves,Second Class,2,PROCESSING,2,19.979999542,10.489999771
Eastern Asia,Golf Gloves,Standard Class,4,CLOSED,1,24.98999977,2.0
Eastern Asia,Golf Gloves,Standard Class,4,COMPLETE,7,189.930004122,42.379999755
Eastern Asia,Golf Gloves,Standard Class,4,ON_HOLD,1,9.989999771,2.5
Eastern Asia,Golf Gloves,Standard Class,4,PENDING,9,194.910003665,51.900000155
Eastern Asia,Golf Gloves,Standard Class,4,PENDING_PAYMENT,7,159.930000302,60.929999469
Eastern Asia,Golf Gloves,Standard Class,4,PROCESSING,4,84.959999081,26.98999977
Eastern Asia,Golf Shoes,First Class,1,PROCESSING,1,65.0,41.59999847
Eastern Asia,Golf Shoes,Second Class,2,CLOSED,2,130.0,51.35000038
Eastern Asia,Golf Shoes,Second Class,2,COMPLETE,1,65.0,3.579999924
Eastern Asia,Golf Shoes,Second Class,2,PENDING_PAYMENT,1,65.0,0.0
Eastern Asia,Golf Shoes,Second Class,2,PROCESSING,1,65.0,5.199999809
Eastern Asia,Golf Shoes,Second Class,2,SUSPECTED_FRAUD,1,65.0,6.5
Eastern Asia,Golf Shoes,Standard Class,4,CANCELED,1,65.0,10.39999962
Eastern Asia,Golf Shoes,Standard Class,4,CLOSED,1,65.0,23.39999962
Eastern Asia,Golf Shoes,Standard Class,4,ON_HOLD,1,65.0,20.79999924
Eastern Asia,Golf Shoes,Standard Class,4,PROCESSING,1,65.0,39.0
Eastern Asia,Health and Beauty,First Class,1,CLOSED,1,293.0400085,14.64999962
Eastern Asia,Health and Beauty,First Class,1,COMPLETE,2,586.080017,76.19000220699999
Eastern Asia,Health and Beauty,First Class,1,PENDING,1,293.0400085,52.75
Eastern Asia,Health and Beauty,First Class,1,PENDING_PAYMENT,4,1172.160034,161.17000199
Eastern Asia,Health and Beauty,First Class,1,SUSPECTED_FRAUD,1,293.0400085,35.15999985
Eastern Asia,Health and Beauty,Same Day,0,COMPLETE,2,586.080017,46.889998432
Eastern Asia,Health and Beauty,Second Class,2,COMPLETE,7,2051.2800595,124.54000283
Eastern Asia,Health and Beauty,Second Class,2,PENDING_PAYMENT,4,1172.160034,152.37999917
Eastern Asia,Health and Beauty,Standard Class,4,CLOSED,7,2051.2800595,212.46999836
Eastern Asia,Health and Beauty,Standard Class,4,COMPLETE,13,3809.5201105,364.839999917
Eastern Asia,Health and Beauty,Standard Class,4,PENDING_PAYMENT,8,2344.320068,234.430001503
Eastern Asia,Health and Beauty,Standard Class,4,PROCESSING,1,293.0400085,14.64999962
Eastern Asia,Hockey,First Class,1,CLOSED,1,25.0,12.0
Eastern Asia,Hockey,First Class,1,COMPLETE,1,25.0,8.5
Eastern Asia,Hockey,First Class,1,ON_HOLD,1,22.0,0.0
Eastern Asia,Hockey,First Class,1,PENDING,2,44.0,28.38000011
Eastern Asia,Hockey,Same Day,0,COMPLETE,1,22.0,2.640000105
Eastern Asia,Hockey,Standard Class,4,COMPLETE,4,100.0,37.0
Eastern Asia,Hockey,Standard Class,4,PENDING,3,69.0,23.350000855
Eastern Asia,Hockey,Standard Class,4,PENDING_PAYMENT,3,69.0,15.63000011
Eastern Asia,Hunting & Shooting,First Class,1,CLOSED,1,29.98999977,16.19000053
Eastern Asia,Hunting & Shooting,First Class,1,PENDING,1,29.98999977,29.98999977
Eastern Asia,Hunting & Shooting,Second Class,2,ON_HOLD,1,29.98999977,6.300000191
Eastern Asia,Hunting & Shooting,Standard Class,4,CLOSED,1,29.98999977,13.5
Eastern Asia,Hunting & Shooting,Standard Class,4,COMPLETE,1,29.98999977,3.599999905
Eastern Asia,Indoor/Outdoor Games,Standard Class,4,COMPLETE,1,49.97999954,12.5
Eastern Asia,Indoor/Outdoor Games,Standard Class,4,PENDING_PAYMENT,1,49.97999954,2.0
Eastern Asia,Lacrosse,Same Day,0,COMPLETE,1,24.98999977,0.0
Eastern Asia,Lacrosse,Same Day,0,PENDING_PAYMENT,1,24.98999977,2.75
Eastern Asia,Lacrosse,Second Class,2,COMPLETE,1,24.98999977,8.0
Eastern Asia,Lacrosse,Second Class,2,PENDING_PAYMENT,1,24.98999977,12.5
Eastern Asia,Lacrosse,Standard Class,4,CANCELED,1,24.98999977,17.98999977
Eastern Asia,Lacrosse,Standard Class,4,COMPLETE,3,74.96999931,12.75
Eastern Asia,Lacrosse,Standard Class,4,PENDING_PAYMENT,1,24.98999977,0.5
Eastern Asia,Men's Clothing,First Class,1,CANCELED,1,210.8500061,35.84000015
Eastern Asia,Men's Clothing,First Class,1,CLOSED,1,210.8500061,35.84000015
Eastern Asia,Men's Clothing,First Class,1,COMPLETE,1,210.8500061,2.109999895
Eastern Asia,Men's Clothing,First Class,1,PENDING_PAYMENT,1,210.8500061,8.430000305
Eastern Asia,Men's Clothing,First Class,1,PROCESSING,1,210.8500061,18.97999954
Eastern Asia,Men's Clothing,Same Day,0,PROCESSING,1,210.8500061,35.84000015
Eastern Asia,Men's Clothing,Second Class,2,COMPLETE,1,210.8500061,42.16999817
Eastern Asia,Men's Clothing,Standard Class,4,CANCELED,1,210.8500061,42.16999817
Eastern Asia,Men's Clothing,Standard Class,4,CLOSED,2,421.7000122,32.690000530000006
Eastern Asia,Men's Clothing,Standard Class,4,COMPLETE,12,2530.2000732,286.75999426
Eastern Asia,Men's Clothing,Standard Class,4,PENDING_PAYMENT,5,1054.2500305,60.10000038
Eastern Asia,Men's Clothing,Standard Class,4,PROCESSING,1,210.8500061,52.70999908
Eastern Asia,Men's Footwear,First Class,1,CANCELED,2,259.980011,11.05000019
Eastern Asia,Men's Footwear,First Class,1,CLOSED,16,2079.840088,202.149999857
Eastern Asia,Men's Footwear,First Class,1,COMPLETE,19,2469.8101045,212.549999953
Eastern Asia,Men's Footwear,First Class,1,ON_HOLD,2,259.980011,3.900000095
Eastern Asia,Men's Footwear,First Class,1,PAYMENT_REVIEW,1,129.9900055,23.39999962
Eastern Asia,Men's Footwear,First Class,1,PENDING,7,909.9300385,83.199999332
Eastern Asia,Men's Footwear,First Class,1,PENDING_PAYMENT,21,2729.7901155,242.449998622
Eastern Asia,Men's Footwear,First Class,1,PROCESSING,3,389.9700165,24.700000285
Eastern Asia,Men's Footwear,Same Day,0,CLOSED,7,909.9300385,92.94999981
Eastern Asia,Men's Footwear,Same Day,0,COMPLETE,6,779.940033,87.74999952499999
Eastern Asia,Men's Footwear,Same Day,0,ON_HOLD,2,259.980011,15.60000038
Eastern Asia,Men's Footwear,Same Day,0,PAYMENT_REVIEW,1,129.9900055,32.5
Eastern Asia,Men's Footwear,Same Day,0,PENDING,7,909.9300385,97.5
Eastern Asia,Men's Footwear,Same Day,0,PENDING_PAYMENT,9,1169.9100495,191.750000475
Eastern Asia,Men's Footwear,Same Day,0,PROCESSING,1,129.9900055,3.900000095
Eastern Asia,Men's Footwear,Second Class,2,CANCELED,3,389.9700165,52.0
Eastern Asia,Men's Footwear,Second Class,2,CLOSED,11,1429.8900605,141.69999981
Eastern Asia,Men's Footwear,Second Class,2,COMPLETE,53,6889.4702915,631.149999859
Eastern Asia,Men's Footwear,Second Class,2,ON_HOLD,10,1299.900055,158.599999905
Eastern Asia,Men's Footwear,Second Class,2,PAYMENT_REVIEW,1,129.9900055,23.39999962
Eastern Asia,Men's Footwear,Second Class,2,PENDING,3,389.9700165,33.799999714
Eastern Asia,Men's Footwear,Second Class,2,PENDING_PAYMENT,22,2859.780121,293.799998053
Eastern Asia,Men's Footwear,Second Class,2,PROCESSING,1,129.9900055,19.5
Eastern Asia,Men's Footwear,Second Class,2,SUSPECTED_FRAUD,1,129.9900055,16.89999962
Eastern Asia,Men's Footwear,Standard Class,4,CANCELED,1,129.9900055,26.0
Eastern Asia,Men's Footwear,Standard Class,4,CLOSED,39,5069.6102145,584.34999896
Eastern Asia,Men's Footwear,Standard Class,4,COMPLETE,133,17288.6707315,1717.949994104
Eastern Asia,Men's Footwear,Standard Class,4,ON_HOLD,21,2729.7901155,324.999996198
Eastern Asia,Men's Footwear,Standard Class,4,PAYMENT_REVIEW,1,129.9900055,16.89999962
Eastern Asia,Men's Footwear,Standard Class,4,PENDING,17,2209.8300935,159.249999051
Eastern Asia,Men's Footwear,Standard Class,4,PENDING_PAYMENT,76,9879.240418,1032.199995538
Eastern Asia,Men's Footwear,Standard Class,4,PROCESSING,18,2339.820099,234.649999856
Eastern Asia,Men's Footwear,Standard Class,4,SUSPECTED_FRAUD,2,259.980011,42.89999962
Eastern Asia,Music,First Class,1,CANCELED,1,260.6499939,23.45999908
Eastern Asia,Music,First Class,1,COMPLETE,5,1303.2499695,136.849998942
Eastern Asia,Music,First Class,1,PENDING,1,260.6499939,23.45999908
Eastern Asia,Music,First Class,1,PENDING_PAYMENT,5,1303.2499695,213.730004308
Eastern Asia,Music,First Class,1,PROCESSING,1,260.6499939,41.70000076
Eastern Asia,Music,First Class,1,SUSPECTED_FRAUD,1,260.6499939,10.43000031
Eastern Asia,Music,Same Day,0,COMPLETE,1,260.6499939,33.88000107
Eastern Asia,Music,Same Day,0,PAYMENT_REVIEW,1,260.6499939,46.91999817
Eastern Asia,Music,Same Day,0,PENDING,1,260.6499939,0.0
Eastern Asia,Music,Same Day,0,PENDING_PAYMENT,1,260.6499939,44.31000137
Eastern Asia,Music,Second Class,2,CLOSED,2,521.2999878,62.56000138
Eastern Asia,Music,Second Class,2,COMPLETE,4,1042.5999756,112.080000878
Eastern Asia,Music,Second Class,2,PENDING_PAYMENT,2,521.2999878,49.53000069
Eastern Asia,Music,Second Class,2,PROCESSING,1,260.6499939,23.45999908
Eastern Asia,Music,Standard Class,4,CANCELED,2,521.2999878,106.86000442
Eastern Asia,Music,Standard Class,4,CLOSED,1,260.6499939,13.02999973
Eastern Asia,Music,Standard Class,4,COMPLETE,15,3909.7499085,361.000005718
Eastern Asia,Music,Standard Class,4,PENDING,2,521.2999878,117.29000473
Eastern Asia,Music,Standard Class,4,PENDING_PAYMENT,8,2085.1999512,263.26999904
Eastern Asia,Music,Standard Class,4,PROCESSING,1,260.6499939,31.28000069
Eastern Asia,Pet Supplies,First Class,1,CLOSED,3,253.20000459,41.359999654000006
Eastern Asia,Pet Supplies,First Class,1,COMPLETE,5,422.00000765,50.629999934
Eastern Asia,Pet Supplies,First Class,1,PENDING,1,84.40000153,4.639999866
Eastern Asia,Pet Supplies,First Class,1,PENDING_PAYMENT,3,253.20000459,24.480000017
Eastern Asia,Pet Supplies,Same Day,0,CANCELED,1,84.40000153,5.909999847
Eastern Asia,Pet Supplies,Same Day,0,CLOSED,1,84.40000153,10.97000027
Eastern Asia,Pet Supplies,Same Day,0,COMPLETE,1,84.40000153,0.0
Eastern Asia,Pet Supplies,Same Day,0,PENDING_PAYMENT,2,168.80000306,23.630000351
Eastern Asia,Pet Supplies,Second Class,2,COMPLETE,5,422.00000765,44.739999767
Eastern Asia,Pet Supplies,Second Class,2,ON_HOLD,2,168.80000306,9.279999732
Eastern Asia,Pet Supplies,Second Class,2,PENDING,4,337.60000612,30.389998911
Eastern Asia,Pet Supplies,Second Class,2,PENDING_PAYMENT,5,422.00000765,26.579999687
Eastern Asia,Pet Supplies,Second Class,2,PROCESSING,1,84.40000153,7.599999905
Eastern Asia,Pet Supplies,Standard Class,4,CLOSED,8,675.20001224,65.83000088
Eastern Asia,Pet Supplies,Standard Class,4,COMPLETE,36,3038.40005508,307.199997363
Eastern Asia,Pet Supplies,Standard Class,4,ON_HOLD,3,253.20000459,21.099999905
Eastern Asia,Pet Supplies,Standard Class,4,PAYMENT_REVIEW,1,84.40000153,2.529999971
Eastern Asia,Pet Supplies,Standard Class,4,PENDING,4,337.60000612,22.789999725
Eastern Asia,Pet Supplies,Standard Class,4,PENDING_PAYMENT,8,675.20001224,62.449998201
Eastern Asia,Pet Supplies,Standard Class,4,SUSPECTED_FRAUD,1,84.40000153,15.18999958
Eastern Asia,Shop By Sport,First Class,1,CANCELED,1,39.99000168,10.39999962
Eastern Asia,Shop By Sport,First Class,1,CLOSED,7,279.93001176,89.18000078600001
Eastern Asia,Shop By Sport,First Class,1,COMPLETE,11,429.9000168,133.890001538
Eastern Asia,Shop By Sport,First Class,1,ON_HOLD,1,39.99000168,25.98999977
Eastern Asia,Shop By Sport,First Class,1,PAYMENT_REVIEW,1,39.99000168,29.98999977
Eastern Asia,Shop By Sport,First Class,1,PENDING,2,79.98000336,44.78000069
Eastern Asia,Shop By Sport,First Class,1,PENDING_PAYMENT,9,359.91001512,107.790001869
Eastern Asia,Shop By Sport,First Class,1,PROCESSING,3,119.97000504,45.190000539
Eastern Asia,Shop By Sport,First Class,1,SUSPECTED_FRAUD,2,79.98000336,43.98999977
Eastern Asia,Shop By Sport,Same Day,0,CLOSED,5,199.9500084,44.400000956
Eastern Asia,Shop By Sport,Same Day,0,COMPLETE,5,199.9500084,30.600000024
Eastern Asia,Shop By Sport,Same Day,0,ON_HOLD,1,39.99000168,20.0
Eastern Asia,Shop By Sport,Same Day,0,PENDING_PAYMENT,3,109.98000336,14.549999713000002
Eastern Asia,Shop By Sport,Second Class,2,CLOSED,8,319.92001344,97.169998883
Eastern Asia,Shop By Sport,Second Class,2,COMPLETE,21,829.8000336,189.480001152
Eastern Asia,Shop By Sport,Second Class,2,ON_HOLD,2,79.98000336,35.99000168
Eastern Asia,Shop By Sport,Second Class,2,PENDING,1,39.99000168,21.59000015
Eastern Asia,Shop By Sport,Second Class,2,PENDING_PAYMENT,14,559.86002352,135.580001651
Eastern Asia,Shop By Sport,Second Class,2,PROCESSING,4,159.96000672,13.200000048
Eastern Asia,Shop By Sport,Second Class,2,SUSPECTED_FRAUD,1,39.99000168,0.800000012
Eastern Asia,Shop By Sport,Standard Class,4,CANCELED,2,79.98000336,9.200000048
Eastern Asia,Shop By Sport,Standard Class,4,CLOSED,13,499.89001848,124.590001339
Eastern Asia,Shop By Sport,Standard Class,4,COMPLETE,37,1469.64006048,360.450003647
Eastern Asia,Shop By Sport,Standard Class,4,ON_HOLD,2,79.98000336,12.400000095
Eastern Asia,Shop By Sport,Standard Class,4,PAYMENT_REVIEW,3,109.98000336,16.000000476
Eastern Asia,Shop By Sport,Standard Class,4,PENDING,18,719.8200302399999,169.970000983
Eastern Asia,Shop By Sport,Standard Class,4,PENDING_PAYMENT,32,1259.7000504,301.660002653
Eastern Asia,Shop By Sport,Standard Class,4,PROCESSING,20,779.8200302399999,334.010006794
Eastern Asia,Shop By Sport,Standard Class,4,SUSPECTED_FRAUD,2,79.98000336,9.600000024
Eastern Asia,Sporting Goods,First Class,1,CLOSED,2,655.5,104.87999726
Eastern Asia,Sporting Goods,First Class,1,COMPLETE,6,1966.5,183.540005911
Eastern Asia,Sporting Goods,First Class,1,PENDING,1,327.75,49.15999985
Eastern Asia,Sporting Goods,First Class,1,PENDING_PAYMENT,5,1638.75,150.770004743
Eastern Asia,Sporting Goods,First Class,1,PROCESSING,3,983.25,98.33000088
Eastern Asia,Sporting Goods,First Class,1,SUSPECTED_FRAUD,1,327.75,81.94000244
Eastern Asia,Sporting Goods,Same Day,0,COMPLETE,2,655.5,58.989999774
Eastern Asia,Sporting Goods,Same Day,0,PENDING_PAYMENT,1,327.75,42.61000061
Eastern Asia,Sporting Goods,Second Class,2,CANCELED,1,327.75,29.5
Eastern Asia,Sporting Goods,Second Class,2,CLOSED,3,983.25,108.160001041
Eastern Asia,Sporting Goods,Second Class,2,COMPLETE,4,1311.0,140.93000031
Eastern Asia,Sporting Goods,Second Class,2,ON_HOLD,6,1966.5,183.5500021
Eastern Asia,Sporting Goods,Second Class,2,PENDING,1,327.75,32.77999878
Eastern Asia,Sporting Goods,Second Class,2,PENDING_PAYMENT,2,655.5,9.839999914
Eastern Asia,Sporting Goods,Second Class,2,PROCESSING,3,983.25,121.27000236
Eastern Asia,Sporting Goods,Second Class,2,SUSPECTED_FRAUD,1,327.75,55.72000122
Eastern Asia,Sporting Goods,Standard Class,4,CLOSED,3,983.25,78.659999131
Eastern Asia,Sporting Goods,Standard Class,4,COMPLETE,13,4260.75,511.320007078
Eastern Asia,Sporting Goods,Standard Class,4,ON_HOLD,1,327.75,65.55000305
Eastern Asia,Sporting Goods,Standard Class,4,PENDING,5,1638.75,114.709998138
Eastern Asia,Sporting Goods,Standard Class,4,PENDING_PAYMENT,10,3277.5,263.849998007
Eastern Asia,Sporting Goods,Standard Class,4,PROCESSING,5,1638.75,190.110002993
Eastern Asia,Sporting Goods,Standard Class,4,SUSPECTED_FRAUD,2,655.5,65.54999828999999
Eastern Asia,Tennis & Racquet,First Class,1,COMPLETE,1,44.99000168,9.899999619
Eastern Asia,Tennis & Racquet,First Class,1,PENDING_PAYMENT,1,44.99000168,33.74000168
Eastern Asia,Tennis & Racquet,Same Day,0,COMPLETE,1,44.99000168,56.24000168
Eastern Asia,Tennis & Racquet,Same Day,0,PENDING,1,44.99000168,9.449999809
Eastern Asia,Tennis & Racquet,Second Class,2,ON_HOLD,1,44.99000168,35.99000168
Eastern Asia,Tennis & Racquet,Second Class,2,PROCESSING,1,44.99000168,1.799999952
Eastern Asia,Tennis & Racquet,Standard Class,4,COMPLETE,2,89.98000336,11.25
Eastern Asia,Tennis & Racquet,Standard Class,4,PENDING_PAYMENT,2,89.98000336,0.899999976
Eastern Asia,Toys,First Class,1,CLOSED,1,11.53999996,0.119999997
Eastern Asia,Toys,First Class,1,COMPLETE,8,92.31999968,7.439999848
Eastern Asia,Toys,First Class,1,ON_HOLD,2,23.07999992,2.310000032
Eastern Asia,Toys,First Class,1,PENDING,2,23.07999992,0.979999989
Eastern Asia,Toys,First Class,1,PENDING_PAYMENT,5,57.6999998,5.769999958
Eastern Asia,Toys,First Class,1,PROCESSING,1,11.53999996,0.230000004
Eastern Asia,Toys,Same Day,0,CANCELED,1,11.53999996,0.629999995
Eastern Asia,Toys,Same Day,0,CLOSED,2,23.07999992,4.159999967
Eastern Asia,Toys,Same Day,0,COMPLETE,3,34.619999879999995,5.0200001
Eastern Asia,Toys,Same Day,0,PENDING,1,11.53999996,0.0
Eastern Asia,Toys,Same Day,0,PENDING_PAYMENT,3,34.619999879999995,3.810000047
Eastern Asia,Toys,Second Class,2,CLOSED,2,23.07999992,3.920000076
Eastern Asia,Toys,Second Class,2,COMPLETE,4,46.15999984,3.929999999
Eastern Asia,Toys,Second Class,2,PENDING,2,23.07999992,4.740000129
Eastern Asia,Toys,Second Class,2,PENDING_PAYMENT,5,57.6999998,6.229999959
Eastern Asia,Toys,Second Class,2,PROCESSING,2,23.07999992,2.190000027
Eastern Asia,Toys,Second Class,2,SUSPECTED_FRAUD,1,11.53999996,0.0
Eastern Asia,Toys,Standard Class,4,CLOSED,10,115.3999996,12.820000134
Eastern Asia,Toys,Standard Class,4,COMPLETE,19,219.25999924,18.579999892
Eastern Asia,Toys,Standard Class,4,ON_HOLD,6,69.23999975999999,5.489999881999999
Eastern Asia,Toys,Standard Class,4,PAYMENT_REVIEW,3,34.619999879999995,4.039999962
Eastern Asia,Toys,Standard Class,4,PENDING,7,80.77999971999999,10.730000011
Eastern Asia,Toys,Standard Class,4,PENDING_PAYMENT,13,150.01999948,16.410000249
Eastern Asia,Toys,Standard Class,4,PROCESSING,9,103.85999964,10.499999895
Eastern Asia,Toys,Standard Class,4,SUSPECTED_FRAUD,3,34.619999879999995,7.279999972
Eastern Asia,Trade-In,First Class,1,CLOSED,1,15.98999977,5.599999905
Eastern Asia,Trade-In,First Class,1,PENDING_PAYMENT,1,15.98999977,4.0
Eastern Asia,Trade-In,Same Day,0,COMPLETE,1,15.98999977,15.98999977
Eastern Asia,Trade-In,Same Day,0,PENDING,1,21.98999977,17.59000015
Eastern Asia,Trade-In,Same Day,0,PENDING_PAYMENT,2,37.97999954,17.990000245
Eastern Asia,Trade-In,Second Class,2,COMPLETE,4,69.95999908,12.720000028
Eastern Asia,Trade-In,Standard Class,4,CLOSED,2,31.97999954,9.910000085
Eastern Asia,Trade-In,Standard Class,4,COMPLETE,5,103.94999885,12.69999969
Eastern Asia,Trade-In,Standard Class,4,PAYMENT_REVIEW,1,15.98999977,0.0
Eastern Asia,Trade-In,Standard Class,4,PENDING,1,15.98999977,14.39000034
Eastern Asia,Trade-In,Standard Class,4,PENDING_PAYMENT,2,37.97999954,6.300000012
Eastern Asia,Trade-In,Standard Class,4,PROCESSING,1,15.98999977,7.199999809
Eastern Asia,Trade-In,Standard Class,4,SUSPECTED_FRAUD,1,15.98999977,19.98999977
Eastern Asia,Video Games,First Class,1,COMPLETE,7,278.25,40.560000331
Eastern Asia,Video Games,First Class,1,ON_HOLD,1,39.75,9.93999958
Eastern Asia,Video Games,First Class,1,PENDING,4,159.0,19.879999697
Eastern Asia,Video Games,First Class,1,PENDING_PAYMENT,2,79.5,6.760000109
Eastern Asia,Video Games,First Class,1,PROCESSING,2,79.5,7.550000071
Eastern Asia,Video Games,First Class,1,SUSPECTED_FRAUD,1,39.75,5.960000038
Eastern Asia,Video Games,Second Class,2,CLOSED,1,39.75,0.0
Eastern Asia,Video Games,Second Class,2,COMPLETE,14,556.5,59.839999883
Eastern Asia,Video Games,Second Class,2,ON_HOLD,2,79.5,1.190000057
Eastern Asia,Video Games,Second Class,2,PAYMENT_REVIEW,1,39.75,0.0
Eastern Asia,Video Games,Second Class,2,PENDING,1,39.75,3.980000019
Eastern Asia,Video Games,Second Class,2,PENDING_PAYMENT,4,159.0,18.289999872
Eastern Asia,Video Games,Second Class,2,PROCESSING,2,79.5,5.960000038
Eastern Asia,Video Games,Standard Class,4,CANCELED,1,39.75,0.0
Eastern Asia,Video Games,Standard Class,4,CLOSED,11,437.25,30.419999629
Eastern Asia,Video Games,Standard Class,4,COMPLETE,25,993.75,101.20999926
Eastern Asia,Video Games,Standard Class,4,ON_HOLD,9,357.75,25.849999992
Eastern Asia,Video Games,Standard Class,4,PENDING,2,79.5,3.97999993
Eastern Asia,Video Games,Standard Class,4,PENDING_PAYMENT,27,1073.25,86.70999988700001
Eastern Asia,Video Games,Standard Class,4,PROCESSING,4,159.0,16.299999953
Eastern Asia,Water Sports,First Class,1,CLOSED,7,1399.9300385,122.0
Eastern Asia,Water Sports,First Class,1,COMPLETE,17,3399.8300935,290.0
Eastern Asia,Water Sports,First Class,1,ON_HOLD,1,199.9900055,6.0
Eastern Asia,Water Sports,First Class,1,PAYMENT_REVIEW,1,199.9900055,34.0
Eastern Asia,Water Sports,First Class,1,PENDING,10,1999.900055,206.0
Eastern Asia,Water Sports,First Class,1,PENDING_PAYMENT,15,2999.8500825,283.0
Eastern Asia,Water Sports,First Class,1,PROCESSING,11,2199.8900605,179.0
Eastern Asia,Water Sports,First Class,1,SUSPECTED_FRAUD,4,799.960022,75.0
Eastern Asia,Water Sports,Same Day,0,CANCELED,2,399.980011,40.0
Eastern Asia,Water Sports,Same Day,0,CLOSED,6,1199.940033,135.0
Eastern Asia,Water Sports,Same Day,0,COMPLETE,5,999.9500275,50.0
Eastern Asia,Water Sports,Same Day,0,ON_HOLD,2,399.980011,13.0
Eastern Asia,Water Sports,Same Day,0,PENDING,6,1199.940033,168.0
Eastern Asia,Water Sports,Same Day,0,PENDING_PAYMENT,6,1199.940033,72.0
Eastern Asia,Water Sports,Same Day,0,PROCESSING,2,399.980011,76.0
Eastern Asia,Water Sports,Second Class,2,CANCELED,2,399.980011,56.0
Eastern Asia,Water Sports,Second Class,2,CLOSED,14,2799.860077,283.0
Eastern Asia,Water Sports,Second Class,2,COMPLETE,43,8599.5702365,806.0
Eastern Asia,Water Sports,Second Class,2,ON_HOLD,6,1199.940033,142.0
Eastern Asia,Water Sports,Second Class,2,PAYMENT_REVIEW,1,199.9900055,20.0
Eastern Asia,Water Sports,Second Class,2,PENDING,13,2599.8700715,342.0
Eastern Asia,Water Sports,Second Class,2,PENDING_PAYMENT,23,4599.7701265,484.0
Eastern Asia,Water Sports,Second Class,2,PROCESSING,9,1799.9100495,173.0
Eastern Asia,Water Sports,Second Class,2,SUSPECTED_FRAUD,1,199.9900055,32.0
Eastern Asia,Water Sports,Standard Class,4,CANCELED,6,1199.940033,104.0
Eastern Asia,Water Sports,Standard Class,4,CLOSED,40,7999.60022,787.0
Eastern Asia,Water Sports,Standard Class,4,COMPLETE,105,20998.9505775,1985.0
Eastern Asia,Water Sports,Standard Class,4,ON_HOLD,20,3999.80011,422.0
Eastern Asia,Water Sports,Standard Class,4,PAYMENT_REVIEW,8,1599.920044,133.0
Eastern Asia,Water Sports,Standard Class,4,PENDING,42,8399.580231,798.0
Eastern Asia,Water Sports,Standard Class,4,PENDING_PAYMENT,69,13799.3103795,1449.0
Eastern Asia,Water Sports,Standard Class,4,PROCESSING,34,6799.660187,710.0
Eastern Asia,Water Sports,Standard Class,4,SUSPECTED_FRAUD,3,599.9700164999999,40.0
Eastern Asia,Women's Apparel,First Class,1,CANCELED,1,50.0,5.0
Eastern Asia,Women's Apparel,First Class,1,CLOSED,10,500.0,135.5
Eastern Asia,Women's Apparel,First Class,1,COMPLETE,31,1550.0,463.75
Eastern Asia,Women's Apparel,First Class,1,ON_HOLD,3,150.0,18.25
Eastern Asia,Women's Apparel,First Class,1,PAYMENT_REVIEW,1,50.0,6.0
Eastern Asia,Women's Apparel,First Class,1,PENDING,3,150.0,64.0
Eastern Asia,Women's Apparel,First Class,1,PENDING_PAYMENT,22,1100.0,407.25
Eastern Asia,Women's Apparel,First Class,1,PROCESSING,5,250.0,125.0
Eastern Asia,Women's Apparel,First Class,1,SUSPECTED_FRAUD,1,50.0,0.0
Eastern Asia,Women's Apparel,Same Day,0,CLOSED,2,100.0,9.0
Eastern Asia,Women's Apparel,Same Day,0,COMPLETE,10,500.0,125.5
Eastern Asia,Women's Apparel,Same Day,0,ON_HOLD,1,50.0,3.5
Eastern Asia,Women's Apparel,Same Day,0,PAYMENT_REVIEW,1,50.0,24.0
Eastern Asia,Women's Apparel,Same Day,0,PENDING,3,150.0,51.5
Eastern Asia,Women's Apparel,Same Day,0,PENDING_PAYMENT,5,250.0,144.5
Eastern Asia,Women's Apparel,Second Class,2,CANCELED,2,100.0,15.0
Eastern Asia,Women's Apparel,Second Class,2,CLOSED,5,250.0,70.25
Eastern Asia,Women's Apparel,Second Class,2,COMPLETE,42,2100.0,695.5
Eastern Asia,Women's Apparel,Second Class,2,ON_HOLD,7,350.0,125.5
Eastern Asia,Women's Apparel,Second Class,2,PAYMENT_REVIEW,1,50.0,37.5
Eastern Asia,Women's Apparel,Second Class,2,PENDING,3,150.0,59.0
Eastern Asia,Women's Apparel,Second Class,2,PENDING_PAYMENT,17,850.0,279.5
Eastern Asia,Women's Apparel,Second Class,2,PROCESSING,2,100.0,33.5
Eastern Asia,Women's Apparel,Second Class,2,SUSPECTED_FRAUD,1,50.0,7.5
Eastern Asia,Women's Apparel,Standard Class,4,CANCELED,3,150.0,28.75
Eastern Asia,Women's Apparel,Standard Class,4,CLOSED,27,1350.0,361.5
Eastern Asia,Women's Apparel,Standard Class,4,COMPLETE,78,3900.0,1094.75
Eastern Asia,Women's Apparel,Standard Class,4,ON_HOLD,15,750.0,273.75
Eastern Asia,Women's Apparel,Standard Class,4,PAYMENT_REVIEW,7,350.0,44.0
Eastern Asia,Women's Apparel,Standard Class,4,PENDING,23,1150.0,317.5
Eastern Asia,Women's Apparel,Standard Class,4,PENDING_PAYMENT,57,2850.0,945.25
Eastern Asia,Women's Apparel,Standard Class,4,PROCESSING,27,1350.0,506.5
Eastern Asia,Women's Apparel,Standard Class,4,SUSPECTED_FRAUD,1,50.0,30.0
Eastern Asia,Women's Clothing,First Class,1,COMPLETE,3,647.4600218999999,53.94999838
Eastern Asia,Women's Clothing,First Class,1,PENDING,2,431.6400146,43.15999842
Eastern Asia,Women's Clothing,First Class,1,PENDING_PAYMENT,2,431.6400146,55.02999974
Eastern Asia,Women's Clothing,First Class,1,PROCESSING,2,431.6400146,33.44999981
Eastern Asia,Women's Clothing,Same Day,0,COMPLETE,3,647.4600218999999,94.95999765
Eastern Asia,Women's Clothing,Same Day,0,ON_HOLD,1,215.8200073,19.42000008
Eastern Asia,Women's Clothing,Same Day,0,PENDING_PAYMENT,1,215.8200073,38.84999847
Eastern Asia,Women's Clothing,Second Class,2,CLOSED,3,647.4600218999999,32.369999882
Eastern Asia,Women's Clothing,Second Class,2,COMPLETE,9,1942.3800657,265.459993374
Eastern Asia,Women's Clothing,Second Class,2,PENDING_PAYMENT,1,215.8200073,21.57999992
Eastern Asia,Women's Clothing,Standard Class,4,CLOSED,3,647.4600218999999,69.069998262
Eastern Asia,Women's Clothing,Standard Class,4,COMPLETE,17,3668.9401241,364.739993812
Eastern Asia,Women's Clothing,Standard Class,4,ON_HOLD,3,647.4600218999999,84.16999817
Eastern Asia,Women's Clothing,Standard Class,4,PENDING,3,647.4600218999999,50.71999932
Eastern Asia,Women's Clothing,Standard Class,4,PENDING_PAYMENT,14,3021.4801022,269.779996396
Eastern Asia,Women's Clothing,Standard Class,4,PROCESSING,1,215.8200073,15.10999966
Eastern Europe,Accessories,First Class,1,COMPLETE,1,24.98999977,12.0
Eastern Europe,Accessories,First Class,1,PENDING,1,24.98999977,0.0
Eastern Europe,Accessories,Second Class,2,CLOSED,1,24.98999977,3.0
Eastern Europe,Accessories,Second Class,2,COMPLETE,1,24.98999977,19.98999977
Eastern Europe,Accessories,Second Class,2,ON_HOLD,1,24.98999977,3.0
Eastern Europe,Accessories,Second Class,2,PENDING,1,24.98999977,19.98999977
Eastern Europe,Accessories,Second Class,2,PENDING_PAYMENT,5,124.94999885,48.609999656
Eastern Europe,Accessories,Standard Class,4,CANCELED,1,24.98999977,10.0
Eastern Europe,Accessories,Standard Class,4,CLOSED,3,74.96999931,8.25
Eastern Europe,Accessories,Standard Class,4,COMPLETE,7,174.92999839,64.48999977
Eastern Europe,Accessories,Standard Class,4,PAYMENT_REVIEW,1,24.98999977,0.0
Eastern Europe,Accessories,Standard Class,4,PENDING_PAYMENT,6,149.93999862,54.48999977
Eastern Europe,Accessories,Standard Class,4,PROCESSING,1,24.98999977,16.98999977
Eastern Europe,Baseball & Softball,First Class,1,CLOSED,1,59.99000168,40.79000092
Eastern Europe,Baseball & Softball,First Class,1,COMPLETE,1,34.99000168,2.799999952
Eastern Europe,Baseball & Softball,First Class,1,PENDING_PAYMENT,1,34.99000168,31.48999977
Eastern Europe,Baseball & Softball,Same Day,0,CLOSED,1,34.99000168,1.75
Eastern Europe,Baseball & Softball,Second Class,2,PROCESSING,1,59.99000168,7.199999809
Eastern Europe,Baseball & Softball,Standard Class,4,CANCELED,2,94.98000336,19.0
Eastern Europe,Baseball & Softball,Standard Class,4,COMPLETE,3,179.97000504,33.599999073
Eastern Europe,Baseball & Softball,Standard Class,4,PENDING_PAYMENT,2,69.98000336,25.899999621
Eastern Europe,Baseball & Softball,Standard Class,4,SUSPECTED_FRAUD,1,59.99000168,10.80000019
Eastern Europe,Boxing & MMA,First Class,1,CLOSED,1,54.97000122,41.22999954
Eastern Europe,Boxing & MMA,Second Class,2,COMPLETE,1,54.97000122,4.949999809
Eastern Europe,Boxing & MMA,Standard Class,4,COMPLETE,2,109.94000244,52.770001172
Eastern Europe,Boxing & MMA,Standard Class,4,ON_HOLD,1,54.97000122,0.0
Eastern Europe,Boxing & MMA,Standard Class,4,PENDING,1,54.97000122,54.97000122
Eastern Europe,Camping & Hiking,First Class,1,CLOSED,6,1799.880066,106.5
Eastern Europe,Camping & Hiking,First Class,1,COMPLETE,14,4199.720154,442.5
Eastern Europe,Camping & Hiking,First Class,1,ON_HOLD,4,1199.920044,109.5
Eastern Europe,Camping & Hiking,First Class,1,PENDING_PAYMENT,8,2399.840088,228.0
Eastern Europe,Camping & Hiking,Same Day,0,CLOSED,3,899.940033,138.0
Eastern Europe,Camping & Hiking,Same Day,0,COMPLETE,2,599.960022,30.0
Eastern Europe,Camping & Hiking,Same Day,0,ON_HOLD,3,899.940033,126.0
Eastern Europe,Camping & Hiking,Same Day,0,PENDING_PAYMENT,2,599.960022,31.5
Eastern Europe,Camping & Hiking,Second Class,2,CLOSED,6,1799.880066,105.0
Eastern Europe,Camping & Hiking,Second Class,2,COMPLETE,21,6299.580231,604.5
Eastern Europe,Camping & Hiking,Second Class,2,ON_HOLD,5,1499.900055,159.0
Eastern Europe,Camping & Hiking,Second Class,2,PENDING,1,299.980011,21.0
Eastern Europe,Camping & Hiking,Second Class,2,PENDING_PAYMENT,6,1799.880066,240.0
Eastern Europe,Camping & Hiking,Second Class,2,PROCESSING,2,599.960022,12.0
Eastern Europe,Camping & Hiking,Standard Class,4,CLOSED,10,2999.80011,306.0
Eastern Europe,Camping & Hiking,Standard Class,4,COMPLETE,67,20098.660737,1848.0
Eastern Europe,Camping & Hiking,Standard Class,4,ON_HOLD,10,2999.80011,253.5
Eastern Europe,Camping & Hiking,Standard Class,4,PAYMENT_REVIEW,1,299.980011,30.0
Eastern Europe,Camping & Hiking,Standard Class,4,PENDING,6,1799.880066,117.0
Eastern Europe,Camping & Hiking,Standard Class,4,PENDING_PAYMENT,24,7199.520264,735.0
Eastern Europe,Camping & Hiking,Standard Class,4,PROCESSING,10,2999.80011,256.5
Eastern Europe,Camping & Hiking,Standard Class,4,SUSPECTED_FRAUD,2,599.960022,84.0
Eastern Europe,Cardio Equipment,First Class,1,CLOSED,6,599.93998716,203.47999954
Eastern Europe,Cardio Equipment,First Class,1,COMPLETE,12,1129.88997646,375.97000126
Eastern Europe,Cardio Equipment,First Class,1,ON_HOLD,3,229.97999572,23.0
Eastern Europe,Cardio Equipment,First Class,1,PENDING_PAYMENT,7,699.92998502,68.5
Eastern Europe,Cardio Equipment,First Class,1,PROCESSING,4,399.95999144,150.98999786000002
Eastern Europe,Cardio Equipment,Same Day,0,CLOSED,1,99.98999786,8.0
Eastern Europe,Cardio Equipment,Same Day,0,COMPLETE,3,299.96999358,97.98999786
Eastern Europe,Cardio Equipment,Same Day,0,PENDING_PAYMENT,1,99.98999786,15.0
Eastern Europe,Cardio Equipment,Second Class,2,CLOSED,8,729.92998502,165.099999905
Eastern Europe,Cardio Equipment,Second Class,2,COMPLETE,12,1129.88997646,384.070001125
Eastern Europe,Cardio Equipment,Second Class,2,ON_HOLD,2,199.97999572,23.0
Eastern Europe,Cardio Equipment,Second Class,2,PENDING,4,399.95999144,191.98000336
Eastern Europe,Cardio Equipment,Second Class,2,PENDING_PAYMENT,9,899.90998074,271.9699974
Eastern Europe,Cardio Equipment,Second Class,2,PROCESSING,3,299.96999358,89.0
Eastern Europe,Cardio Equipment,Standard Class,4,CANCELED,1,99.98999786,10.0
Eastern Europe,Cardio Equipment,Standard Class,4,CLOSED,12,1199.87997432,293.97999954
Eastern Europe,Cardio Equipment,Standard Class,4,COMPLETE,39,3759.62992082,1101.619994666
Eastern Europe,Cardio Equipment,Standard Class,4,ON_HOLD,7,699.92998502,218.48999786
Eastern Europe,Cardio Equipment,Standard Class,4,PAYMENT_REVIEW,2,199.97999572,15.0
Eastern Europe,Cardio Equipment,Standard Class,4,PENDING,8,799.91998288,298.9699974
Eastern Europe,Cardio Equipment,Standard Class,4,PENDING_PAYMENT,16,1529.8499679,548.45999912
Eastern Europe,Cardio Equipment,Standard Class,4,PROCESSING,12,1059.8999786,334.569997305
Eastern Europe,Cleats,First Class,1,CLOSED,9,539.91001512,179.39000225
Eastern Europe,Cleats,First Class,1,COMPLETE,29,1739.71004872,575.62001432
Eastern Europe,Cleats,First Class,1,PENDING,1,59.99000168,6.0
Eastern Europe,Cleats,First Class,1,PENDING_PAYMENT,20,1199.8000336,329.659998416
Eastern Europe,Cleats,First Class,1,PROCESSING,1,59.99000168,1.799999952
Eastern Europe,Cleats,First Class,1,SUSPECTED_FRAUD,1,59.99000168,18.0
Eastern Europe,Cleats,Same Day,0,CLOSED,1,59.99000168,3.599999905
Eastern Europe,Cleats,Same Day,0,COMPLETE,11,659.89001848,283.74000335200003
Eastern Europe,Cleats,Same Day,0,PENDING_PAYMENT,3,179.97000504,102.58999824
Eastern Europe,Cleats,Second Class,2,CLOSED,15,899.8500252,252.279998295
Eastern Europe,Cleats,Second Class,2,COMPLETE,34,2039.66005712,622.420011163
Eastern Europe,Cleats,Second Class,2,ON_HOLD,8,479.92001344,62.999998573
Eastern Europe,Cleats,Second Class,2,PAYMENT_REVIEW,1,59.99000168,28.79999924
Eastern Europe,Cleats,Second Class,2,PENDING,8,479.92001344,88.799999479
Eastern Europe,Cleats,Second Class,2,PENDING_PAYMENT,14,839.86002352,296.950003392
Eastern Europe,Cleats,Second Class,2,PROCESSING,3,179.97000504,32.10000038
Eastern Europe,Cleats,Standard Class,4,CANCELED,9,539.91001512,235.749999515
Eastern Europe,Cleats,Standard Class,4,CLOSED,28,1679.72004704,476.350003478
Eastern Europe,Cleats,Standard Class,4,COMPLETE,69,4139.31011592,1289.820014012
Eastern Europe,Cleats,Standard Class,4,ON_HOLD,25,1499.750042,422.94000912
Eastern Europe,Cleats,Standard Class,4,PENDING,10,599.9000168,204.570004709
Eastern Europe,Cleats,Standard Class,4,PENDING_PAYMENT,33,1979.67005544,601.150006293
Eastern Europe,Cleats,Standard Class,4,PROCESSING,19,1139.81003192,358.150003678
Eastern Europe,Cleats,Standard Class,4,SUSPECTED_FRAUD,3,179.97000504,41.999998812
Eastern Europe,Electronics,First Class,1,CLOSED,2,63.97999954,13.440000057
Eastern Europe,Electronics,First Class,1,COMPLETE,4,156.9600029,49.18000006
Eastern Europe,Electronics,First Class,1,PENDING_PAYMENT,2,79.98000145,49.75000167
Eastern Europe,Electronics,First Class,1,SUSPECTED_FRAUD,1,51.99000168,24.95999908
Eastern Europe,Electronics,Same Day,0,CLOSED,3,115.97000122,8.640000104999999
Eastern Europe,Electronics,Same Day,0,COMPLETE,1,47.99000168,14.39999962
Eastern Europe,Electronics,Second Class,2,COMPLETE,4,179.96000481,65.949999332
Eastern Europe,Electronics,Second Class,2,PENDING_PAYMENT,1,31.98999977,2.24000001
Eastern Europe,Electronics,Standard Class,4,CANCELED,1,51.99000168,2.079999924
Eastern Europe,Electronics,Standard Class,4,CLOSED,3,111.97000122,44.469998832
Eastern Europe,Electronics,Standard Class,4,COMPLETE,15,616.85001183,187.139998861
Eastern Europe,Electronics,Standard Class,4,ON_HOLD,5,185.95000267,50.070001841
Eastern Europe,Electronics,Standard Class,4,PENDING,3,124.97000313,55.190001491
Eastern Europe,Electronics,Standard Class,4,PENDING_PAYMENT,7,252.93000221,103.500000947
Eastern Europe,Electronics,Standard Class,4,PROCESSING,2,63.97999954,8.639999986
Eastern Europe,Fitness Accessories,Standard Class,4,COMPLETE,1,34.99000168,0.0
Eastern Europe,Fitness Accessories,Standard Class,4,ON_HOLD,1,34.99000168,34.99000168
Eastern Europe,Fitness Accessories,Standard Class,4,PROCESSING,1,34.99000168,3.5
Eastern Europe,Girls' Apparel,First Class,1,CLOSED,1,70.0,16.79999924
Eastern Europe,Girls' Apparel,First Class,1,COMPLETE,1,30.0,6.0
Eastern Europe,Girls' Apparel,First Class,1,PENDING_PAYMENT,2,100.0,60.5
Eastern Europe,Girls' Apparel,Same Day,0,COMPLETE,1,70.0,25.20000076
Eastern Europe,Girls' Apparel,Second Class,2,COMPLETE,2,64.99000168,7.199999809
Eastern Europe,Girls' Apparel,Second Class,2,PAYMENT_REVIEW,1,39.99000168,28.79000092
Eastern Europe,Girls' Apparel,Second Class,2,PENDING_PAYMENT,1,39.99000168,0.400000006
Eastern Europe,Girls' Apparel,Standard Class,4,CANCELED,1,25.0,16.25
Eastern Europe,Girls' Apparel,Standard Class,4,CLOSED,1,39.99000168,3.200000048
Eastern Europe,Girls' Apparel,Standard Class,4,COMPLETE,2,69.99000168,19.800000784
Eastern Europe,Girls' Apparel,Standard Class,4,ON_HOLD,1,39.99000168,20.0
Eastern Europe,Girls' Apparel,Standard Class,4,PENDING,1,39.99000168,0.0
Eastern Europe,Girls' Apparel,Standard Class,4,PROCESSING,1,70.0,2.799999952
Eastern Europe,Golf Apparel,First Class,1,COMPLETE,1,19.98999977,0.600000024
Eastern Europe,Golf Apparel,Second Class,2,COMPLETE,1,19.98999977,4.0
Eastern Europe,Golf Apparel,Second Class,2,PENDING_PAYMENT,1,19.98999977,0.0
Eastern Europe,Golf Apparel,Second Class,2,PROCESSING,1,19.98999977,7.800000191
Eastern Europe,Golf Apparel,Standard Class,4,COMPLETE,1,19.98999977,5.5
Eastern Europe,Golf Apparel,Standard Class,4,SUSPECTED_FRAUD,1,19.98999977,1.600000024
Eastern Europe,Golf Balls,First Class,1,CANCELED,1,17.98999977,0.0
Eastern Europe,Golf Balls,First Class,1,CLOSED,1,14.98999977,3.0
Eastern Europe,Golf Balls,First Class,1,COMPLETE,2,34.97999954,6.150000215
Eastern Europe,Golf Balls,First Class,1,PENDING_PAYMENT,2,37.97999954,4.280000091
Eastern Europe,Golf Balls,Second Class,2,COMPLETE,4,74.95999908,20.379999354
Eastern Europe,Golf Balls,Second Class,2,ON_HOLD,1,19.98999977,5.199999809
Eastern Europe,Golf Balls,Second Class,2,PENDING,2,34.97999954,10.589999586
Eastern Europe,Golf Balls,Second Class,2,PENDING_PAYMENT,2,39.97999954,3.800000012
Eastern Europe,Golf Balls,Second Class,2,PROCESSING,1,14.98999977,1.799999952
Eastern Europe,Golf Balls,Standard Class,4,CLOSED,1,19.98999977,9.0
Eastern Europe,Golf Balls,Standard Class,4,COMPLETE,7,122.92999839,31.019999652000003
Eastern Europe,Golf Balls,Standard Class,4,ON_HOLD,3,50.969999310000006,19.74000001
Eastern Europe,Golf Balls,Standard Class,4,PENDING,4,72.95999908,8.419999958
Eastern Europe,Golf Balls,Standard Class,4,PENDING_PAYMENT,3,44.969999310000006,15.0
Eastern Europe,Golf Balls,Standard Class,4,PROCESSING,1,14.98999977,4.5
Eastern Europe,Golf Gloves,First Class,1,CLOSED,3,89.970003131,20.399999857
Eastern Europe,Golf Gloves,First Class,1,COMPLETE,1,39.99000168,5.199999809
Eastern Europe,Golf Gloves,First Class,1,PENDING_PAYMENT,1,24.98999977,0.75
Eastern Europe,Golf Gloves,Second Class,2,CLOSED,1,39.99000168,8.0
Eastern Europe,Golf Gloves,Second Class,2,PENDING,1,39.99000168,0.800000012
Eastern Europe,Golf Gloves,Second Class,2,PENDING_PAYMENT,2,79.98000336,11.600000024
Eastern Europe,Golf Gloves,Standard Class,4,CLOSED,1,39.99000168,10.0
Eastern Europe,Golf Gloves,Standard Class,4,COMPLETE,6,134.940000532,39.189999818
Eastern Europe,Golf Gloves,Standard Class,4,ON_HOLD,1,24.98999977,6.869999886
Eastern Europe,Golf Gloves,Standard Class,4,PENDING,1,39.99000168,1.600000024
Eastern Europe,Golf Gloves,Standard Class,4,PENDING_PAYMENT,5,109.950000762,37.569999693
Eastern Europe,Golf Shoes,Standard Class,4,CLOSED,1,65.0,6.5
Eastern Europe,Golf Shoes,Standard Class,4,COMPLETE,3,195.0,33.800000190999995
Eastern Europe,Hockey,First Class,1,PROCESSING,1,25.0,2.5
Eastern Europe,Hockey,Same Day,0,COMPLETE,2,47.0,7.54000014
Eastern Europe,Hockey,Second Class,2,COMPLETE,1,22.0,16.5
Eastern Europe,Hockey,Second Class,2,PENDING_PAYMENT,1,22.0,0.439999998
Eastern Europe,Hockey,Standard Class,4,COMPLETE,6,138.0,66.060000182
Eastern Europe,Hockey,Standard Class,4,PENDING_PAYMENT,2,47.0,14.980000019
Eastern Europe,Hunting & Shooting,First Class,1,PENDING_PAYMENT,1,29.98999977,4.800000191
Eastern Europe,Hunting & Shooting,Second Class,2,COMPLETE,2,59.97999954,16.5
Eastern Europe,Hunting & Shooting,Standard Class,4,COMPLETE,2,59.97999954,26.23999977
Eastern Europe,Hunting & Shooting,Standard Class,4,PENDING,1,29.98999977,4.199999809
Eastern Europe,Indoor/Outdoor Games,First Class,1,COMPLETE,5,249.8999977,24.75
Eastern Europe,Indoor/Outdoor Games,First Class,1,ON_HOLD,4,199.91999816,80.46999931
Eastern Europe,Indoor/Outdoor Games,First Class,1,PENDING,1,49.97999954,7.5
Eastern Europe,Indoor/Outdoor Games,First Class,1,PROCESSING,2,99.95999908,16.0
Eastern Europe,Indoor/Outdoor Games,Second Class,2,COMPLETE,3,149.93999862,41.47999954
Eastern Europe,Indoor/Outdoor Games,Second Class,2,PENDING,1,49.97999954,37.49000168
Eastern Europe,Indoor/Outdoor Games,Second Class,2,PENDING_PAYMENT,5,249.8999977,39.48999977
Eastern Europe,Indoor/Outdoor Games,Second Class,2,PROCESSING,2,99.95999908,66.47999954
Eastern Europe,Indoor/Outdoor Games,Standard Class,4,CLOSED,1,49.97999954,8.5
Eastern Europe,Indoor/Outdoor Games,Standard Class,4,COMPLETE,16,799.67999264,229.42000007
Eastern Europe,Indoor/Outdoor Games,Standard Class,4,ON_HOLD,4,199.91999816,73.96999931
Eastern Europe,Indoor/Outdoor Games,Standard Class,4,PAYMENT_REVIEW,2,99.95999908,6.0
Eastern Europe,Indoor/Outdoor Games,Standard Class,4,PENDING,5,249.8999977,33.98999977
Eastern Europe,Indoor/Outdoor Games,Standard Class,4,PENDING_PAYMENT,10,499.7999954,159.17999839
Eastern Europe,Indoor/Outdoor Games,Standard Class,4,PROCESSING,8,399.83999632,188.92999839
Eastern Europe,Lacrosse,First Class,1,COMPLETE,1,24.98999977,1.0
Eastern Europe,Lacrosse,Second Class,2,CLOSED,1,24.98999977,1.75
Eastern Europe,Lacrosse,Second Class,2,PENDING_PAYMENT,1,24.98999977,2.25
Eastern Europe,Lacrosse,Standard Class,4,COMPLETE,2,49.97999954,3.75
Eastern Europe,Lacrosse,Standard Class,4,PAYMENT_REVIEW,1,24.98999977,5.25
Eastern Europe,Lacrosse,Standard Class,4,PENDING_PAYMENT,1,24.98999977,2.0
Eastern Europe,Lacrosse,Standard Class,4,PROCESSING,1,24.98999977,19.98999977
Eastern Europe,Men's Footwear,First Class,1,CLOSED,6,779.940033,107.899998432
Eastern Europe,Men's Footwear,First Class,1,COMPLETE,17,2209.8300935,202.799999476
Eastern Europe,Men's Footwear,First Class,1,ON_HOLD,5,649.9500275,83.20000076
Eastern Europe,Men's Footwear,First Class,1,PENDING,1,129.9900055,23.39999962
Eastern Europe,Men's Footwear,First Class,1,PENDING_PAYMENT,17,2209.8300935,269.100000379
Eastern Europe,Men's Footwear,First Class,1,PROCESSING,2,259.980011,45.5
Eastern Europe,Men's Footwear,Same Day,0,CLOSED,5,649.9500275,75.39999867
Eastern Europe,Men's Footwear,Same Day,0,COMPLETE,5,649.9500275,87.10000038
Eastern Europe,Men's Footwear,Same Day,0,ON_HOLD,1,129.9900055,9.100000381
Eastern Europe,Men's Footwear,Same Day,0,PENDING,1,129.9900055,13.0
Eastern Europe,Men's Footwear,Same Day,0,PENDING_PAYMENT,3,389.9700165,49.400000095
Eastern Europe,Men's Footwear,Second Class,2,CLOSED,8,1039.920044,84.499998336
Eastern Europe,Men's Footwear,Second Class,2,COMPLETE,31,4029.6901705,442.650000809
Eastern Europe,Men's Footwear,Second Class,2,ON_HOLD,1,129.9900055,5.199999809
Eastern Europe,Men's Footwear,Second Class,2,PAYMENT_REVIEW,1,129.9900055,1.299999952
Eastern Europe,Men's Footwear,Second Class,2,PENDING,5,649.9500275,62.400000095
Eastern Europe,Men's Footwear,Second Class,2,PENDING_PAYMENT,9,1169.9100495,117.649999146
Eastern Europe,Men's Footwear,Second Class,2,PROCESSING,4,519.960022,66.300000191
Eastern Europe,Men's Footwear,Standard Class,4,CANCELED,4,519.960022,27.299999476
Eastern Europe,Men's Footwear,Standard Class,4,CLOSED,26,3379.740143,288.599998002
Eastern Europe,Men's Footwear,Standard Class,4,COMPLETE,85,11049.1504675,1039.999991208
Eastern Europe,Men's Footwear,Standard Class,4,ON_HOLD,21,2729.7901155,302.249999762
Eastern Europe,Men's Footwear,Standard Class,4,PAYMENT_REVIEW,4,519.960022,53.300000191
Eastern Europe,Men's Footwear,Standard Class,4,PENDING,9,1169.9100495,105.299999479
Eastern Europe,Men's Footwear,Standard Class,4,PENDING_PAYMENT,36,4679.640198,592.80000019
Eastern Europe,Men's Footwear,Standard Class,4,PROCESSING,10,1299.900055,181.99999905
Eastern Europe,Men's Footwear,Standard Class,4,SUSPECTED_FRAUD,1,129.9900055,32.5
Eastern Europe,Shop By Sport,First Class,1,CLOSED,1,39.99000168,20.0
Eastern Europe,Shop By Sport,First Class,1,COMPLETE,16,639.84002688,132.790001448
Eastern Europe,Shop By Sport,First Class,1,PAYMENT_REVIEW,1,39.99000168,19.20000076
Eastern Europe,Shop By Sport,First Class,1,PENDING_PAYMENT,4,159.96000672,93.18000412
Eastern Europe,Shop By Sport,First Class,1,PROCESSING,1,39.99000168,12.0
Eastern Europe,Shop By Sport,First Class,1,SUSPECTED_FRAUD,1,39.99000168,4.800000191
Eastern Europe,Shop By Sport,Same Day,0,CLOSED,1,39.99000168,11.0
Eastern Europe,Shop By Sport,Same Day,0,COMPLETE,2,79.98000336,7.200000048
Eastern Europe,Shop By Sport,Same Day,0,ON_HOLD,4,159.96000672,13.19999987
Eastern Europe,Shop By Sport,Same Day,0,PENDING,1,39.99000168,4.0
Eastern Europe,Shop By Sport,Same Day,0,PENDING_PAYMENT,2,79.98000336,31.60000038
Eastern Europe,Shop By Sport,Second Class,2,CLOSED,6,239.94001008,38.799999924
Eastern Europe,Shop By Sport,Second Class,2,COMPLETE,13,509.88002016,180.980002519
Eastern Europe,Shop By Sport,Second Class,2,ON_HOLD,1,39.99000168,6.599999905
Eastern Europe,Shop By Sport,Second Class,2,PENDING,1,39.99000168,6.0
Eastern Europe,Shop By Sport,Second Class,2,PENDING_PAYMENT,3,119.97000504,17.199999692
Eastern Europe,Shop By Sport,Second Class,2,PROCESSING,2,79.98000336,32.79000092
Eastern Europe,Shop By Sport,Standard Class,4,CANCELED,2,79.98000336,49.98999977
Eastern Europe,Shop By Sport,Standard Class,4,CLOSED,10,399.9000168,104.39000154
Eastern Europe,Shop By Sport,Standard Class,4,COMPLETE,46,1829.5500756,577.110007232
Eastern Europe,Shop By Sport,Standard Class,4,ON_HOLD,4,159.96000672,39.60000038
Eastern Europe,Shop By Sport,Standard Class,4,PENDING,6,239.94001008,54.800000072
Eastern Europe,Shop By Sport,Standard Class,4,PENDING_PAYMENT,10,399.9000168,110.38000094
Eastern Europe,Shop By Sport,Standard Class,4,PROCESSING,6,239.94001008,75.589999675
Eastern Europe,Tennis & Racquet,First Class,1,CLOSED,1,44.99000168,9.0
Eastern Europe,Tennis & Racquet,First Class,1,COMPLETE,1,44.99000168,3.599999905
Eastern Europe,Tennis & Racquet,First Class,1,PROCESSING,1,44.99000168,5.400000095
Eastern Europe,Tennis & Racquet,Second Class,2,ON_HOLD,1,44.99000168,14.39999962
Eastern Europe,Tennis & Racquet,Standard Class,4,CLOSED,1,44.99000168,6.75
Eastern Europe,Tennis & Racquet,Standard Class,4,COMPLETE,1,44.99000168,6.75
Eastern Europe,Tennis & Racquet,Standard Class,4,PENDING_PAYMENT,1,44.99000168,7.199999809
Eastern Europe,Trade-In,First Class,1,COMPLETE,2,37.97999954,16.389999387
Eastern Europe,Trade-In,First Class,1,PENDING_PAYMENT,1,15.98999977,3.839999914
Eastern Europe,Trade-In,Second Class,2,COMPLETE,1,21.98999977,4.400000095
Eastern Europe,Trade-In,Standard Class,4,ON_HOLD,1,15.98999977,19.98999977
Eastern Europe,Trade-In,Standard Class,4,PENDING,1,15.98999977,7.199999809
Eastern Europe,Trade-In,Standard Class,4,PENDING_PAYMENT,1,15.98999977,0.800000012
Eastern Europe,Trade-In,Standard Class,4,PROCESSING,1,15.98999977,11.51000023
Eastern Europe,Trade-In,Standard Class,4,SUSPECTED_FRAUD,1,15.98999977,1.440000057
Eastern Europe,Water Sports,First Class,1,CANCELED,1,199.9900055,32.0
Eastern Europe,Water Sports,First Class,1,CLOSED,8,1599.920044,159.0
Eastern Europe,Water Sports,First Class,1,COMPLETE,22,4399.780121,402.0
Eastern Europe,Water Sports,First Class,1,ON_HOLD,1,199.9900055,0.0
Eastern Europe,Water Sports,First Class,1,PENDING,5,999.9500275,50.0
Eastern Europe,Water Sports,First Class,1,PENDING_PAYMENT,11,2199.8900605,227.0
Eastern Europe,Water Sports,First Class,1,PROCESSING,4,799.960022,55.0
Eastern Europe,Water Sports,First Class,1,SUSPECTED_FRAUD,1,199.9900055,24.0
Eastern Europe,Water Sports,Same Day,0,CLOSED,3,599.9700164999999,94.0
Eastern Europe,Water Sports,Same Day,0,COMPLETE,9,1799.9100495,149.0
Eastern Europe,Water Sports,Same Day,0,ON_HOLD,1,199.9900055,24.0
Eastern Europe,Water Sports,Same Day,0,PENDING,2,399.980011,2.0
Eastern Europe,Water Sports,Same Day,0,PENDING_PAYMENT,4,799.960022,100.0
Eastern Europe,Water Sports,Same Day,0,PROCESSING,3,599.9700164999999,49.0
Eastern Europe,Water Sports,Second Class,2,CANCELED,1,199.9900055,36.0
Eastern Europe,Water Sports,Second Class,2,CLOSED,10,1999.900055,176.0
Eastern Europe,Water Sports,Second Class,2,COMPLETE,18,3599.820099,408.0
Eastern Europe,Water Sports,Second Class,2,ON_HOLD,2,399.980011,40.0
Eastern Europe,Water Sports,Second Class,2,PAYMENT_REVIEW,2,399.980011,30.0
Eastern Europe,Water Sports,Second Class,2,PENDING,10,1999.900055,148.0
Eastern Europe,Water Sports,Second Class,2,PENDING_PAYMENT,19,3799.8101045,394.0
Eastern Europe,Water Sports,Second Class,2,PROCESSING,7,1399.9300385,155.0
Eastern Europe,Water Sports,Second Class,2,SUSPECTED_FRAUD,1,199.9900055,32.0
Eastern Europe,Water Sports,Standard Class,4,CANCELED,4,799.960022,24.0
Eastern Europe,Water Sports,Standard Class,4,CLOSED,21,4199.7901155,419.0
Eastern Europe,Water Sports,Standard Class,4,COMPLETE,65,12999.3503575,1386.0
Eastern Europe,Water Sports,Standard Class,4,ON_HOLD,8,1599.920044,210.0
Eastern Europe,Water Sports,Standard Class,4,PENDING,18,3599.820099,325.0
Eastern Europe,Water Sports,Standard Class,4,PENDING_PAYMENT,36,7199.640198,819.0
Eastern Europe,Water Sports,Standard Class,4,PROCESSING,22,4399.780121,545.0
Eastern Europe,Water Sports,Standard Class,4,SUSPECTED_FRAUD,3,599.9700164999999,20.0
Eastern Europe,Women's Apparel,First Class,1,CLOSED,6,300.0,60.0
Eastern Europe,Women's Apparel,First Class,1,COMPLETE,29,1450.0,377.0
Eastern Europe,Women's Apparel,First Class,1,ON_HOLD,2,100.0,21.5
Eastern Europe,Women's Apparel,First Class,1,PENDING,4,200.0,51.0
Eastern Europe,Women's Apparel,First Class,1,PENDING_PAYMENT,9,450.0,133.0
Eastern Europe,Women's Apparel,First Class,1,PROCESSING,4,200.0,42.5
Eastern Europe,Women's Apparel,First Class,1,SUSPECTED_FRAUD,3,150.0,70.0
Eastern Europe,Women's Apparel,Same Day,0,CLOSED,3,150.0,15.0
Eastern Europe,Women's Apparel,Same Day,0,COMPLETE,6,300.0,91.5
Eastern Europe,Women's Apparel,Same Day,0,ON_HOLD,2,100.0,11.0
Eastern Europe,Women's Apparel,Same Day,0,PENDING,1,50.0,12.0
Eastern Europe,Women's Apparel,Same Day,0,PENDING_PAYMENT,3,150.0,44.5
Eastern Europe,Women's Apparel,Second Class,2,CLOSED,5,250.0,91.0
Eastern Europe,Women's Apparel,Second Class,2,COMPLETE,30,1500.0,437.0
Eastern Europe,Women's Apparel,Second Class,2,ON_HOLD,4,200.0,20.0
Eastern Europe,Women's Apparel,Second Class,2,PAYMENT_REVIEW,4,200.0,43.75
Eastern Europe,Women's Apparel,Second Class,2,PENDING,2,100.0,14.0
Eastern Europe,Women's Apparel,Second Class,2,PENDING_PAYMENT,8,400.0,133.0
Eastern Europe,Women's Apparel,Second Class,2,PROCESSING,1,50.0,12.0
Eastern Europe,Women's Apparel,Standard Class,4,CANCELED,4,200.0,45.5
Eastern Europe,Women's Apparel,Standard Class,4,CLOSED,22,1100.0,322.25
Eastern Europe,Women's Apparel,Standard Class,4,COMPLETE,78,3900.0,1119.25
Eastern Europe,Women's Apparel,Standard Class,4,ON_HOLD,6,300.0,81.5
Eastern Europe,Women's Apparel,Standard Class,4,PAYMENT_REVIEW,1,50.0,13.0
Eastern Europe,Women's Apparel,Standard Class,4,PENDING,7,350.0,72.5
Eastern Europe,Women's Apparel,Standard Class,4,PENDING_PAYMENT,26,1300.0,465.75
Eastern Europe,Women's Apparel,Standard Class,4,PROCESSING,18,900.0,464.25
Eastern Europe,Women's Apparel,Standard Class,4,SUSPECTED_FRAUD,2,100.0,42.0
North Africa,Accessories,First Class,1,COMPLETE,3,74.96999931,22.48999977
North Africa,Accessories,First Class,1,ON_HOLD,1,24.98999977,1.5
North Africa,Accessories,First Class,1,PENDING_PAYMENT,2,49.97999954,26.98999977
North Africa,Accessories,First Class,1,PROCESSING,1,24.98999977,9.75
North Africa,Accessories,Same Day,0,COMPLETE,1,24.98999977,12.0
North Africa,Accessories,Second Class,2,CLOSED,1,24.98999977,4.5
North Africa,Accessories,Second Class,2,COMPLETE,4,99.95999908,31.73999977
North Africa,Accessories,Second Class,2,PENDING,1,24.98999977,12.98999977
North Africa,Accessories,Second Class,2,PENDING_PAYMENT,1,24.98999977,14.98999977
North Africa,Accessories,Second Class,2,PROCESSING,1,24.98999977,3.75
North Africa,Accessories,Standard Class,4,CLOSED,1,24.98999977,2.25
North Africa,Accessories,Standard Class,4,COMPLETE,3,74.96999931,34.23999977
North Africa,Accessories,Standard Class,4,PENDING_PAYMENT,2,49.97999954,38.72999954
North Africa,Accessories,Standard Class,4,PROCESSING,1,24.98999977,14.98999977
North Africa,Baseball & Softball,First Class,1,COMPLETE,1,34.99000168,1.919999957
North Africa,Baseball & Softball,First Class,1,PENDING_PAYMENT,1,59.99000168,43.18999863
North Africa,Baseball & Softball,Second Class,2,CLOSED,1,59.99000168,15.0
North Africa,Baseball & Softball,Standard Class,4,COMPLETE,4,214.96000672,33.599999429
North Africa,Baseball & Softball,Standard Class,4,PENDING_PAYMENT,1,59.99000168,59.99000168
North Africa,Boxing & MMA,Same Day,0,PENDING_PAYMENT,1,54.97000122,2.75
North Africa,Boxing & MMA,Second Class,2,COMPLETE,1,54.97000122,41.22999954
North Africa,Boxing & MMA,Second Class,2,PENDING_PAYMENT,1,54.97000122,16.48999977
North Africa,Camping & Hiking,First Class,1,COMPLETE,8,2399.840088,229.5
North Africa,Camping & Hiking,First Class,1,ON_HOLD,1,299.980011,15.0
North Africa,Camping & Hiking,First Class,1,PAYMENT_REVIEW,2,599.960022,15.0
North Africa,Camping & Hiking,First Class,1,PENDING_PAYMENT,8,2399.840088,259.5
North Africa,Camping & Hiking,First Class,1,PROCESSING,1,299.980011,21.0
North Africa,Camping & Hiking,Same Day,0,COMPLETE,4,1199.920044,156.0
North Africa,Camping & Hiking,Same Day,0,PENDING,2,599.960022,96.0
North Africa,Camping & Hiking,Same Day,0,PENDING_PAYMENT,3,899.940033,132.0
North Africa,Camping & Hiking,Second Class,2,CLOSED,5,1499.900055,190.5
North Africa,Camping & Hiking,Second Class,2,COMPLETE,6,1799.880066,264.0
North Africa,Camping & Hiking,Second Class,2,ON_HOLD,3,899.940033,12.0
North Africa,Camping & Hiking,Second Class,2,PENDING,2,599.960022,81.0
North Africa,Camping & Hiking,Second Class,2,PENDING_PAYMENT,10,2999.80011,328.5
North Africa,Camping & Hiking,Second Class,2,PROCESSING,2,599.960022,63.0
North Africa,Camping & Hiking,Standard Class,4,CLOSED,11,3299.780121,327.0
North Africa,Camping & Hiking,Standard Class,4,COMPLETE,49,14699.020539,1459.5
North Africa,Camping & Hiking,Standard Class,4,ON_HOLD,3,899.940033,76.5
North Africa,Camping & Hiking,Standard Class,4,PENDING,8,2399.840088,105.0
North Africa,Camping & Hiking,Standard Class,4,PENDING_PAYMENT,30,8999.40033,1039.5
North Africa,Camping & Hiking,Standard Class,4,PROCESSING,2,599.960022,60.0
North Africa,Camping & Hiking,Standard Class,4,SUSPECTED_FRAUD,1,299.980011,12.0
North Africa,Cardio Equipment,First Class,1,CLOSED,1,99.98999786,18.0
North Africa,Cardio Equipment,First Class,1,COMPLETE,14,1399.85997004,638.9399909800001
North Africa,Cardio Equipment,First Class,1,PAYMENT_REVIEW,1,99.98999786,18.0
North Africa,Cardio Equipment,First Class,1,PENDING_PAYMENT,4,399.95999144,91.99000168
North Africa,Cardio Equipment,Same Day,0,COMPLETE,8,729.92998502,177.0
North Africa,Cardio Equipment,Same Day,0,PAYMENT_REVIEW,1,99.98999786,28.0
North Africa,Cardio Equipment,Same Day,0,PENDING,1,99.98999786,27.0
North Africa,Cardio Equipment,Same Day,0,PENDING_PAYMENT,2,199.97999572,66.0
North Africa,Cardio Equipment,Second Class,2,CLOSED,3,299.96999358,39.0
North Africa,Cardio Equipment,Second Class,2,COMPLETE,12,1199.87997432,277.98000336
North Africa,Cardio Equipment,Second Class,2,ON_HOLD,2,199.97999572,60.0
North Africa,Cardio Equipment,Second Class,2,PENDING,2,199.97999572,38.5
North Africa,Cardio Equipment,Second Class,2,PENDING_PAYMENT,4,329.96999358,108.99000168
North Africa,Cardio Equipment,Second Class,2,PROCESSING,2,199.97999572,124.98999786
North Africa,Cardio Equipment,Standard Class,4,CANCELED,2,199.97999572,104.99000168
North Africa,Cardio Equipment,Standard Class,4,CLOSED,11,1099.88997646,358.46999358
North Africa,Cardio Equipment,Standard Class,4,COMPLETE,36,3529.6499251,818.66000366
North Africa,Cardio Equipment,Standard Class,4,ON_HOLD,9,899.90998074,276.97999954
North Africa,Cardio Equipment,Standard Class,4,PENDING,3,299.96999358,55.99000168
North Africa,Cardio Equipment,Standard Class,4,PENDING_PAYMENT,13,1299.86997218,298.99000168
North Africa,Cardio Equipment,Standard Class,4,PROCESSING,8,799.91998288,285.97999572000003
North Africa,Cardio Equipment,Standard Class,4,SUSPECTED_FRAUD,4,399.95999144,106.0
North Africa,Cleats,First Class,1,CLOSED,4,239.96000672,74.990002155
North Africa,Cleats,First Class,1,COMPLETE,22,1319.78003696,396.270003321
North Africa,Cleats,First Class,1,ON_HOLD,4,239.96000672,56.99000168
North Africa,Cleats,First Class,1,PAYMENT_REVIEW,1,59.99000168,59.99000168
North Africa,Cleats,First Class,1,PENDING,3,179.97000504,40.799999715
North Africa,Cleats,First Class,1,PENDING_PAYMENT,17,1019.83002856,427.420009629
North Africa,Cleats,Same Day,0,CLOSED,2,119.98000336,64.19000244
North Africa,Cleats,Same Day,0,COMPLETE,8,479.92001344,85.490001204
North Africa,Cleats,Same Day,0,PENDING,1,59.99000168,38.38999939
North Africa,Cleats,Same Day,0,PENDING_PAYMENT,4,239.96000672,56.99000167999999
North Africa,Cleats,Same Day,0,PROCESSING,1,59.99000168,6.0
North Africa,Cleats,Second Class,2,CLOSED,9,539.91001512,126.590001823
North Africa,Cleats,Second Class,2,COMPLETE,22,1319.78003696,399.879999654
North Africa,Cleats,Second Class,2,ON_HOLD,5,299.9500084,119.9800005
North Africa,Cleats,Second Class,2,PENDING,1,59.99000168,3.599999905
North Africa,Cleats,Second Class,2,PENDING_PAYMENT,17,1019.83002856,340.750005613
North Africa,Cleats,Second Class,2,PROCESSING,3,179.97000504,104.38000107
North Africa,Cleats,Standard Class,4,CANCELED,2,119.98000336,52.49000168
North Africa,Cleats,Standard Class,4,CLOSED,20,1199.8000336,332.670003423
North Africa,Cleats,Standard Class,4,COMPLETE,56,3359.44009408,944.600004442
North Africa,Cleats,Standard Class,4,ON_HOLD,4,239.96000672,34.800000190999995
North Africa,Cleats,Standard Class,4,PAYMENT_REVIEW,1,59.99000168,9.0
North Africa,Cleats,Standard Class,4,PENDING,11,659.89001848,241.760005476
North Africa,Cleats,Standard Class,4,PENDING_PAYMENT,36,2159.64006048,558.27000248
North Africa,Cleats,Standard Class,4,PROCESSING,19,1139.81003192,392.360002045
North Africa,Cleats,Standard Class,4,SUSPECTED_FRAUD,4,239.96000672,69.290001632
North Africa,Electronics,First Class,1,CLOSED,2,63.97999954,28.789999962
North Africa,Electronics,First Class,1,COMPLETE,3,141.97000504,66.6400013
North Africa,Electronics,First Class,1,PROCESSING,1,44.99000168,0.899999976
North Africa,Electronics,Same Day,0,COMPLETE,1,27.98999977,14.27000046
North Africa,Electronics,Same Day,0,PENDING_PAYMENT,1,31.98999977,5.28000021
North Africa,Electronics,Second Class,2,CLOSED,1,31.98999977,9.600000381
North Africa,Electronics,Second Class,2,COMPLETE,2,99.98000336,35.670001033000005
North Africa,Electronics,Second Class,2,ON_HOLD,1,31.98999977,25.59000015
North Africa,Electronics,Second Class,2,PENDING_PAYMENT,3,131.97000313,117.8900013
North Africa,Electronics,Standard Class,4,CLOSED,2,83.98000145,7.759999752000001
North Africa,Electronics,Standard Class,4,COMPLETE,16,614.84000969,189.530001764
North Africa,Electronics,Standard Class,4,PENDING_PAYMENT,7,275.93000412,69.109998826
North Africa,Electronics,Standard Class,4,PROCESSING,3,108.97000122,35.19000053
North Africa,Fitness Accessories,Second Class,2,PENDING_PAYMENT,1,34.99000168,17.5
North Africa,Fitness Accessories,Standard Class,4,CLOSED,1,34.99000168,18.88999939
North Africa,Fitness Accessories,Standard Class,4,COMPLETE,2,69.98000336,4.899999797
North Africa,Fitness Accessories,Standard Class,4,PENDING_PAYMENT,2,69.98000336,29.04000092
North Africa,Girls' Apparel,Same Day,0,PENDING,1,39.99000168,1.600000024
North Africa,Girls' Apparel,Second Class,2,COMPLETE,2,109.99000168,31.20000076
North Africa,Girls' Apparel,Standard Class,4,COMPLETE,2,64.99000168,5.900000095
North Africa,Girls' Apparel,Standard Class,4,ON_HOLD,1,70.0,14.0
North Africa,Girls' Apparel,Standard Class,4,PENDING,1,25.0,2.25
North Africa,Girls' Apparel,Standard Class,4,PROCESSING,1,25.0,4.25
North Africa,Girls' Apparel,Standard Class,4,SUSPECTED_FRAUD,1,70.0,44.79999924
North Africa,Golf Apparel,First Class,1,PENDING_PAYMENT,1,19.98999977,3.0
North Africa,Golf Apparel,Second Class,2,CLOSED,1,19.98999977,1.0
North Africa,Golf Apparel,Second Class,2,PROCESSING,1,19.98999977,9.0
North Africa,Golf Apparel,Standard Class,4,COMPLETE,3,59.969999310000006,27.180000122
North Africa,Golf Apparel,Standard Class,4,PENDING_PAYMENT,4,79.95999908,22.100000142
North Africa,Golf Balls,First Class,1,COMPLETE,1,19.98999977,1.399999976
North Africa,Golf Balls,Same Day,0,CLOSED,1,19.98999977,3.0
North Africa,Golf Balls,Second Class,2,CANCELED,1,14.98999977,7.199999809
North Africa,Golf Balls,Second Class,2,CLOSED,1,17.98999977,9.350000381
North Africa,Golf Balls,Second Class,2,COMPLETE,3,44.969999310000006,6.899999857
North Africa,Golf Balls,Second Class,2,PENDING_PAYMENT,1,14.98999977,0.300000012
North Africa,Golf Balls,Standard Class,4,CANCELED,1,14.98999977,3.75
North Africa,Golf Balls,Standard Class,4,COMPLETE,8,134.91999816,37.680000066
North Africa,Golf Balls,Standard Class,4,PENDING,3,44.969999310000006,14.539999842
North Africa,Golf Balls,Standard Class,4,PENDING_PAYMENT,2,39.97999954,35.97999954
North Africa,Golf Balls,Standard Class,4,PROCESSING,1,14.98999977,7.639999866
North Africa,Golf Gloves,First Class,1,COMPLETE,1,39.99000168,4.0
North Africa,Golf Gloves,First Class,1,PENDING_PAYMENT,1,9.989999771,0.0
North Africa,Golf Gloves,First Class,1,PROCESSING,1,24.98999977,14.98999977
North Africa,Golf Gloves,Second Class,2,COMPLETE,2,49.97999954,13.48999977
North Africa,Golf Gloves,Second Class,2,PENDING_PAYMENT,2,49.980001451,5.599999905
North Africa,Golf Gloves,Standard Class,4,COMPLETE,1,9.989999771,1.5
North Africa,Golf Gloves,Standard Class,4,ON_HOLD,1,9.989999771,2.0
North Africa,Golf Gloves,Standard Class,4,PENDING,1,39.99000168,2.400000095
North Africa,Golf Gloves,Standard Class,4,PENDING_PAYMENT,2,64.98000145,4.150000006
North Africa,Golf Gloves,Standard Class,4,PROCESSING,2,34.979999541,10.200000048
North Africa,Golf Gloves,Standard Class,4,SUSPECTED_FRAUD,1,9.989999771,0.899999976
North Africa,Golf Shoes,First Class,1,PENDING_PAYMENT,2,130.0,72.79999923
North Africa,Golf Shoes,Second Class,2,PENDING,1,65.0,3.25
North Africa,Golf Shoes,Second Class,2,PENDING_PAYMENT,1,65.0,17.87999916
North Africa,Golf Shoes,Standard Class,4,CLOSED,1,65.0,13.0
North Africa,Golf Shoes,Standard Class,4,COMPLETE,1,65.0,16.89999962
North Africa,Golf Shoes,Standard Class,4,PENDING_PAYMENT,1,65.0,33.79999924
North Africa,Golf Shoes,Standard Class,4,PROCESSING,1,65.0,0.649999976
North Africa,Hockey,First Class,1,ON_HOLD,1,25.0,5.0
North Africa,Hockey,First Class,1,PENDING_PAYMENT,2,50.0,10.5
North Africa,Hockey,Same Day,0,COMPLETE,1,22.0,1.320000052
North Africa,Hockey,Second Class,2,COMPLETE,1,25.0,4.130000114
North Africa,Hockey,Second Class,2,ON_HOLD,1,22.0,15.84000015
North Africa,Hockey,Second Class,2,PENDING_PAYMENT,1,25.0,3.75
North Africa,Hockey,Standard Class,4,CLOSED,1,22.0,0.439999998
North Africa,Hockey,Standard Class,4,COMPLETE,2,47.0,21.149999619
North Africa,Hockey,Standard Class,4,PROCESSING,1,25.0,15.0
North Africa,Hunting & Shooting,Second Class,2,COMPLETE,1,29.98999977,26.98999977
North Africa,Hunting & Shooting,Second Class,2,ON_HOLD,1,29.98999977,14.39999962
North Africa,Hunting & Shooting,Standard Class,4,CLOSED,1,29.98999977,3.599999905
North Africa,Hunting & Shooting,Standard Class,4,COMPLETE,1,29.98999977,29.98999977
North Africa,Indoor/Outdoor Games,First Class,1,CANCELED,1,49.97999954,29.98999977
North Africa,Indoor/Outdoor Games,First Class,1,COMPLETE,4,199.91999816,41.22999954
North Africa,Indoor/Outdoor Games,First Class,1,PENDING,2,99.95999908,4.0
North Africa,Indoor/Outdoor Games,First Class,1,PENDING_PAYMENT,1,49.97999954,6.5
North Africa,Indoor/Outdoor Games,Same Day,0,CANCELED,1,49.97999954,1.0
North Africa,Indoor/Outdoor Games,Same Day,0,CLOSED,1,49.97999954,31.98999977
North Africa,Indoor/Outdoor Games,Same Day,0,COMPLETE,1,49.97999954,8.0
North Africa,Indoor/Outdoor Games,Same Day,0,PENDING_PAYMENT,1,49.97999954,19.98999977
North Africa,Indoor/Outdoor Games,Second Class,2,CLOSED,4,199.91999816,33.73999977
North Africa,Indoor/Outdoor Games,Second Class,2,COMPLETE,3,149.93999862,44.48999977
North Africa,Indoor/Outdoor Games,Second Class,2,ON_HOLD,1,49.97999954,6.0
North Africa,Indoor/Outdoor Games,Second Class,2,PENDING,1,49.97999954,12.0
North Africa,Indoor/Outdoor Games,Second Class,2,PENDING_PAYMENT,3,149.93999862,48.47999954
North Africa,Indoor/Outdoor Games,Standard Class,4,CANCELED,1,49.97999954,9.0
North Africa,Indoor/Outdoor Games,Standard Class,4,CLOSED,1,49.97999954,13.73999977
North Africa,Indoor/Outdoor Games,Standard Class,4,COMPLETE,16,799.67999264,177.45000076
North Africa,Indoor/Outdoor Games,Standard Class,4,ON_HOLD,2,99.95999908,6.0
North Africa,Indoor/Outdoor Games,Standard Class,4,PENDING,1,49.97999954,0.5
North Africa,Indoor/Outdoor Games,Standard Class,4,PENDING_PAYMENT,8,399.83999632,139.45000076
North Africa,Indoor/Outdoor Games,Standard Class,4,PROCESSING,4,199.91999816,84.47000122
North Africa,Lacrosse,First Class,1,PENDING_PAYMENT,1,24.98999977,16.23999977
North Africa,Lacrosse,Second Class,2,COMPLETE,1,24.98999977,10.0
North Africa,Lacrosse,Standard Class,4,CANCELED,1,24.98999977,10.0
North Africa,Lacrosse,Standard Class,4,CLOSED,1,24.98999977,7.0
North Africa,Men's Footwear,First Class,1,CLOSED,3,389.9700165,50.049999715
North Africa,Men's Footwear,First Class,1,COMPLETE,23,2989.7701265,246.999999287
North Africa,Men's Footwear,First Class,1,ON_HOLD,1,129.9900055,15.60000038
North Africa,Men's Footwear,First Class,1,PENDING_PAYMENT,15,1949.8500825,161.200000046
North Africa,Men's Footwear,First Class,1,PROCESSING,4,519.960022,64.349999905
North Africa,Men's Footwear,Same Day,0,CLOSED,2,259.980011,2.599999905
North Africa,Men's Footwear,Same Day,0,COMPLETE,3,389.9700165,41.599999904
North Africa,Men's Footwear,Same Day,0,PENDING,1,129.9900055,16.89999962
North Africa,Men's Footwear,Same Day,0,PENDING_PAYMENT,4,519.960022,79.30000019
North Africa,Men's Footwear,Same Day,0,PROCESSING,2,259.980011,3.899999857
North Africa,Men's Footwear,Same Day,0,SUSPECTED_FRAUD,2,259.980011,45.5
North Africa,Men's Footwear,Second Class,2,CLOSED,7,909.9300385,121.549998527
North Africa,Men's Footwear,Second Class,2,COMPLETE,15,1949.8500825,171.599998479
North Africa,Men's Footwear,Second Class,2,ON_HOLD,5,649.9500275,67.59999895499999
North Africa,Men's Footwear,Second Class,2,PAYMENT_REVIEW,1,129.9900055,2.599999905
North Africa,Men's Footwear,Second Class,2,PENDING,5,649.9500275,61.099999904
North Africa,Men's Footwear,Second Class,2,PENDING_PAYMENT,8,1039.920044,79.94999981199999
North Africa,Men's Footwear,Second Class,2,PROCESSING,2,259.980011,37.70000076
North Africa,Men's Footwear,Standard Class,4,CLOSED,23,2989.7701265,347.749999049
North Africa,Men's Footwear,Standard Class,4,COMPLETE,79,10269.2104345,1041.299999478
North Africa,Men's Footwear,Standard Class,4,ON_HOLD,10,1299.900055,110.499999287
North Africa,Men's Footwear,Standard Class,4,PENDING,4,519.960022,46.150000095
North Africa,Men's Footwear,Standard Class,4,PENDING_PAYMENT,41,5329.5902255,554.449999101
North Africa,Men's Footwear,Standard Class,4,PROCESSING,8,1039.920044,137.149998195
North Africa,Men's Footwear,Standard Class,4,SUSPECTED_FRAUD,4,519.960022,42.900000095
North Africa,Shop By Sport,First Class,1,CLOSED,1,39.99000168,20.0
North Africa,Shop By Sport,First Class,1,COMPLETE,20,789.81003192,238.75000292
North Africa,Shop By Sport,First Class,1,PENDING,3,119.97000504,36.40000057
North Africa,Shop By Sport,First Class,1,PENDING_PAYMENT,3,119.97000504,22.800000012
North Africa,Shop By Sport,Same Day,0,COMPLETE,3,119.97000504,18.400000393
North Africa,Shop By Sport,Same Day,0,PAYMENT_REVIEW,1,39.99000168,49.99000168
North Africa,Shop By Sport,Same Day,0,PENDING_PAYMENT,1,39.99000168,6.0
North Africa,Shop By Sport,Second Class,2,CLOSED,3,119.97000504,20.400000095
North Africa,Shop By Sport,Second Class,2,COMPLETE,4,159.96000672,63.380000348
North Africa,Shop By Sport,Second Class,2,ON_HOLD,1,30.0,1.799999952
North Africa,Shop By Sport,Second Class,2,PENDING,2,79.98000336,55.19000244
North Africa,Shop By Sport,Second Class,2,PENDING_PAYMENT,4,159.96000672,33.80000019
North Africa,Shop By Sport,Standard Class,4,CANCELED,2,79.98000336,20.799999715
North Africa,Shop By Sport,Standard Class,4,CLOSED,3,119.97000504,14.399999857
North Africa,Shop By Sport,Standard Class,4,COMPLETE,29,1159.71004872,283.570002086
North Africa,Shop By Sport,Standard Class,4,ON_HOLD,3,119.97000504,48.390001775
North Africa,Shop By Sport,Standard Class,4,PAYMENT_REVIEW,1,39.99000168,20.0
North Africa,Shop By Sport,Standard Class,4,PENDING,3,119.97000504,52.790001871
North Africa,Shop By Sport,Standard Class,4,PENDING_PAYMENT,11,429.9000168,103.190001007
North Africa,Shop By Sport,Standard Class,4,PROCESSING,10,399.9000168,191.350006833
North Africa,Tennis & Racquet,First Class,1,COMPLETE,1,44.99000168,16.20000076
North Africa,Tennis & Racquet,Second Class,2,COMPLETE,1,44.99000168,1.799999952
North Africa,Tennis & Racquet,Second Class,2,ON_HOLD,1,44.99000168,5.400000095
North Africa,Tennis & Racquet,Standard Class,4,PENDING_PAYMENT,1,44.99000168,26.98999977
North Africa,Trade-In,First Class,1,COMPLETE,1,15.98999977,1.600000024
North Africa,Trade-In,First Class,1,PENDING_PAYMENT,2,37.97999954,3.959999919
North Africa,Trade-In,Second Class,2,CLOSED,1,15.98999977,8.0
North Africa,Trade-In,Standard Class,4,COMPLETE,5,79.94999885,27.820000587000003
North Africa,Trade-In,Standard Class,4,SUSPECTED_FRAUD,1,15.98999977,2.559999943
North Africa,Water Sports,First Class,1,CLOSED,4,799.960022,72.0
North Africa,Water Sports,First Class,1,COMPLETE,18,3599.820099,283.0
North Africa,Water Sports,First Class,1,ON_HOLD,2,399.980011,56.0
North Africa,Water Sports,First Class,1,PENDING,4,799.960022,45.0
North Africa,Water Sports,First Class,1,PENDING_PAYMENT,14,2799.860077,200.0
North Africa,Water Sports,First Class,1,PROCESSING,7,1399.9300385,117.0
North Africa,Water Sports,Same Day,0,CLOSED,2,399.980011,36.0
North Africa,Water Sports,Same Day,0,COMPLETE,5,999.9500275,146.0
North Africa,Water Sports,Same Day,0,PENDING_PAYMENT,3,599.9700164999999,56.0
North Africa,Water Sports,Same Day,0,PROCESSING,2,399.980011,42.0
North Africa,Water Sports,Second Class,2,CANCELED,1,199.9900055,40.0
North Africa,Water Sports,Second Class,2,CLOSED,5,999.9500275,42.0
North Africa,Water Sports,Second Class,2,COMPLETE,19,3799.8101045,498.0
North Africa,Water Sports,Second Class,2,ON_HOLD,7,1399.9300385,49.0
North Africa,Water Sports,Second Class,2,PENDING,5,999.9500275,86.0
North Africa,Water Sports,Second Class,2,PENDING_PAYMENT,18,3599.820099,396.0
North Africa,Water Sports,Second Class,2,PROCESSING,6,1199.940033,118.0
North Africa,Water Sports,Second Class,2,SUSPECTED_FRAUD,1,199.9900055,10.0
North Africa,Water Sports,Standard Class,4,CANCELED,4,799.960022,93.0
North Africa,Water Sports,Standard Class,4,CLOSED,17,3399.8300935,345.0
North Africa,Water Sports,Standard Class,4,COMPLETE,65,12999.3503575,1149.0
North Africa,Water Sports,Standard Class,4,ON_HOLD,8,1599.920044,137.0
North Africa,Water Sports,Standard Class,4,PAYMENT_REVIEW,1,199.9900055,36.0
North Africa,Water Sports,Standard Class,4,PENDING,27,5399.7301485,467.0
North Africa,Water Sports,Standard Class,4,PENDING_PAYMENT,34,6799.660187,590.0
North Africa,Water Sports,Standard Class,4,PROCESSING,22,4399.780121,383.0
North Africa,Water Sports,Standard Class,4,SUSPECTED_FRAUD,6,1199.940033,92.0
North Africa,Women's Apparel,First Class,1,CLOSED,5,250.0,84.5
North Africa,Women's Apparel,First Class,1,COMPLETE,20,1000.0,255.25
North Africa,Women's Apparel,First Class,1,ON_HOLD,5,250.0,99.5
North Africa,Women's Apparel,First Class,1,PENDING,1,50.0,18.0
North Africa,Women's Apparel,First Class,1,PENDING_PAYMENT,10,500.0,122.75
North Africa,Women's Apparel,Same Day,0,CANCELED,2,100.0,49.5
North Africa,Women's Apparel,Same Day,0,CLOSED,1,50.0,2.0
North Africa,Women's Apparel,Same Day,0,COMPLETE,4,200.0,67.5
North Africa,Women's Apparel,Same Day,0,PENDING,3,150.0,55.0
North Africa,Women's Apparel,Same Day,0,PENDING_PAYMENT,1,50.0,8.0
North Africa,Women's Apparel,Second Class,2,CLOSED,14,700.0,174.5
North Africa,Women's Apparel,Second Class,2,COMPLETE,10,500.0,177.0
North Africa,Women's Apparel,Second Class,2,ON_HOLD,6,300.0,63.0
North Africa,Women's Apparel,Second Class,2,PAYMENT_REVIEW,2,100.0,18.75
North Africa,Women's Apparel,Second Class,2,PENDING,2,100.0,31.5
North Africa,Women's Apparel,Second Class,2,PENDING_PAYMENT,10,500.0,164.5
North Africa,Women's Apparel,Second Class,2,PROCESSING,4,200.0,151.0
North Africa,Women's Apparel,Standard Class,4,CANCELED,2,100.0,31.0
North Africa,Women's Apparel,Standard Class,4,CLOSED,17,850.0,292.0
North Africa,Women's Apparel,Standard Class,4,COMPLETE,48,2400.0,581.25
North Africa,Women's Apparel,Standard Class,4,ON_HOLD,5,250.0,22.5
North Africa,Women's Apparel,Standard Class,4,PENDING,7,350.0,168.5
North Africa,Women's Apparel,Standard Class,4,PENDING_PAYMENT,24,1200.0,300.0
North Africa,Women's Apparel,Standard Class,4,PROCESSING,13,650.0,258.0
North Africa,Women's Apparel,Standard Class,4,SUSPECTED_FRAUD,2,100.0,64.0
Northern Europe,Accessories,First Class,1,COMPLETE,1,24.98999977,10.0
Northern Europe,Accessories,First Class,1,ON_HOLD,2,49.97999954,10.0
Northern Europe,Accessories,First Class,1,PENDING,1,24.98999977,18.73999977
Northern Europe,Accessories,Same Day,0,CLOSED,1,24.98999977,12.5
Northern Europe,Accessories,Same Day,0,PENDING_PAYMENT,1,24.98999977,10.0
Northern Europe,Accessories,Second Class,2,CLOSED,1,24.98999977,0.0
Northern Europe,Accessories,Second Class,2,COMPLETE,2,49.97999954,2.5
Northern Europe,Accessories,Second Class,2,ON_HOLD,1,24.98999977,0.25
Northern Europe,Accessories,Second Class,2,PENDING_PAYMENT,2,49.97999954,10.0
Northern Europe,Accessories,Second Class,2,PROCESSING,2,49.97999954,23.25
Northern Europe,Accessories,Standard Class,4,CLOSED,3,74.96999931,29.73999977
Northern Europe,Accessories,Standard Class,4,COMPLETE,11,274.88999747,76.23999977
Northern Europe,Accessories,Standard Class,4,ON_HOLD,1,24.98999977,0.5
Northern Europe,Accessories,Standard Class,4,PENDING_PAYMENT,6,149.93999862,53.23999977
Northern Europe,Accessories,Standard Class,4,PROCESSING,3,74.96999931,15.0
Northern Europe,As Seen on  TV!,Same Day,0,COMPLETE,1,99.98999786,27.5
Northern Europe,As Seen on  TV!,Standard Class,4,CANCELED,1,99.98999786,89.98999786
Northern Europe,As Seen on  TV!,Standard Class,4,COMPLETE,2,199.97999572,55.0
Northern Europe,As Seen on  TV!,Standard Class,4,PENDING_PAYMENT,2,199.97999572,67.5
Northern Europe,Baby ,First Class,1,COMPLETE,1,59.08000183,9.449999809
Northern Europe,Baby ,First Class,1,PENDING_PAYMENT,2,118.16000366,18.899999617
Northern Europe,Baby ,Same Day,0,CLOSED,2,118.16000366,8.859999657
Northern Europe,Baby ,Second Class,2,COMPLETE,1,59.08000183,2.950000048
Northern Europe,Baby ,Second Class,2,ON_HOLD,1,59.08000183,3.25
Northern Europe,Baby ,Standard Class,4,COMPLETE,3,177.24000549,14.180000306
Northern Europe,Baby ,Standard Class,4,ON_HOLD,1,59.08000183,0.0
Northern Europe,Baby ,Standard Class,4,PENDING,1,59.08000183,1.179999948
Northern Europe,Baby ,Standard Class,4,PENDING_PAYMENT,3,177.24000549,8.859999716
Northern Europe,Baseball & Softball,First Class,1,PROCESSING,1,59.99000168,35.99000168
Northern Europe,Baseball & Softball,Second Class,2,CLOSED,1,159.9900055,19.20000076
Northern Europe,Baseball & Softball,Second Class,2,COMPLETE,5,374.95001222,95.740002631
Northern Europe,Baseball & Softball,Second Class,2,ON_HOLD,1,59.99000168,3.0
Northern Europe,Baseball & Softball,Second Class,2,PENDING_PAYMENT,2,94.98000336,29.099999905
Northern Europe,Baseball & Softball,Standard Class,4,CLOSED,1,59.99000168,3.599999905
Northern Europe,Baseball & Softball,Standard Class,4,COMPLETE,2,119.98000336,76.789997812
Northern Europe,Baseball & Softball,Standard Class,4,PENDING,1,59.99000168,59.99000168
Northern Europe,Baseball & Softball,Standard Class,4,PROCESSING,1,59.99000168,35.99000168
Northern Europe,Basketball,Second Class,2,COMPLETE,2,599.9799804,84.0
Northern Europe,Basketball,Second Class,2,PROCESSING,1,999.9899902,20.0
Northern Europe,Basketball,Standard Class,4,COMPLETE,1,299.9899902,30.0
Northern Europe,Basketball,Standard Class,4,ON_HOLD,1,299.9899902,60.0
Northern Europe,Basketball,Standard Class,4,PENDING_PAYMENT,1,299.9899902,12.0
Northern Europe,Books ,First Class,1,CLOSED,2,62.15999984,2.330000043
Northern Europe,Books ,First Class,1,COMPLETE,3,93.23999976,16.789999723
Northern Europe,Books ,First Class,1,PENDING,1,31.07999992,0.0
Northern Europe,Books ,First Class,1,PENDING_PAYMENT,1,31.07999992,4.659999847
Northern Europe,Books ,Same Day,0,CLOSED,1,31.07999992,1.710000038
Northern Europe,Books ,Same Day,0,COMPLETE,1,31.07999992,1.549999952
Northern Europe,Books ,Same Day,0,PAYMENT_REVIEW,1,31.07999992,3.109999895
Northern Europe,Books ,Same Day,0,PENDING_PAYMENT,3,93.23999976,10.250000179
Northern Europe,Books ,Same Day,0,PROCESSING,1,31.07999992,2.180000067
Northern Europe,Books ,Second Class,2,COMPLETE,2,62.15999984,8.390000105
Northern Europe,Books ,Second Class,2,ON_HOLD,1,31.07999992,1.549999952
Northern Europe,Books ,Standard Class,4,CLOSED,2,62.15999984,2.330000043
Northern Europe,Books ,Standard Class,4,COMPLETE,4,124.31999968,10.71999979
Northern Europe,Books ,Standard Class,4,PAYMENT_REVIEW,2,62.15999984,8.700000048
Northern Europe,Books ,Standard Class,4,PENDING,1,31.07999992,4.039999962
Northern Europe,Books ,Standard Class,4,PENDING_PAYMENT,6,186.47999952,17.400000095
Northern Europe,Books ,Standard Class,4,PROCESSING,1,31.07999992,1.549999952
Northern Europe,Books ,Standard Class,4,SUSPECTED_FRAUD,2,62.15999984,2.169999957
Northern Europe,Boxing & MMA,Same Day,0,PENDING,1,89.98999786,24.75
Northern Europe,Boxing & MMA,Second Class,2,CLOSED,1,89.98999786,4.5
Northern Europe,Boxing & MMA,Second Class,2,COMPLETE,2,149.95999908,66.880002023
Northern Europe,Boxing & MMA,Second Class,2,PENDING,1,89.98999786,71.98999786
Northern Europe,Boxing & MMA,Second Class,2,PENDING_PAYMENT,2,149.95999908,29.68000031
Northern Europe,Boxing & MMA,Standard Class,4,CANCELED,1,54.97000122,43.97999954
Northern Europe,Boxing & MMA,Standard Class,4,CLOSED,5,424.92999266,165.680000785
Northern Europe,Boxing & MMA,Standard Class,4,COMPLETE,4,329.9399948,30.149999619
Northern Europe,Boxing & MMA,Standard Class,4,PENDING_PAYMENT,1,94.98999786,0.0
Northern Europe,Boxing & MMA,Standard Class,4,PROCESSING,1,94.98999786,0.0
Northern Europe,CDs ,First Class,1,ON_HOLD,1,11.28999996,0.560000002
Northern Europe,CDs ,Same Day,0,CLOSED,1,11.28999996,1.019999981
Northern Europe,CDs ,Same Day,0,COMPLETE,2,22.57999992,1.410000026
Northern Europe,CDs ,Same Day,0,PENDING_PAYMENT,1,11.28999996,1.019999981
Northern Europe,CDs ,Second Class,2,CLOSED,1,11.28999996,1.470000029
Northern Europe,CDs ,Second Class,2,COMPLETE,3,33.869999879999995,3.609999999
Northern Europe,CDs ,Second Class,2,PENDING_PAYMENT,1,11.28999996,1.809999943
Northern Europe,CDs ,Standard Class,4,CLOSED,1,11.28999996,0.230000004
Northern Europe,CDs ,Standard Class,4,COMPLETE,4,45.15999984,5.97999999
Northern Europe,CDs ,Standard Class,4,PAYMENT_REVIEW,1,11.28999996,0.109999999
Northern Europe,Cameras ,First Class,1,CLOSED,3,1356.1200255,117.529997832
Northern Europe,Cameras ,First Class,1,COMPLETE,9,4068.3600765,287.040003301
Northern Europe,Cameras ,First Class,1,ON_HOLD,1,452.0400085,18.07999992
Northern Europe,Cameras ,First Class,1,PENDING,1,452.0400085,22.60000038
Northern Europe,Cameras ,First Class,1,PENDING_PAYMENT,6,2712.240051,273.48000145
Northern Europe,Cameras ,First Class,1,PROCESSING,2,904.080017,13.559999943
Northern Europe,Cameras ,Same Day,0,COMPLETE,2,904.080017,90.40999889
Northern Europe,Cameras ,Same Day,0,PENDING_PAYMENT,1,452.0400085,18.07999992
Northern Europe,Cameras ,Second Class,2,CLOSED,2,904.080017,18.080000401
Northern Europe,Cameras ,Second Class,2,COMPLETE,8,3616.320068,528.900008611
Northern Europe,Cameras ,Second Class,2,PENDING,1,452.0400085,81.37000275
Northern Europe,Cameras ,Second Class,2,PENDING_PAYMENT,2,904.080017,144.65000149
Northern Europe,Cameras ,Second Class,2,PROCESSING,2,904.080017,167.26000213
Northern Europe,Cameras ,Standard Class,4,CLOSED,4,1808.160034,153.69000434999998
Northern Europe,Cameras ,Standard Class,4,COMPLETE,22,9944.880187,809.130002922
Northern Europe,Cameras ,Standard Class,4,ON_HOLD,1,452.0400085,18.07999992
Northern Europe,Cameras ,Standard Class,4,PENDING,1,452.0400085,113.0100021
Northern Europe,Cameras ,Standard Class,4,PENDING_PAYMENT,15,6780.6001275,377.440006252
Northern Europe,Cameras ,Standard Class,4,PROCESSING,2,904.080017,56.5
Northern Europe,Camping & Hiking,First Class,1,CLOSED,7,2099.860077,160.5
Northern Europe,Camping & Hiking,First Class,1,COMPLETE,26,7799.480286,769.5
Northern Europe,Camping & Hiking,First Class,1,ON_HOLD,3,899.940033,81.0
Northern Europe,Camping & Hiking,First Class,1,PENDING,5,1499.900055,174.0
Northern Europe,Camping & Hiking,First Class,1,PENDING_PAYMENT,20,5999.60022,691.5
Northern Europe,Camping & Hiking,First Class,1,PROCESSING,5,1499.900055,174.0
Northern Europe,Camping & Hiking,First Class,1,SUSPECTED_FRAUD,2,599.960022,30.0
Northern Europe,Camping & Hiking,Same Day,0,CLOSED,5,1499.900055,258.0
Northern Europe,Camping & Hiking,Same Day,0,COMPLETE,18,5399.640198,546.0
Northern Europe,Camping & Hiking,Same Day,0,PENDING_PAYMENT,6,1799.880066,198.0
Northern Europe,Camping & Hiking,Same Day,0,PROCESSING,2,599.960022,84.0
Northern Europe,Camping & Hiking,Second Class,2,CLOSED,11,3299.780121,313.5
Northern Europe,Camping & Hiking,Second Class,2,COMPLETE,55,16498.900605,1708.5
Northern Europe,Camping & Hiking,Second Class,2,ON_HOLD,4,1199.920044,162.0
Northern Europe,Camping & Hiking,Second Class,2,PAYMENT_REVIEW,2,599.960022,64.5
Northern Europe,Camping & Hiking,Second Class,2,PENDING,4,1199.920044,148.5
Northern Europe,Camping & Hiking,Second Class,2,PENDING_PAYMENT,26,7799.480286,849.0
Northern Europe,Camping & Hiking,Second Class,2,PROCESSING,8,2399.840088,103.5
Northern Europe,Camping & Hiking,Standard Class,4,CANCELED,2,599.960022,69.0
Northern Europe,Camping & Hiking,Standard Class,4,CLOSED,39,11699.220429,1216.5
Northern Europe,Camping & Hiking,Standard Class,4,COMPLETE,144,43197.121584,4201.5
Northern Europe,Camping & Hiking,Standard Class,4,ON_HOLD,21,6299.580231,648.0
Northern Europe,Camping & Hiking,Standard Class,4,PAYMENT_REVIEW,2,599.960022,75.0
Northern Europe,Camping & Hiking,Standard Class,4,PENDING,10,2999.80011,316.5
Northern Europe,Camping & Hiking,Standard Class,4,PENDING_PAYMENT,82,24598.360902,2608.5
Northern Europe,Camping & Hiking,Standard Class,4,PROCESSING,15,4499.700165,510.0
Northern Europe,Cardio Equipment,First Class,1,CLOSED,9,899.90998074,212.98999786
Northern Europe,Cardio Equipment,First Class,1,COMPLETE,21,2099.78995506,863.90998838
Northern Europe,Cardio Equipment,First Class,1,ON_HOLD,2,199.97999572,42.0
Northern Europe,Cardio Equipment,First Class,1,PAYMENT_REVIEW,1,99.98999786,67.98999786
Northern Europe,Cardio Equipment,First Class,1,PENDING,4,399.95999144,102.0
Northern Europe,Cardio Equipment,First Class,1,PENDING_PAYMENT,15,1499.8499679,433.96999744
Northern Europe,Cardio Equipment,First Class,1,PROCESSING,2,199.97999572,61.0
Northern Europe,Cardio Equipment,First Class,1,SUSPECTED_FRAUD,1,99.98999786,0.0
Northern Europe,Cardio Equipment,Same Day,0,CLOSED,5,499.9499893,152.98999786000002
Northern Europe,Cardio Equipment,Same Day,0,COMPLETE,8,799.91998288,281.97999572000003
Northern Europe,Cardio Equipment,Same Day,0,ON_HOLD,6,599.93998716,76.0
Northern Europe,Cardio Equipment,Same Day,0,PENDING_PAYMENT,3,299.96999358,143.98000336
Northern Europe,Cardio Equipment,Same Day,0,PROCESSING,1,99.98999786,0.0
Northern Europe,Cardio Equipment,Second Class,2,CANCELED,1,99.98999786,12.0
Northern Europe,Cardio Equipment,Second Class,2,CLOSED,11,1099.88997646,394.96999358
Northern Europe,Cardio Equipment,Second Class,2,COMPLETE,34,3329.66992938,1158.8899956
Northern Europe,Cardio Equipment,Second Class,2,ON_HOLD,11,1099.88997646,242.97999954
Northern Europe,Cardio Equipment,Second Class,2,PAYMENT_REVIEW,1,99.98999786,16.0
Northern Europe,Cardio Equipment,Second Class,2,PENDING,6,599.93998716,180.98000336
Northern Europe,Cardio Equipment,Second Class,2,PENDING_PAYMENT,18,1799.81996148,514.95999908
Northern Europe,Cardio Equipment,Second Class,2,PROCESSING,8,799.91998288,235.98999786
Northern Europe,Cardio Equipment,Standard Class,4,CANCELED,2,199.97999572,179.97999572
Northern Europe,Cardio Equipment,Standard Class,4,CLOSED,27,2699.72994222,759.95999526
Northern Europe,Cardio Equipment,Standard Class,4,COMPLETE,89,8759.12981382,2865.30996324
Northern Europe,Cardio Equipment,Standard Class,4,ON_HOLD,18,1799.81996148,426.4699974
Northern Europe,Cardio Equipment,Standard Class,4,PAYMENT_REVIEW,2,199.97999572,24.0
Northern Europe,Cardio Equipment,Standard Class,4,PENDING,10,999.8999786,176.0
Northern Europe,Cardio Equipment,Standard Class,4,PENDING_PAYMENT,58,5729.42987802,1359.4399948
Northern Europe,Cardio Equipment,Standard Class,4,PROCESSING,15,1499.8499679,449.4699974
Northern Europe,Cardio Equipment,Standard Class,4,SUSPECTED_FRAUD,1,99.98999786,63.99000168
Northern Europe,Children's Clothing,First Class,1,CLOSED,3,1071.3000183,135.69999695
Northern Europe,Children's Clothing,First Class,1,COMPLETE,5,1785.5000305,249.979995973
Northern Europe,Children's Clothing,First Class,1,ON_HOLD,1,357.1000061,25.0
Northern Europe,Children's Clothing,First Class,1,PENDING,1,357.1000061,46.41999817
Northern Europe,Children's Clothing,First Class,1,PENDING_PAYMENT,2,714.2000122,149.98999786000002
Northern Europe,Children's Clothing,Same Day,0,CANCELED,1,357.1000061,7.139999866
Northern Europe,Children's Clothing,Same Day,0,COMPLETE,1,357.1000061,60.70999908
Northern Europe,Children's Clothing,Second Class,2,CLOSED,2,714.2000122,67.84999847
Northern Europe,Children's Clothing,Second Class,2,COMPLETE,4,1428.4000244,203.54999541
Northern Europe,Children's Clothing,Second Class,2,PENDING_PAYMENT,6,2142.6000366,257.11999608
Northern Europe,Children's Clothing,Standard Class,4,CLOSED,2,714.2000122,78.5699997
Northern Europe,Children's Clothing,Standard Class,4,COMPLETE,19,6784.9001159,842.769984232
Northern Europe,Children's Clothing,Standard Class,4,ON_HOLD,4,1428.4000244,167.83999634
Northern Europe,Children's Clothing,Standard Class,4,PENDING,1,357.1000061,32.13999939
Northern Europe,Children's Clothing,Standard Class,4,PENDING_PAYMENT,10,3571.000061,507.089988943
Northern Europe,Children's Clothing,Standard Class,4,PROCESSING,1,357.1000061,71.41999817
Northern Europe,Cleats,First Class,1,CANCELED,2,119.98000336,36.0
Northern Europe,Cleats,First Class,1,CLOSED,12,959.88000868,200.080001829
Northern Europe,Cleats,First Class,1,COMPLETE,50,3239.50007252,874.41000546
Northern Europe,Cleats,First Class,1,ON_HOLD,8,479.92001344,125.980001686
Northern Europe,Cleats,First Class,1,PENDING,7,419.93001176,83.400000572
Northern Europe,Cleats,First Class,1,PENDING_PAYMENT,36,2159.64006048,549.250005483
Northern Europe,Cleats,First Class,1,PROCESSING,9,539.91001512,180.880004643
Northern Europe,Cleats,First Class,1,SUSPECTED_FRAUD,4,239.96000672,55.800000428
Northern Europe,Cleats,Same Day,0,CLOSED,2,119.98000336,41.39999962
Northern Europe,Cleats,Same Day,0,COMPLETE,25,1499.750042,551.61001016
Northern Europe,Cleats,Same Day,0,ON_HOLD,1,59.99000168,47.99000168
Northern Europe,Cleats,Same Day,0,PENDING,3,179.97000504,50.999998812
Northern Europe,Cleats,Same Day,0,PENDING_PAYMENT,14,839.86002352,211.780001163
Northern Europe,Cleats,Same Day,0,PROCESSING,5,299.9500084,90.890002013
Northern Europe,Cleats,Second Class,2,CANCELED,1,59.99000168,0.0
Northern Europe,Cleats,Second Class,2,CLOSED,14,839.86002352,267.86000347
Northern Europe,Cleats,Second Class,2,COMPLETE,76,4559.24012768,1582.000006097
Northern Europe,Cleats,Second Class,2,ON_HOLD,17,1019.83002856,288.260006545
Northern Europe,Cleats,Second Class,2,PAYMENT_REVIEW,2,119.98000336,74.99000168
Northern Europe,Cleats,Second Class,2,PENDING,1,59.99000168,44.99000168
Northern Europe,Cleats,Second Class,2,PENDING_PAYMENT,40,2399.6000672,797.300008782
Northern Europe,Cleats,Second Class,2,PROCESSING,6,359.94001008,39.599999904
Northern Europe,Cleats,Standard Class,4,CANCELED,6,359.94001008,241.16000367
Northern Europe,Cleats,Standard Class,4,CLOSED,60,3599.4001008,945.500011922
Northern Europe,Cleats,Standard Class,4,COMPLETE,163,10018.37026236,2883.900036724
Northern Europe,Cleats,Standard Class,4,ON_HOLD,27,1859.73003388,389.380001792
Northern Europe,Cleats,Standard Class,4,PAYMENT_REVIEW,2,119.98000336,38.699998859
Northern Europe,Cleats,Standard Class,4,PENDING,29,1739.71004872,821.270018354
Northern Europe,Cleats,Standard Class,4,PENDING_PAYMENT,99,5939.01016632,1611.110007767
Northern Europe,Cleats,Standard Class,4,PROCESSING,42,2519.58007056,794.010008574
Northern Europe,Cleats,Standard Class,4,SUSPECTED_FRAUD,9,539.91001512,163.780002234
Northern Europe,Computers,First Class,1,CLOSED,1,1500.0,45.0
Northern Europe,Computers,First Class,1,COMPLETE,1,1500.0,82.5
Northern Europe,Computers,First Class,1,ON_HOLD,1,1500.0,240.0
Northern Europe,Computers,First Class,1,PENDING_PAYMENT,1,1500.0,135.0
Northern Europe,Computers,First Class,1,PROCESSING,1,1500.0,180.0
Northern Europe,Computers,Same Day,0,CLOSED,1,1500.0,30.0
Northern Europe,Computers,Same Day,0,COMPLETE,1,1500.0,60.0
Northern Europe,Computers,Same Day,0,PENDING_PAYMENT,1,1500.0,45.0
Northern Europe,Computers,Same Day,0,PROCESSING,1,1500.0,225.0
Northern Europe,Computers,Second Class,2,CLOSED,3,4500.0,375.0
Northern Europe,Computers,Second Class,2,COMPLETE,5,7500.0,832.5
Northern Europe,Computers,Second Class,2,ON_HOLD,1,1500.0,105.0
Northern Europe,Computers,Second Class,2,PENDING,1,1500.0,82.5
Northern Europe,Computers,Second Class,2,PENDING_PAYMENT,2,3000.0,60.0
Northern Europe,Computers,Standard Class,4,CLOSED,5,7500.0,727.5
Northern Europe,Computers,Standard Class,4,COMPLETE,14,21000.0,2047.5
Northern Europe,Computers,Standard Class,4,ON_HOLD,1,1500.0,180.0
Northern Europe,Computers,Standard Class,4,PENDING,1,1500.0,270.0
Northern Europe,Computers,Standard Class,4,PENDING_PAYMENT,6,9000.0,517.5
Northern Europe,Computers,Standard Class,4,PROCESSING,3,4500.0,450.0
Northern Europe,Consumer Electronics,First Class,1,CANCELED,1,252.8800049,25.29000092
Northern Europe,Consumer Electronics,First Class,1,CLOSED,1,252.8800049,0.0
Northern Europe,Consumer Electronics,First Class,1,COMPLETE,1,252.8800049,32.86999893
Northern Europe,Consumer Electronics,First Class,1,PENDING,1,252.8800049,45.52000046
Northern Europe,Consumer Electronics,First Class,1,PROCESSING,1,252.8800049,30.35000038
Northern Europe,Consumer Electronics,Same Day,0,CLOSED,2,505.7600098,65.73999786
Northern Europe,Consumer Electronics,Same Day,0,COMPLETE,1,252.8800049,40.45999908
Northern Europe,Consumer Electronics,Second Class,2,CLOSED,1,252.8800049,17.70000076
Northern Europe,Consumer Electronics,Second Class,2,COMPLETE,4,1011.5200196,146.68000412
Northern Europe,Consumer Electronics,Second Class,2,ON_HOLD,1,252.8800049,22.76000023
Northern Europe,Consumer Electronics,Second Class,2,PENDING_PAYMENT,3,758.6400146999999,113.800001623
Northern Europe,Consumer Electronics,Standard Class,4,CANCELED,2,505.7600098,63.22000122
Northern Europe,Consumer Electronics,Standard Class,4,CLOSED,3,758.6400146999999,54.36999893
Northern Europe,Consumer Electronics,Standard Class,4,COMPLETE,10,2528.800049,313.57000637
Northern Europe,Consumer Electronics,Standard Class,4,ON_HOLD,1,252.8800049,10.11999989
Northern Europe,Consumer Electronics,Standard Class,4,PAYMENT_REVIEW,1,252.8800049,50.58000183
Northern Europe,Consumer Electronics,Standard Class,4,PENDING,1,252.8800049,32.86999893
Northern Europe,Consumer Electronics,Standard Class,4,PENDING_PAYMENT,5,1264.4000245,113.800002814
Northern Europe,Crafts,First Class,1,CANCELED,1,461.480011,83.0699997
Northern Europe,Crafts,First Class,1,CLOSED,1,461.480011,78.44999695
Northern Europe,Crafts,First Class,1,COMPLETE,3,1384.440033,115.369995122
Northern Europe,Crafts,First Class,1,PENDING_PAYMENT,1,461.480011,78.44999695
Northern Europe,Crafts,First Class,1,PROCESSING,1,461.480011,115.3700027
Northern Europe,Crafts,Same Day,0,PENDING_PAYMENT,1,461.480011,25.37999916
Northern Europe,Crafts,Second Class,2,CANCELED,1,461.480011,9.229999542
Northern Europe,Crafts,Second Class,2,CLOSED,1,461.480011,25.37999916
Northern Europe,Crafts,Second Class,2,COMPLETE,2,922.960022,23.069999214
Northern Europe,Crafts,Second Class,2,PENDING_PAYMENT,1,461.480011,69.22000122
Northern Europe,Crafts,Second Class,2,PROCESSING,1,461.480011,18.45999908
Northern Europe,Crafts,Standard Class,4,CLOSED,2,922.960022,4.610000134
Northern Europe,Crafts,Standard Class,4,COMPLETE,12,5537.760131999999,706.06000129
Northern Europe,Crafts,Standard Class,4,ON_HOLD,2,922.960022,46.1399994
Northern Europe,Crafts,Standard Class,4,PENDING,1,461.480011,55.38000107
Northern Europe,Crafts,Standard Class,4,PENDING_PAYMENT,4,1845.920044,59.979999076
Northern Europe,Crafts,Standard Class,4,PROCESSING,3,1384.440033,117.68000221
Northern Europe,DVDs,First Class,1,CLOSED,2,328.7600098,39.45999908
Northern Europe,DVDs,First Class,1,COMPLETE,1,164.3800049,21.37000084
Northern Europe,DVDs,Same Day,0,PENDING_PAYMENT,2,328.7600098,36.170001032
Northern Europe,DVDs,Same Day,0,PROCESSING,1,164.3800049,1.639999986
Northern Europe,DVDs,Same Day,0,SUSPECTED_FRAUD,1,164.3800049,11.51000023
Northern Europe,DVDs,Second Class,2,CLOSED,2,328.7600098,29.580000516
Northern Europe,DVDs,Second Class,2,COMPLETE,6,986.2800294,112.609997751
Northern Europe,DVDs,Standard Class,4,CLOSED,6,986.2800294,115.07999992
Northern Europe,DVDs,Standard Class,4,COMPLETE,13,2136.9400637,286.010000344
Northern Europe,DVDs,Standard Class,4,PENDING,1,164.3800049,32.88000107
Northern Europe,DVDs,Standard Class,4,PENDING_PAYMENT,2,328.7600098,50.96000099
Northern Europe,DVDs,Standard Class,4,PROCESSING,3,493.1400147,60.829999920000006
Northern Europe,Electronics,First Class,1,CLOSED,1,47.99000168,5.760000229
Northern Europe,Electronics,First Class,1,COMPLETE,6,263.94000626,47.829999447
Northern Europe,Electronics,First Class,1,ON_HOLD,2,63.97999954,7.999999941
Northern Europe,Electronics,First Class,1,PENDING_PAYMENT,4,163.9600029,98.490002634
Northern Europe,Electronics,Same Day,0,CLOSED,1,31.98999977,4.800000191
Northern Europe,Electronics,Same Day,0,COMPLETE,2,63.97999954,23.990000968
Northern Europe,Electronics,Same Day,0,ON_HOLD,1,31.98999977,3.519999981
Northern Europe,Electronics,Same Day,0,PENDING_PAYMENT,1,31.98999977,0.319999993
Northern Europe,Electronics,Second Class,2,CLOSED,2,63.97999954,6.079999865
Northern Europe,Electronics,Second Class,2,COMPLETE,8,333.92000771,86.09999871
Northern Europe,Electronics,Second Class,2,ON_HOLD,1,51.99000168,23.39999962
Northern Europe,Electronics,Second Class,2,PENDING,1,27.98999977,10.92000008
Northern Europe,Electronics,Second Class,2,PENDING_PAYMENT,3,107.97000122,35.440001492
Northern Europe,Electronics,Second Class,2,PROCESSING,1,51.99000168,7.800000191
Northern Europe,Electronics,Standard Class,4,CLOSED,4,143.96000099,29.279999491
Northern Europe,Electronics,Standard Class,4,COMPLETE,11,421.89000702,115.14000224
Northern Europe,Electronics,Standard Class,4,ON_HOLD,6,259.94000626,71.590000924
Northern Europe,Electronics,Standard Class,4,PENDING,1,31.98999977,12.80000019
Northern Europe,Electronics,Standard Class,4,PENDING_PAYMENT,10,429.90001107,136.359999842
Northern Europe,Electronics,Standard Class,4,PROCESSING,4,163.9600029,30.559999943
Northern Europe,Fishing,First Class,1,CANCELED,1,399.980011,68.0
Northern Europe,Fishing,First Class,1,CLOSED,6,2399.880066,216.0
Northern Europe,Fishing,First Class,1,COMPLETE,23,9199.540253,818.0
Northern Europe,Fishing,First Class,1,ON_HOLD,2,799.960022,0.0
Northern Europe,Fishing,First Class,1,PENDING,6,2399.880066,234.0
Northern Europe,Fishing,First Class,1,PENDING_PAYMENT,19,7599.620209,880.0
Northern Europe,Fishing,First Class,1,PROCESSING,4,1599.920044,78.0
Northern Europe,Fishing,Same Day,0,CLOSED,3,1199.940033,124.0
Northern Europe,Fishing,Same Day,0,COMPLETE,3,1199.940033,70.0
Northern Europe,Fishing,Same Day,0,ON_HOLD,1,399.980011,36.0
Northern Europe,Fishing,Same Day,0,PENDING_PAYMENT,7,2799.860077,220.0
Northern Europe,Fishing,Same Day,0,PROCESSING,4,1599.920044,252.0
Northern Europe,Fishing,Second Class,2,CLOSED,6,2399.880066,300.0
Northern Europe,Fishing,Second Class,2,COMPLETE,30,11999.40033,1456.0
Northern Europe,Fishing,Second Class,2,ON_HOLD,5,1999.900055,232.0
Northern Europe,Fishing,Second Class,2,PENDING,6,2399.880066,368.0
Northern Europe,Fishing,Second Class,2,PENDING_PAYMENT,7,2799.860077,394.0
Northern Europe,Fishing,Second Class,2,PROCESSING,7,2799.860077,344.0
Northern Europe,Fishing,Standard Class,4,CANCELED,2,799.960022,4.0
Northern Europe,Fishing,Standard Class,4,CLOSED,25,9999.500275,984.0
Northern Europe,Fishing,Standard Class,4,COMPLETE,89,35598.220979,3366.0
Northern Europe,Fishing,Standard Class,4,ON_HOLD,8,3199.840088,260.0
Northern Europe,Fishing,Standard Class,4,PAYMENT_REVIEW,1,399.980011,36.0
Northern Europe,Fishing,Standard Class,4,PENDING,11,4399.780121,462.0
Northern Europe,Fishing,Standard Class,4,PENDING_PAYMENT,40,15999.20044,1434.0
Northern Europe,Fishing,Standard Class,4,PROCESSING,12,4799.760131999999,600.0
Northern Europe,Fishing,Standard Class,4,SUSPECTED_FRAUD,1,399.980011,0.0
Northern Europe,Fitness Accessories,First Class,1,PENDING_PAYMENT,1,34.99000168,29.73999977
Northern Europe,Fitness Accessories,Second Class,2,CLOSED,1,34.99000168,10.5
Northern Europe,Fitness Accessories,Second Class,2,COMPLETE,1,34.99000168,13.64999962
Northern Europe,Fitness Accessories,Standard Class,4,COMPLETE,3,669.9699935599999,148.35000038
Northern Europe,Fitness Accessories,Standard Class,4,PROCESSING,1,34.99000168,5.599999905
Northern Europe,Girls' Apparel,First Class,1,CLOSED,2,69.99000168,22.5
Northern Europe,Girls' Apparel,First Class,1,COMPLETE,3,104.98000336,47.78999996100001
Northern Europe,Girls' Apparel,First Class,1,PAYMENT_REVIEW,1,30.0,1.5
Northern Europe,Girls' Apparel,First Class,1,PENDING_PAYMENT,1,25.0,9.0
Northern Europe,Girls' Apparel,Same Day,0,COMPLETE,1,39.99000168,4.800000191
Northern Europe,Girls' Apparel,Second Class,2,CLOSED,1,30.0,12.0
Northern Europe,Girls' Apparel,Second Class,2,COMPLETE,1,70.0,23.79999924
Northern Europe,Girls' Apparel,Second Class,2,PENDING_PAYMENT,1,70.0,50.40000153
Northern Europe,Girls' Apparel,Standard Class,4,COMPLETE,10,424.98000336,162.449999869
Northern Europe,Girls' Apparel,Standard Class,4,ON_HOLD,2,60.0,8.25
Northern Europe,Girls' Apparel,Standard Class,4,PENDING,1,25.0,3.25
Northern Europe,Girls' Apparel,Standard Class,4,PENDING_PAYMENT,4,150.0,16.94999981
Northern Europe,Golf Apparel,First Class,1,COMPLETE,3,379.9700089,54.049999715
Northern Europe,Golf Apparel,Same Day,0,COMPLETE,2,139.97999767000002,19.98999977
Northern Europe,Golf Apparel,Second Class,2,COMPLETE,1,129.9900055,32.5
Northern Europe,Golf Apparel,Second Class,2,ON_HOLD,1,19.98999977,2.599999905
Northern Europe,Golf Apparel,Second Class,2,PENDING,1,19.98999977,10.39000034
Northern Europe,Golf Apparel,Standard Class,4,CLOSED,5,629.9500123,97.0
Northern Europe,Golf Apparel,Standard Class,4,COMPLETE,8,789.92000974,72.299998765
Northern Europe,Golf Apparel,Standard Class,4,ON_HOLD,1,19.98999977,17.98999977
Northern Europe,Golf Apparel,Standard Class,4,PAYMENT_REVIEW,1,119.9899979,12.0
Northern Europe,Golf Apparel,Standard Class,4,PENDING,1,129.9900055,16.89999962
Northern Europe,Golf Apparel,Standard Class,4,PENDING_PAYMENT,2,249.9800034,16.800000428
Northern Europe,Golf Apparel,Standard Class,4,PROCESSING,4,499.9600068,67.39999962
Northern Europe,Golf Bags & Carts,First Class,1,ON_HOLD,1,169.9900055,8.5
Northern Europe,Golf Bags & Carts,First Class,1,PROCESSING,1,169.9900055,11.89999962
Northern Europe,Golf Bags & Carts,Standard Class,4,COMPLETE,2,339.980011,49.300000191
Northern Europe,Golf Balls,First Class,1,COMPLETE,1,14.98999977,7.639999866
Northern Europe,Golf Balls,First Class,1,ON_HOLD,1,17.98999977,8.640000343
Northern Europe,Golf Balls,First Class,1,PENDING_PAYMENT,1,14.98999977,8.090000153
Northern Europe,Golf Balls,Same Day,0,PENDING_PAYMENT,2,29.97999954,14.239999771
Northern Europe,Golf Balls,Second Class,2,ON_HOLD,1,17.98999977,11.51000023
Northern Europe,Golf Balls,Second Class,2,PENDING_PAYMENT,1,19.98999977,0.0
Northern Europe,Golf Balls,Second Class,2,PROCESSING,1,14.98999977,0.899999976
Northern Europe,Golf Balls,Standard Class,4,CLOSED,4,67.95999908,9.780000091
Northern Europe,Golf Balls,Standard Class,4,COMPLETE,7,122.92999839,32.820000291
Northern Europe,Golf Balls,Standard Class,4,PAYMENT_REVIEW,1,19.98999977,10.78999996
Northern Europe,Golf Balls,Standard Class,4,PENDING,1,14.98999977,3.599999905
Northern Europe,Golf Balls,Standard Class,4,PENDING_PAYMENT,6,97.93999862,19.569999934
Northern Europe,Golf Balls,Standard Class,4,PROCESSING,1,19.98999977,14.39000034
Northern Europe,Golf Balls,Standard Class,4,SUSPECTED_FRAUD,1,17.98999977,7.019999981
Northern Europe,Golf Gloves,First Class,1,CLOSED,2,219.98000718,38.400000095
Northern Europe,Golf Gloves,First Class,1,COMPLETE,5,779.950002651,96.59000015
Northern Europe,Golf Gloves,First Class,1,PENDING_PAYMENT,3,44.969999312,9.200000048
Northern Europe,Golf Gloves,First Class,1,PROCESSING,1,79.98999786,8.0
Northern Europe,Golf Gloves,First Class,1,SUSPECTED_FRAUD,1,179.9900055,32.40000153
Northern Europe,Golf Gloves,Same Day,0,COMPLETE,2,189.980005271,31.300000368
Northern Europe,Golf Gloves,Same Day,0,PENDING_PAYMENT,1,39.99000168,23.98999977
Northern Europe,Golf Gloves,Second Class,2,CANCELED,1,299.9899902,6.0
Northern Europe,Golf Gloves,Second Class,2,CLOSED,4,544.95999715,106.59000206
Northern Europe,Golf Gloves,Second Class,2,COMPLETE,4,469.959985691,17.30000019
Northern Europe,Golf Gloves,Second Class,2,ON_HOLD,2,259.980005271,38.300000012
Northern Europe,Golf Gloves,Second Class,2,PENDING,3,59.969999311,36.98999977
Northern Europe,Golf Gloves,Second Class,2,PENDING_PAYMENT,4,599.95999524,107.79999924
Northern Europe,Golf Gloves,Second Class,2,PROCESSING,1,39.99000168,1.600000024
Northern Europe,Golf Gloves,Standard Class,4,CANCELED,2,429.980011,35.89999962
Northern Europe,Golf Gloves,Standard Class,4,CLOSED,1,179.9900055,7.199999809
Northern Europe,Golf Gloves,Standard Class,4,COMPLETE,8,1389.919979,182.900000685
Northern Europe,Golf Gloves,Standard Class,4,ON_HOLD,4,614.9599971499999,116.10000038
Northern Europe,Golf Gloves,Standard Class,4,PENDING,5,404.95000267,88.18999862999999
Northern Europe,Golf Gloves,Standard Class,4,PENDING_PAYMENT,7,1049.92999262,99.109999536
Northern Europe,Golf Gloves,Standard Class,4,PROCESSING,3,299.97000504,27.98999977
Northern Europe,Golf Gloves,Standard Class,4,SUSPECTED_FRAUD,2,104.97999763,6.600000024
Northern Europe,Golf Shoes,First Class,1,COMPLETE,2,180.0,19.800000191
Northern Europe,Golf Shoes,Same Day,0,PENDING,1,80.0,9.600000381
Northern Europe,Golf Shoes,Second Class,2,COMPLETE,4,365.0,100.900000095
Northern Europe,Golf Shoes,Second Class,2,PENDING,2,188.0,33.140000817
Northern Europe,Golf Shoes,Second Class,2,PENDING_PAYMENT,1,100.0,50.0
Northern Europe,Golf Shoes,Standard Class,4,CLOSED,1,100.0,48.0
Northern Europe,Golf Shoes,Standard Class,4,COMPLETE,8,706.0,67.110000135
Northern Europe,Golf Shoes,Standard Class,4,ON_HOLD,5,405.0,129.899999264
Northern Europe,Golf Shoes,Standard Class,4,PENDING,1,100.0,8.0
Northern Europe,Golf Shoes,Standard Class,4,PENDING_PAYMENT,7,598.0,174.199999809
Northern Europe,Golf Shoes,Standard Class,4,PROCESSING,1,108.0,21.60000038
Northern Europe,Golf Shoes,Standard Class,4,SUSPECTED_FRAUD,2,145.0,36.65000057
Northern Europe,Hockey,First Class,1,PENDING,1,25.0,9.75
Northern Europe,Hockey,First Class,1,PENDING_PAYMENT,2,351.9899902,42.90000153
Northern Europe,Hockey,Second Class,2,CLOSED,2,47.0,23.0
Northern Europe,Hockey,Second Class,2,COMPLETE,1,329.9899902,49.5
Northern Europe,Hockey,Second Class,2,PENDING_PAYMENT,1,22.0,11.0
Northern Europe,Hockey,Standard Class,4,CLOSED,4,91.0,9.540000022
Northern Europe,Hockey,Standard Class,4,COMPLETE,1,25.0,5.0
Northern Europe,Hockey,Standard Class,4,PENDING_PAYMENT,4,94.0,22.180000062
Northern Europe,Hockey,Standard Class,4,PROCESSING,5,429.9899902,14.0
Northern Europe,Hockey,Standard Class,4,SUSPECTED_FRAUD,1,329.9899902,16.5
Northern Europe,Hunting & Shooting,First Class,1,ON_HOLD,1,29.98999977,4.199999809
Northern Europe,Hunting & Shooting,First Class,1,PENDING_PAYMENT,1,29.98999977,15.28999996
Northern Europe,Hunting & Shooting,Same Day,0,COMPLETE,1,149.9900055,37.5
Northern Europe,Hunting & Shooting,Same Day,0,PENDING_PAYMENT,2,128.98999977,65.62999916
Northern Europe,Hunting & Shooting,Second Class,2,CLOSED,1,29.98999977,16.19000053
Northern Europe,Hunting & Shooting,Second Class,2,COMPLETE,1,29.98999977,3.0
Northern Europe,Hunting & Shooting,Second Class,2,PENDING,1,29.98999977,4.800000191
Northern Europe,Hunting & Shooting,Standard Class,4,COMPLETE,4,257.97999954,81.58999919
Northern Europe,Hunting & Shooting,Standard Class,4,ON_HOLD,1,29.98999977,1.200000048
Northern Europe,Hunting & Shooting,Standard Class,4,PENDING,2,248.9900055,57.75
Northern Europe,Hunting & Shooting,Standard Class,4,PENDING_PAYMENT,1,149.9900055,24.0
Northern Europe,Indoor/Outdoor Games,First Class,1,CANCELED,6,299.87999724,108.96000099
Northern Europe,Indoor/Outdoor Games,First Class,1,CLOSED,5,249.8999977,29.48999977
Northern Europe,Indoor/Outdoor Games,First Class,1,COMPLETE,16,799.67999264,163.94999885
Northern Europe,Indoor/Outdoor Games,First Class,1,ON_HOLD,1,49.97999954,25.98999977
Northern Europe,Indoor/Outdoor Games,First Class,1,PENDING_PAYMENT,3,149.93999862,43.47999954
Northern Europe,Indoor/Outdoor Games,First Class,1,PROCESSING,3,149.93999862,18.0
Northern Europe,Indoor/Outdoor Games,Same Day,0,CLOSED,4,199.91999816,24.75
Northern Europe,Indoor/Outdoor Games,Same Day,0,COMPLETE,2,99.95999908,7.5
Northern Europe,Indoor/Outdoor Games,Same Day,0,ON_HOLD,1,49.97999954,44.97999954
Northern Europe,Indoor/Outdoor Games,Same Day,0,PENDING,3,149.93999862,45.49000168
Northern Europe,Indoor/Outdoor Games,Same Day,0,PENDING_PAYMENT,5,249.8999977,103.95999908
Northern Europe,Indoor/Outdoor Games,Same Day,0,PROCESSING,1,49.97999954,23.98999977
Northern Europe,Indoor/Outdoor Games,Second Class,2,CANCELED,1,49.97999954,39.97999954
Northern Europe,Indoor/Outdoor Games,Second Class,2,CLOSED,4,199.91999816,36.23999977
Northern Europe,Indoor/Outdoor Games,Second Class,2,COMPLETE,31,1549.37998574,470.31999586
Northern Europe,Indoor/Outdoor Games,Second Class,2,ON_HOLD,1,49.97999954,8.0
Northern Europe,Indoor/Outdoor Games,Second Class,2,PENDING,4,199.91999816,99.96000099
Northern Europe,Indoor/Outdoor Games,Second Class,2,PENDING_PAYMENT,15,749.6999931,221.15999793
Northern Europe,Indoor/Outdoor Games,Second Class,2,PROCESSING,10,499.7999954,154.95000076
Northern Europe,Indoor/Outdoor Games,Second Class,2,SUSPECTED_FRAUD,1,49.97999954,29.98999977
Northern Europe,Indoor/Outdoor Games,Standard Class,4,CANCELED,6,299.87999724,104.47000122
Northern Europe,Indoor/Outdoor Games,Standard Class,4,CLOSED,24,1199.51998896,266.42000007
Northern Europe,Indoor/Outdoor Games,Standard Class,4,COMPLETE,52,2598.95997608,717.7499980700001
Northern Europe,Indoor/Outdoor Games,Standard Class,4,ON_HOLD,4,199.91999816,76.47000122
Northern Europe,Indoor/Outdoor Games,Standard Class,4,PAYMENT_REVIEW,1,49.97999954,23.98999977
Northern Europe,Indoor/Outdoor Games,Standard Class,4,PENDING,25,1249.4999885,422.36999892
Northern Europe,Indoor/Outdoor Games,Standard Class,4,PENDING_PAYMENT,32,1599.35998528,534.30999945
Northern Europe,Indoor/Outdoor Games,Standard Class,4,PROCESSING,15,749.6999931,315.88000106
Northern Europe,Indoor/Outdoor Games,Standard Class,4,SUSPECTED_FRAUD,3,149.93999862,13.0
Northern Europe,Kids' Golf Clubs,First Class,1,COMPLETE,4,897.9799957,119.63000107
Northern Europe,Kids' Golf Clubs,First Class,1,ON_HOLD,1,99.94999695,20.98999977
Northern Europe,Kids' Golf Clubs,Same Day,0,COMPLETE,1,99.94999695,10.0
Northern Europe,Kids' Golf Clubs,Second Class,2,COMPLETE,2,509.93998710000005,45.899999619
Northern Europe,Kids' Golf Clubs,Second Class,2,PENDING_PAYMENT,2,498.9899902,63.949999809
Northern Europe,Kids' Golf Clubs,Standard Class,4,CLOSED,4,808.8899840500001,149.030001282
Northern Europe,Kids' Golf Clubs,Standard Class,4,COMPLETE,5,918.8799895,82.459999559
Northern Europe,Kids' Golf Clubs,Standard Class,4,PAYMENT_REVIEW,1,199.0,1.99000001
Northern Europe,Kids' Golf Clubs,Standard Class,4,PENDING_PAYMENT,4,1099.91996755,142.97999954
Northern Europe,Kids' Golf Clubs,Standard Class,4,PROCESSING,2,598.9899902,35.89999962
Northern Europe,Kids' Golf Clubs,Standard Class,4,SUSPECTED_FRAUD,1,399.9899902,4.0
Northern Europe,Lacrosse,First Class,1,COMPLETE,2,124.97999763,94.47999763
Northern Europe,Lacrosse,Second Class,2,CLOSED,3,224.96999549,18.25
Northern Europe,Lacrosse,Second Class,2,COMPLETE,1,24.98999977,3.0
Northern Europe,Lacrosse,Second Class,2,PENDING_PAYMENT,3,224.96999549,62.99000168
Northern Europe,Lacrosse,Standard Class,4,PENDING,1,24.98999977,0.0
Northern Europe,Lacrosse,Standard Class,4,PENDING_PAYMENT,4,249.95999526,29.5
Northern Europe,Men's Footwear,First Class,1,CANCELED,2,259.980011,16.899999619
Northern Europe,Men's Footwear,First Class,1,CLOSED,10,1299.900055,172.900000095
Northern Europe,Men's Footwear,First Class,1,COMPLETE,63,8189.3703465,733.1999990959999
Northern Europe,Men's Footwear,First Class,1,ON_HOLD,9,1169.9100495,122.199999809
Northern Europe,Men's Footwear,First Class,1,PENDING,10,1299.900055,154.699998859
Northern Europe,Men's Footwear,First Class,1,PENDING_PAYMENT,30,3899.700165,419.899999144
Northern Europe,Men's Footwear,First Class,1,PROCESSING,9,1169.9100495,84.50000000099999
Northern Europe,Men's Footwear,First Class,1,SUSPECTED_FRAUD,1,129.9900055,15.60000038
Northern Europe,Men's Footwear,Same Day,0,CANCELED,1,129.9900055,3.900000095
Northern Europe,Men's Footwear,Same Day,0,CLOSED,7,909.9300385,103.999999051
Northern Europe,Men's Footwear,Same Day,0,COMPLETE,14,1819.860077,223.600000143
Northern Europe,Men's Footwear,Same Day,0,ON_HOLD,2,259.980011,19.499999525
Northern Europe,Men's Footwear,Same Day,0,PENDING,1,129.9900055,2.599999905
Northern Europe,Men's Footwear,Same Day,0,PENDING_PAYMENT,10,1299.900055,135.849998477
Northern Europe,Men's Footwear,Same Day,0,PROCESSING,1,129.9900055,5.199999809
Northern Europe,Men's Footwear,Second Class,2,CLOSED,14,1819.860077,131.299999241
Northern Europe,Men's Footwear,Second Class,2,COMPLETE,94,12219.060517,1155.699997667
Northern Europe,Men's Footwear,Second Class,2,ON_HOLD,9,1169.9100495,100.099999192
Northern Europe,Men's Footwear,Second Class,2,PAYMENT_REVIEW,1,129.9900055,0.0
Northern Europe,Men's Footwear,Second Class,2,PENDING,4,519.960022,70.199999811
Northern Europe,Men's Footwear,Second Class,2,PENDING_PAYMENT,41,5329.5902255,496.599999903
Northern Europe,Men's Footwear,Second Class,2,PROCESSING,10,1299.900055,143.000000475
Northern Europe,Men's Footwear,Second Class,2,SUSPECTED_FRAUD,1,129.9900055,7.150000095
Northern Europe,Men's Footwear,Standard Class,4,CANCELED,3,389.9700165,50.69999981
Northern Europe,Men's Footwear,Standard Class,4,CLOSED,67,8709.3303685,913.249994769
Northern Europe,Men's Footwear,Standard Class,4,COMPLETE,224,29117.761232,3059.549988787
Northern Europe,Men's Footwear,Standard Class,4,ON_HOLD,37,4809.6302035,510.249998336
Northern Europe,Men's Footwear,Standard Class,4,PAYMENT_REVIEW,1,129.9900055,6.5
Northern Europe,Men's Footwear,Standard Class,4,PENDING,10,1299.900055,144.300001141
Northern Europe,Men's Footwear,Standard Class,4,PENDING_PAYMENT,119,15468.8106545,1606.149990831
Northern Europe,Men's Footwear,Standard Class,4,PROCESSING,22,2859.780121,246.999999763
Northern Europe,Men's Footwear,Standard Class,4,SUSPECTED_FRAUD,1,129.9900055,11.69999981
Northern Europe,Men's Golf Clubs,First Class,1,COMPLETE,2,229.98000336,26.89999962
Northern Europe,Men's Golf Clubs,First Class,1,PENDING_PAYMENT,1,109.9899979,4.400000095
Northern Europe,Men's Golf Clubs,Same Day,0,CANCELED,1,129.9900055,22.10000038
Northern Europe,Men's Golf Clubs,Second Class,2,CLOSED,2,219.9799958,15.400000214
Northern Europe,Men's Golf Clubs,Second Class,2,COMPLETE,1,109.9899979,16.5
Northern Europe,Men's Golf Clubs,Second Class,2,PROCESSING,1,99.98999786,84.98999786
Northern Europe,Men's Golf Clubs,Standard Class,4,CLOSED,1,109.9899979,11.0
Northern Europe,Men's Golf Clubs,Standard Class,4,COMPLETE,6,734.9400177599999,64.599998953
Northern Europe,Men's Golf Clubs,Standard Class,4,ON_HOLD,1,109.9899979,18.70000076
Northern Europe,Men's Golf Clubs,Standard Class,4,PAYMENT_REVIEW,1,99.98999786,48.0
Northern Europe,Men's Golf Clubs,Standard Class,4,PENDING,4,494.96001436,65.80000114
Northern Europe,Men's Golf Clubs,Standard Class,4,PENDING_PAYMENT,4,454.95999916,113.539998051
Northern Europe,Men's Golf Clubs,Standard Class,4,PROCESSING,6,734.9400102,91.25
Northern Europe,Shop By Sport,First Class,1,CLOSED,1,39.99000168,4.400000095
Northern Europe,Shop By Sport,First Class,1,COMPLETE,17,829.8400306999999,233.560001994
Northern Europe,Shop By Sport,First Class,1,ON_HOLD,5,199.9500084,50.190002204
Northern Europe,Shop By Sport,First Class,1,PAYMENT_REVIEW,1,39.99000168,18.0
Northern Europe,Shop By Sport,First Class,1,PENDING,3,119.97000504,32.39999962
Northern Europe,Shop By Sport,First Class,1,PENDING_PAYMENT,15,599.8500252,154.779999551
Northern Europe,Shop By Sport,First Class,1,PROCESSING,2,79.98000336,33.590000151
Northern Europe,Shop By Sport,Same Day,0,CLOSED,4,159.96000672,91.16999912
Northern Europe,Shop By Sport,Same Day,0,COMPLETE,5,189.96000672,87.180000063
Northern Europe,Shop By Sport,Same Day,0,ON_HOLD,3,119.97000504,26.400000095
Northern Europe,Shop By Sport,Same Day,0,PENDING_PAYMENT,6,239.94001008,36.400000095
Northern Europe,Shop By Sport,Same Day,0,PROCESSING,3,119.97000504,24.399999619
Northern Europe,Shop By Sport,Second Class,2,CLOSED,7,279.93001176,79.590001883
Northern Europe,Shop By Sport,Second Class,2,COMPLETE,29,1159.71004872,364.930004677
Northern Europe,Shop By Sport,Second Class,2,ON_HOLD,4,159.96000672,24.799999833
Northern Europe,Shop By Sport,Second Class,2,PAYMENT_REVIEW,2,79.98000336,14.399999619
Northern Europe,Shop By Sport,Second Class,2,PENDING,1,39.99000168,27.19000053
Northern Europe,Shop By Sport,Second Class,2,PENDING_PAYMENT,15,759.85002902,158.78000122400002
Northern Europe,Shop By Sport,Second Class,2,PROCESSING,3,119.97000504,17.600000024
Northern Europe,Shop By Sport,Standard Class,4,CANCELED,4,149.97000504,68.380000595
Northern Europe,Shop By Sport,Standard Class,4,CLOSED,19,759.81003192,223.950003087
Northern Europe,Shop By Sport,Standard Class,4,COMPLETE,74,3109.27012646,927.490010163
Northern Europe,Shop By Sport,Standard Class,4,ON_HOLD,13,679.87002566,229.150003074
Northern Europe,Shop By Sport,Standard Class,4,PAYMENT_REVIEW,1,39.99000168,4.400000095
Northern Europe,Shop By Sport,Standard Class,4,PENDING,9,359.91001512,119.370002633
Northern Europe,Shop By Sport,Standard Class,4,PENDING_PAYMENT,32,1589.69005972,426.320005115
Northern Europe,Shop By Sport,Standard Class,4,PROCESSING,16,639.84002688,178.17000119
Northern Europe,Soccer,First Class,1,COMPLETE,1,124.9899979,12.5
Northern Europe,Soccer,Second Class,2,CLOSED,1,124.9899979,5.0
Northern Europe,Soccer,Second Class,2,PENDING_PAYMENT,2,249.9799958,23.75
Northern Europe,Soccer,Standard Class,4,COMPLETE,5,489.94998938,30.869999886
Northern Europe,Soccer,Standard Class,4,PENDING_PAYMENT,2,204.97999576,19.39999962
Northern Europe,Soccer,Standard Class,4,PROCESSING,1,79.98999786,0.0
Northern Europe,Strength Training,First Class,1,PENDING_PAYMENT,1,189.0,34.02000046
Northern Europe,Strength Training,Same Day,0,PROCESSING,1,399.9899902,20.0
Northern Europe,Strength Training,Second Class,2,COMPLETE,2,2188.98999,117.01000023
Northern Europe,Strength Training,Second Class,2,PENDING_PAYMENT,2,588.9899902,54.89999962
Northern Europe,Strength Training,Standard Class,4,COMPLETE,5,2966.9799802,567.36000061
Northern Europe,Strength Training,Standard Class,4,ON_HOLD,1,1999.98999,400.0
Northern Europe,Strength Training,Standard Class,4,PENDING,1,189.0,30.23999977
Northern Europe,Strength Training,Standard Class,4,PENDING_PAYMENT,3,777.9899902,80.92000008
Northern Europe,Tennis & Racquet,First Class,1,COMPLETE,2,89.98000336,65.23000145
Northern Europe,Tennis & Racquet,Second Class,2,COMPLETE,1,44.99000168,33.74000168
Northern Europe,Tennis & Racquet,Second Class,2,PROCESSING,1,44.99000168,6.75
Northern Europe,Tennis & Racquet,Standard Class,4,CLOSED,1,44.99000168,11.69999981
Northern Europe,Tennis & Racquet,Standard Class,4,COMPLETE,3,134.97000504,11.700000167
Northern Europe,Tennis & Racquet,Standard Class,4,ON_HOLD,2,89.98000336,18.220000266
Northern Europe,Tennis & Racquet,Standard Class,4,PENDING,1,44.99000168,35.99000168
Northern Europe,Tennis & Racquet,Standard Class,4,PENDING_PAYMENT,1,44.99000168,0.899999976
Northern Europe,Trade-In,First Class,1,COMPLETE,3,47.969999310000006,26.379999754
Northern Europe,Trade-In,First Class,1,PENDING_PAYMENT,1,15.98999977,2.400000095
Northern Europe,Trade-In,Same Day,0,PENDING_PAYMENT,1,15.98999977,15.98999977
Northern Europe,Trade-In,Second Class,2,COMPLETE,7,591.93000985,69.570000764
Northern Europe,Trade-In,Second Class,2,PENDING,1,15.98999977,6.400000095
Northern Europe,Trade-In,Second Class,2,PENDING_PAYMENT,3,53.969999310000006,11.499999643
Northern Europe,Trade-In,Second Class,2,PROCESSING,1,21.98999977,2.200000048
Northern Europe,Trade-In,Standard Class,4,CLOSED,1,249.9900055,25.0
Northern Europe,Trade-In,Standard Class,4,COMPLETE,4,309.96000481,47.540000081
Northern Europe,Trade-In,Standard Class,4,ON_HOLD,1,21.98999977,6.159999847
Northern Europe,Trade-In,Standard Class,4,PENDING,3,515.97001077,34.450000048
Northern Europe,Trade-In,Standard Class,4,PENDING_PAYMENT,3,287.97000504,59.300000191
Northern Europe,Trade-In,Standard Class,4,PROCESSING,1,249.9900055,12.5
Northern Europe,Water Sports,First Class,1,CANCELED,3,599.9700164999999,74.0
Northern Europe,Water Sports,First Class,1,CLOSED,15,2999.8500825,335.0
Northern Europe,Water Sports,First Class,1,COMPLETE,46,9349.5402377,1018.0
Northern Europe,Water Sports,First Class,1,ON_HOLD,5,999.9500275,117.0
Northern Europe,Water Sports,First Class,1,PAYMENT_REVIEW,1,199.9900055,36.0
Northern Europe,Water Sports,First Class,1,PENDING,13,2599.8700715,280.0
Northern Europe,Water Sports,First Class,1,PENDING_PAYMENT,14,2799.860077,247.0
Northern Europe,Water Sports,First Class,1,PROCESSING,10,1999.900055,217.0
Northern Europe,Water Sports,First Class,1,SUSPECTED_FRAUD,2,399.980011,74.0
Northern Europe,Water Sports,Same Day,0,CANCELED,1,199.9900055,50.0
Northern Europe,Water Sports,Same Day,0,CLOSED,5,999.9500275,86.0
Northern Europe,Water Sports,Same Day,0,COMPLETE,6,1199.940033,168.0
Northern Europe,Water Sports,Same Day,0,ON_HOLD,1,199.9900055,40.0
Northern Europe,Water Sports,Same Day,0,PENDING,4,799.960022,106.0
Northern Europe,Water Sports,Same Day,0,PENDING_PAYMENT,7,1399.9300385,118.0
Northern Europe,Water Sports,Same Day,0,PROCESSING,7,1399.9300385,104.0
Northern Europe,Water Sports,Second Class,2,CANCELED,1,199.9900055,40.0
Northern Europe,Water Sports,Second Class,2,CLOSED,15,2999.8500825,240.0
Northern Europe,Water Sports,Second Class,2,COMPLETE,44,8799.560242,774.0
Northern Europe,Water Sports,Second Class,2,ON_HOLD,5,999.9500275,130.0
Northern Europe,Water Sports,Second Class,2,PAYMENT_REVIEW,1,199.9900055,0.0
Northern Europe,Water Sports,Second Class,2,PENDING,12,2399.880066,265.0
Northern Europe,Water Sports,Second Class,2,PENDING_PAYMENT,43,8599.5702365,982.0
Northern Europe,Water Sports,Second Class,2,PROCESSING,12,2549.8800507,261.5
Northern Europe,Water Sports,Second Class,2,SUSPECTED_FRAUD,3,599.9700164999999,76.0
Northern Europe,Water Sports,Standard Class,4,CANCELED,9,1799.9100495,282.0
Northern Europe,Water Sports,Standard Class,4,CLOSED,39,7949.610199199999,888.5
Northern Europe,Water Sports,Standard Class,4,COMPLETE,120,24148.8006447,2578.0
Northern Europe,Water Sports,Standard Class,4,ON_HOLD,16,3199.840088,267.0
Northern Europe,Water Sports,Standard Class,4,PAYMENT_REVIEW,4,799.960022,135.0
Northern Europe,Water Sports,Standard Class,4,PENDING,39,7949.610199199999,769.5
Northern Europe,Water Sports,Standard Class,4,PENDING_PAYMENT,90,18299.1004644,1742.0
Northern Europe,Water Sports,Standard Class,4,PROCESSING,64,12799.360352,1210.0
Northern Europe,Water Sports,Standard Class,4,SUSPECTED_FRAUD,5,999.9500275,89.0
Northern Europe,Women's Apparel,First Class,1,CLOSED,10,500.0,125.0
Northern Europe,Women's Apparel,First Class,1,COMPLETE,40,2000.0,606.75
Northern Europe,Women's Apparel,First Class,1,ON_HOLD,4,200.0,29.5
Northern Europe,Women's Apparel,First Class,1,PAYMENT_REVIEW,1,50.0,14.0
Northern Europe,Women's Apparel,First Class,1,PENDING,8,400.0,170.0
Northern Europe,Women's Apparel,First Class,1,PENDING_PAYMENT,27,1350.0,391.0
Northern Europe,Women's Apparel,First Class,1,PROCESSING,6,300.0,67.5
Northern Europe,Women's Apparel,First Class,1,SUSPECTED_FRAUD,2,100.0,7.5
Northern Europe,Women's Apparel,Same Day,0,CANCELED,2,100.0,33.5
Northern Europe,Women's Apparel,Same Day,0,CLOSED,10,500.0,258.5
Northern Europe,Women's Apparel,Same Day,0,COMPLETE,14,700.0,162.5
Northern Europe,Women's Apparel,Same Day,0,ON_HOLD,2,100.0,56.5
Northern Europe,Women's Apparel,Same Day,0,PENDING,1,50.0,42.5
Northern Europe,Women's Apparel,Same Day,0,PENDING_PAYMENT,14,700.0,272.0
Northern Europe,Women's Apparel,Same Day,0,PROCESSING,5,250.0,105.75
Northern Europe,Women's Apparel,Second Class,2,CANCELED,1,50.0,1.0
Northern Europe,Women's Apparel,Second Class,2,CLOSED,18,900.0,394.0
Northern Europe,Women's Apparel,Second Class,2,COMPLETE,87,4350.0,1601.0
Northern Europe,Women's Apparel,Second Class,2,ON_HOLD,14,700.0,208.25
Northern Europe,Women's Apparel,Second Class,2,PENDING,2,100.0,28.0
Northern Europe,Women's Apparel,Second Class,2,PENDING_PAYMENT,31,1550.0,453.0
Northern Europe,Women's Apparel,Second Class,2,PROCESSING,10,500.0,149.5
Northern Europe,Women's Apparel,Second Class,2,SUSPECTED_FRAUD,1,50.0,2.0
Northern Europe,Women's Apparel,Standard Class,4,CANCELED,7,350.0,178.5
Northern Europe,Women's Apparel,Standard Class,4,CLOSED,45,2250.0,617.75
Northern Europe,Women's Apparel,Standard Class,4,COMPLETE,162,8100.0,2478.0
Northern Europe,Women's Apparel,Standard Class,4,ON_HOLD,18,900.0,224.0
Northern Europe,Women's Apparel,Standard Class,4,PAYMENT_REVIEW,5,250.0,69.0
Northern Europe,Women's Apparel,Standard Class,4,PENDING,30,1500.0,470.5
Northern Europe,Women's Apparel,Standard Class,4,PENDING_PAYMENT,91,4550.0,1225.75
Northern Europe,Women's Apparel,Standard Class,4,PROCESSING,26,1300.0,480.5
Northern Europe,Women's Apparel,Standard Class,4,SUSPECTED_FRAUD,7,350.0,99.25
Northern Europe,Women's Golf Clubs,First Class,1,ON_HOLD,1,79.98999786,40.0
Northern Europe,Women's Golf Clubs,First Class,1,PENDING_PAYMENT,2,309.98000336,58.290001871
Northern Europe,Women's Golf Clubs,Same Day,0,PENDING_PAYMENT,2,309.98000336,36.70000076
Northern Europe,Women's Golf Clubs,Second Class,2,PENDING,2,309.98000336,108.88999748
Northern Europe,Women's Golf Clubs,Standard Class,4,CLOSED,2,289.98000336,61.300000191
Northern Europe,Women's Golf Clubs,Standard Class,4,COMPLETE,5,439.9499893,187.58000184
Northern Europe,Women's Golf Clubs,Standard Class,4,ON_HOLD,1,99.98999786,26.0
Northern Europe,Women's Golf Clubs,Standard Class,4,PENDING_PAYMENT,1,79.98999786,4.800000191
Northern Europe,Women's Golf Clubs,Standard Class,4,PROCESSING,2,419.980011,60.90000152
Oceania,Accessories,First Class,1,COMPLETE,2,49.97999954,22.23999977
Oceania,Accessories,First Class,1,PAYMENT_REVIEW,1,24.98999977,6.25
Oceania,Accessories,First Class,1,PENDING_PAYMENT,4,99.95999908,26.5
Oceania,Accessories,First Class,1,SUSPECTED_FRAUD,1,24.98999977,1.75
Oceania,Accessories,Same Day,0,CLOSED,1,24.98999977,2.0
Oceania,Accessories,Same Day,0,PENDING_PAYMENT,4,99.95999908,54.72999954
Oceania,Accessories,Same Day,0,PROCESSING,1,24.98999977,14.98999977
Oceania,Accessories,Second Class,2,CLOSED,2,49.97999954,16.5
Oceania,Accessories,Second Class,2,COMPLETE,10,249.8999977,97.46999931
Oceania,Accessories,Second Class,2,ON_HOLD,1,24.98999977,9.0
Oceania,Accessories,Second Class,2,PAYMENT_REVIEW,1,24.98999977,6.25
Oceania,Accessories,Second Class,2,PENDING,1,24.98999977,1.0
Oceania,Accessories,Second Class,2,PENDING_PAYMENT,4,99.95999908,32.5
Oceania,Accessories,Second Class,2,PROCESSING,2,49.97999954,1.0
Oceania,Accessories,Standard Class,4,CANCELED,1,24.98999977,3.75
Oceania,Accessories,Standard Class,4,CLOSED,6,149.93999862,33.619999886
Oceania,Accessories,Standard Class,4,COMPLETE,11,274.88999747,75.839999315
Oceania,Accessories,Standard Class,4,ON_HOLD,1,24.98999977,6.5
Oceania,Accessories,Standard Class,4,PENDING_PAYMENT,5,124.94999885,21.0
Oceania,Accessories,Standard Class,4,PROCESSING,2,49.97999954,32.48999977
Oceania,Accessories,Standard Class,4,SUSPECTED_FRAUD,2,49.97999954,14.98999977
Oceania,Baby ,First Class,1,ON_HOLD,1,59.08000183,0.0
Oceania,Baby ,First Class,1,PROCESSING,1,59.08000183,2.950000048
Oceania,Baby ,Same Day,0,CLOSED,1,59.08000183,9.449999809
Oceania,Baby ,Same Day,0,COMPLETE,3,177.24000549,16.550000191000002
Oceania,Baby ,Same Day,0,PENDING,1,59.08000183,2.950000048
Oceania,Baby ,Second Class,2,COMPLETE,1,59.08000183,8.859999657
Oceania,Baby ,Second Class,2,ON_HOLD,1,59.08000183,7.679999828
Oceania,Baby ,Second Class,2,PENDING_PAYMENT,1,59.08000183,0.589999974
Oceania,Baby ,Standard Class,4,CLOSED,1,59.08000183,0.589999974
Oceania,Baby ,Standard Class,4,COMPLETE,5,295.40000915,14.769999922
Oceania,Baby ,Standard Class,4,ON_HOLD,1,59.08000183,5.909999847
Oceania,Baby ,Standard Class,4,PENDING_PAYMENT,1,59.08000183,0.0
Oceania,Baseball & Softball,First Class,1,COMPLETE,1,34.99000168,6.300000191
Oceania,Baseball & Softball,First Class,1,PENDING_PAYMENT,1,34.99000168,9.800000191
Oceania,Baseball & Softball,Second Class,2,COMPLETE,2,94.98000336,63.53000069
Oceania,Baseball & Softball,Second Class,2,PAYMENT_REVIEW,1,34.99000168,20.98999977
Oceania,Baseball & Softball,Second Class,2,PENDING_PAYMENT,3,104.97000504,23.269999981
Oceania,Baseball & Softball,Standard Class,4,CLOSED,3,179.97000504,45.59999943
Oceania,Baseball & Softball,Standard Class,4,COMPLETE,3,129.97000504,28.400000095
Oceania,Baseball & Softball,Standard Class,4,ON_HOLD,1,34.99000168,2.799999952
Oceania,Baseball & Softball,Standard Class,4,PENDING,1,34.99000168,20.98999977
Oceania,Baseball & Softball,Standard Class,4,PENDING_PAYMENT,2,69.98000336,5.599999905
Oceania,Baseball & Softball,Standard Class,4,PROCESSING,1,59.99000168,6.0
Oceania,Books ,First Class,1,CLOSED,1,31.07999992,0.0
Oceania,Books ,First Class,1,PENDING_PAYMENT,1,31.07999992,4.96999979
Oceania,Books ,Same Day,0,SUSPECTED_FRAUD,1,31.07999992,2.180000067
Oceania,Books ,Second Class,2,COMPLETE,5,155.3999996,14.459999919
Oceania,Books ,Standard Class,4,CLOSED,1,31.07999992,1.24000001
Oceania,Books ,Standard Class,4,COMPLETE,4,124.31999968,11.180000187
Oceania,Books ,Standard Class,4,PENDING,2,62.15999984,0.930000007
Oceania,Books ,Standard Class,4,PENDING_PAYMENT,4,124.31999968,5.28000003
Oceania,Boxing & MMA,Second Class,2,COMPLETE,1,54.97000122,54.97000122
Oceania,Boxing & MMA,Standard Class,4,COMPLETE,2,109.94000244,90.14999961
Oceania,Boxing & MMA,Standard Class,4,PENDING_PAYMENT,1,54.97000122,6.599999905
Oceania,CDs ,First Class,1,CLOSED,1,11.28999996,1.129999995
Oceania,CDs ,First Class,1,COMPLETE,4,45.15999984,6.540000081
Oceania,CDs ,First Class,1,PAYMENT_REVIEW,1,11.28999996,1.809999943
Oceania,CDs ,First Class,1,PENDING,1,11.28999996,1.919999957
Oceania,CDs ,Same Day,0,COMPLETE,1,11.28999996,0.620000005
Oceania,CDs ,Same Day,0,PENDING_PAYMENT,1,11.28999996,0.449999988
Oceania,CDs ,Second Class,2,CLOSED,1,11.28999996,2.029999971
Oceania,CDs ,Second Class,2,COMPLETE,3,33.869999879999995,7.109999894
Oceania,CDs ,Second Class,2,ON_HOLD,1,11.28999996,0.560000002
Oceania,CDs ,Standard Class,4,CLOSED,1,11.28999996,1.470000029
Oceania,CDs ,Standard Class,4,COMPLETE,14,158.05999943999998,16.820000006
Oceania,CDs ,Standard Class,4,ON_HOLD,2,22.57999992,2.310000062
Oceania,CDs ,Standard Class,4,PENDING,1,11.28999996,1.350000024
Oceania,CDs ,Standard Class,4,PENDING_PAYMENT,3,33.869999879999995,1.190000013
Oceania,Cameras ,Second Class,2,PENDING_PAYMENT,1,452.0400085,22.60000038
Oceania,Camping & Hiking,First Class,1,CANCELED,1,299.980011,45.0
Oceania,Camping & Hiking,First Class,1,CLOSED,8,2399.840088,253.5
Oceania,Camping & Hiking,First Class,1,COMPLETE,26,7799.480286,846.0
Oceania,Camping & Hiking,First Class,1,ON_HOLD,6,1799.880066,126.0
Oceania,Camping & Hiking,First Class,1,PAYMENT_REVIEW,2,599.960022,75.0
Oceania,Camping & Hiking,First Class,1,PENDING,1,299.980011,9.0
Oceania,Camping & Hiking,First Class,1,PENDING_PAYMENT,18,5399.640198,616.5
Oceania,Camping & Hiking,First Class,1,PROCESSING,3,899.940033,76.5
Oceania,Camping & Hiking,Same Day,0,CLOSED,3,899.940033,36.0
Oceania,Camping & Hiking,Same Day,0,COMPLETE,8,2399.840088,303.0
Oceania,Camping & Hiking,Same Day,0,ON_HOLD,1,299.980011,0.0
Oceania,Camping & Hiking,Same Day,0,PENDING_PAYMENT,6,1799.880066,183.0
Oceania,Camping & Hiking,Same Day,0,PROCESSING,3,899.940033,97.5
Oceania,Camping & Hiking,Second Class,2,CANCELED,1,299.980011,75.0
Oceania,Camping & Hiking,Second Class,2,CLOSED,10,2999.80011,319.5
Oceania,Camping & Hiking,Second Class,2,COMPLETE,50,14999.00055,1605.0
Oceania,Camping & Hiking,Second Class,2,ON_HOLD,5,1499.900055,136.5
Oceania,Camping & Hiking,Second Class,2,PENDING,4,1199.920044,141.0
Oceania,Camping & Hiking,Second Class,2,PENDING_PAYMENT,18,5399.640198,666.0
Oceania,Camping & Hiking,Second Class,2,PROCESSING,2,599.960022,96.0
Oceania,Camping & Hiking,Second Class,2,SUSPECTED_FRAUD,1,299.980011,48.0
Oceania,Camping & Hiking,Standard Class,4,CANCELED,1,299.980011,9.0
Oceania,Camping & Hiking,Standard Class,4,CLOSED,38,11399.240418,1188.0
Oceania,Camping & Hiking,Standard Class,4,COMPLETE,117,35097.661286999995,3657.0
Oceania,Camping & Hiking,Standard Class,4,ON_HOLD,34,10199.320374,1086.0
Oceania,Camping & Hiking,Standard Class,4,PAYMENT_REVIEW,6,1799.880066,190.5
Oceania,Camping & Hiking,Standard Class,4,PENDING,9,2699.820099,366.0
Oceania,Camping & Hiking,Standard Class,4,PENDING_PAYMENT,61,18298.780671,1672.5
Oceania,Camping & Hiking,Standard Class,4,PROCESSING,12,3599.760132,465.0
Oceania,Camping & Hiking,Standard Class,4,SUSPECTED_FRAUD,1,299.980011,30.0
Oceania,Cardio Equipment,First Class,1,CANCELED,2,199.97999572,107.99000168
Oceania,Cardio Equipment,First Class,1,CLOSED,6,599.93998716,349.96999358
Oceania,Cardio Equipment,First Class,1,COMPLETE,13,1299.86997218,439.95999526
Oceania,Cardio Equipment,First Class,1,ON_HOLD,6,599.93998716,273.97000122
Oceania,Cardio Equipment,First Class,1,PENDING,3,299.96999358,81.99000168
Oceania,Cardio Equipment,First Class,1,PENDING_PAYMENT,15,1429.85997004,456.4699974
Oceania,Cardio Equipment,First Class,1,PROCESSING,6,599.93998716,180.47999954
Oceania,Cardio Equipment,First Class,1,SUSPECTED_FRAUD,1,99.98999786,15.0
Oceania,Cardio Equipment,Same Day,0,CLOSED,2,199.97999572,29.0
Oceania,Cardio Equipment,Same Day,0,COMPLETE,13,1299.86997218,436.45999908
Oceania,Cardio Equipment,Same Day,0,ON_HOLD,1,99.98999786,0.0
Oceania,Cardio Equipment,Same Day,0,PENDING_PAYMENT,7,699.92998502,281.47999572000003
Oceania,Cardio Equipment,Same Day,0,PROCESSING,3,299.96999358,71.0
Oceania,Cardio Equipment,Second Class,2,CLOSED,18,1799.81996148,544.47000126
Oceania,Cardio Equipment,Second Class,2,COMPLETE,45,4429.55990584,1440.88999174
Oceania,Cardio Equipment,Second Class,2,ON_HOLD,2,199.97999572,76.49000168
Oceania,Cardio Equipment,Second Class,2,PENDING_PAYMENT,19,1829.81996148,574.9699974
Oceania,Cardio Equipment,Second Class,2,PROCESSING,2,199.97999572,36.0
Oceania,Cardio Equipment,Second Class,2,SUSPECTED_FRAUD,1,99.98999786,25.0
Oceania,Cardio Equipment,Standard Class,4,CANCELED,2,199.97999572,130.4899979
Oceania,Cardio Equipment,Standard Class,4,CLOSED,30,2999.6999358000003,935.94999316
Oceania,Cardio Equipment,Standard Class,4,COMPLETE,75,7359.26984378,2138.639980992
Oceania,Cardio Equipment,Standard Class,4,ON_HOLD,18,1799.81996148,540.45999908
Oceania,Cardio Equipment,Standard Class,4,PAYMENT_REVIEW,1,99.98999786,24.0
Oceania,Cardio Equipment,Standard Class,4,PENDING,22,2129.78995506,712.94999698
Oceania,Cardio Equipment,Standard Class,4,PENDING_PAYMENT,35,3429.65992724,1127.62998873
Oceania,Cardio Equipment,Standard Class,4,PROCESSING,24,2399.75994864,683.4699974
Oceania,Cardio Equipment,Standard Class,4,SUSPECTED_FRAUD,2,199.97999572,39.0
Oceania,Children's Clothing,First Class,1,COMPLETE,1,357.1000061,17.86000061
Oceania,Children's Clothing,First Class,1,PENDING_PAYMENT,1,357.1000061,60.70999908
Oceania,Children's Clothing,Second Class,2,COMPLETE,1,357.1000061,60.70999908
Oceania,Children's Clothing,Second Class,2,ON_HOLD,1,357.1000061,89.27999878
Oceania,Children's Clothing,Second Class,2,PENDING_PAYMENT,1,357.1000061,53.5699997
Oceania,Children's Clothing,Standard Class,4,CLOSED,2,714.2000122,42.86000061
Oceania,Children's Clothing,Standard Class,4,COMPLETE,3,1071.3000183,55.349998713
Oceania,Children's Clothing,Standard Class,4,PENDING_PAYMENT,2,714.2000122,57.13999939
Oceania,Cleats,First Class,1,CANCELED,2,119.98000336,7.499999761
Oceania,Cleats,First Class,1,CLOSED,13,779.8700218399999,208.770004757
Oceania,Cleats,First Class,1,COMPLETE,32,1919.68005376,580.4200109349999
Oceania,Cleats,First Class,1,ON_HOLD,10,599.9000168,173.070002321
Oceania,Cleats,First Class,1,PAYMENT_REVIEW,4,239.96000672,80.39000153699999
Oceania,Cleats,First Class,1,PENDING,7,419.93001176,107.390002251
Oceania,Cleats,First Class,1,PENDING_PAYMENT,25,1499.750042,477.530007847
Oceania,Cleats,First Class,1,PROCESSING,3,179.97000504,31.199999335
Oceania,Cleats,First Class,1,SUSPECTED_FRAUD,1,59.99000168,32.38999939
Oceania,Cleats,Same Day,0,CLOSED,7,419.93001176,133.470001219
Oceania,Cleats,Same Day,0,COMPLETE,10,599.9000168,219.870003945
Oceania,Cleats,Same Day,0,ON_HOLD,4,239.96000672,92.990002155
Oceania,Cleats,Same Day,0,PENDING_PAYMENT,12,719.88002016,128.690001846
Oceania,Cleats,Same Day,0,PROCESSING,9,539.91001512,264.85000228900003
Oceania,Cleats,Second Class,2,CANCELED,1,59.99000168,15.60000038
Oceania,Cleats,Second Class,2,CLOSED,17,1019.83002856,430.750007165
Oceania,Cleats,Second Class,2,COMPLETE,78,4679.22013104,1435.640009284
Oceania,Cleats,Second Class,2,ON_HOLD,10,599.9000168,146.390000351
Oceania,Cleats,Second Class,2,PAYMENT_REVIEW,1,59.99000168,21.60000038
Oceania,Cleats,Second Class,2,PENDING,13,779.8700218399999,320.960006831
Oceania,Cleats,Second Class,2,PENDING_PAYMENT,40,2399.6000672,900.190009486
Oceania,Cleats,Second Class,2,PROCESSING,15,899.8500252,359.660004858
Oceania,Cleats,Second Class,2,SUSPECTED_FRAUD,1,59.99000168,21.60000038
Oceania,Cleats,Standard Class,4,CANCELED,2,119.98000336,10.199999809
Oceania,Cleats,Standard Class,4,CLOSED,48,2879.52008064,707.320008993
Oceania,Cleats,Standard Class,4,COMPLETE,149,8938.51025032,2767.770021951
Oceania,Cleats,Standard Class,4,ON_HOLD,17,1019.83002856,295.789998534
Oceania,Cleats,Standard Class,4,PAYMENT_REVIEW,8,479.92001344,189.569998267
Oceania,Cleats,Standard Class,4,PENDING,29,1739.71004872,795.47000993
Oceania,Cleats,Standard Class,4,PENDING_PAYMENT,89,5339.11014952,1317.180013666
Oceania,Cleats,Standard Class,4,PROCESSING,24,1439.76004032,641.91000462
Oceania,Cleats,Standard Class,4,SUSPECTED_FRAUD,3,179.97000504,125.97000313
Oceania,Computers,First Class,1,COMPLETE,1,1500.0,270.0
Oceania,Computers,First Class,1,PENDING_PAYMENT,1,1500.0,255.0
Oceania,Computers,Standard Class,4,CLOSED,2,3000.0,420.0
Oceania,Computers,Standard Class,4,COMPLETE,4,6000.0,180.0
Oceania,Computers,Standard Class,4,PENDING_PAYMENT,1,1500.0,15.0
Oceania,Consumer Electronics,First Class,1,CLOSED,2,505.7600098,55.640001773
Oceania,Consumer Electronics,First Class,1,PENDING_PAYMENT,1,252.8800049,17.70000076
Oceania,Consumer Electronics,First Class,1,PROCESSING,1,252.8800049,7.590000153
Oceania,Consumer Electronics,Standard Class,4,CLOSED,2,505.7600098,37.929998873
Oceania,Consumer Electronics,Standard Class,4,COMPLETE,5,1264.4000245,150.47000313
Oceania,Consumer Electronics,Standard Class,4,ON_HOLD,1,252.8800049,30.35000038
Oceania,Consumer Electronics,Standard Class,4,PENDING,1,252.8800049,5.059999943
Oceania,Consumer Electronics,Standard Class,4,PENDING_PAYMENT,3,758.6400146999999,63.230001691000005
Oceania,Consumer Electronics,Standard Class,4,PROCESSING,1,252.8800049,7.590000153
Oceania,Crafts,First Class,1,COMPLETE,1,461.480011,32.29999924
Oceania,Crafts,First Class,1,PENDING,1,461.480011,9.229999542
Oceania,Crafts,First Class,1,PENDING_PAYMENT,2,922.960022,41.52999878
Oceania,Crafts,Same Day,0,ON_HOLD,1,461.480011,18.45999908
Oceania,Crafts,Same Day,0,SUSPECTED_FRAUD,1,461.480011,23.0699997
Oceania,Crafts,Second Class,2,COMPLETE,2,922.960022,147.67000194
Oceania,Crafts,Second Class,2,ON_HOLD,1,461.480011,32.29999924
Oceania,Crafts,Second Class,2,PENDING_PAYMENT,1,461.480011,13.84000015
Oceania,Crafts,Standard Class,4,CLOSED,2,922.960022,78.45000077
Oceania,Crafts,Standard Class,4,COMPLETE,12,5537.760131999999,682.999999972
Oceania,Crafts,Standard Class,4,ON_HOLD,2,922.960022,161.51999665
Oceania,Crafts,Standard Class,4,PAYMENT_REVIEW,1,461.480011,55.38000107
Oceania,Crafts,Standard Class,4,PENDING_PAYMENT,3,1384.440033,177.67000389
Oceania,Crafts,Standard Class,4,PROCESSING,2,922.960022,124.600002242
Oceania,DVDs,First Class,1,CLOSED,1,164.3800049,14.78999996
Oceania,DVDs,First Class,1,COMPLETE,4,657.5200196,72.340000154
Oceania,DVDs,First Class,1,ON_HOLD,3,493.1400147,55.89999961
Oceania,DVDs,First Class,1,PENDING_PAYMENT,1,164.3800049,16.44000053
Oceania,DVDs,First Class,1,PROCESSING,1,164.3800049,16.44000053
Oceania,DVDs,Same Day,0,PENDING_PAYMENT,1,164.3800049,24.65999985
Oceania,DVDs,Second Class,2,CLOSED,1,164.3800049,41.09999847
Oceania,DVDs,Second Class,2,COMPLETE,6,986.2800294,44.379999403
Oceania,DVDs,Second Class,2,PENDING,1,164.3800049,3.289999962
Oceania,DVDs,Second Class,2,PENDING_PAYMENT,1,164.3800049,4.929999828
Oceania,DVDs,Standard Class,4,CLOSED,9,1479.4200440999998,169.31000136699998
Oceania,DVDs,Standard Class,4,COMPLETE,18,2958.8400882,297.539999477
Oceania,DVDs,Standard Class,4,ON_HOLD,7,1150.6600343,113.430003161
Oceania,DVDs,Standard Class,4,PENDING,1,164.3800049,27.94000053
Oceania,DVDs,Standard Class,4,PENDING_PAYMENT,6,986.2800294,93.69999933
Oceania,DVDs,Standard Class,4,PROCESSING,1,164.3800049,19.72999954
Oceania,Electronics,First Class,1,CLOSED,2,63.97999954,21.759999755
Oceania,Electronics,First Class,1,COMPLETE,5,171.95000076,56.389999211
Oceania,Electronics,First Class,1,PENDING_PAYMENT,5,192.95000267,28.72999996
Oceania,Electronics,First Class,1,PROCESSING,1,31.98999977,0.959999979
Oceania,Electronics,Same Day,0,CLOSED,1,31.98999977,4.800000191
Oceania,Electronics,Same Day,0,COMPLETE,5,171.95000076,51.869999406000005
Oceania,Electronics,Same Day,0,PROCESSING,2,63.97999954,7.680000186
Oceania,Electronics,Same Day,0,SUSPECTED_FRAUD,1,27.98999977,1.960000038
Oceania,Electronics,Second Class,2,CLOSED,2,63.97999954,55.97999954
Oceania,Electronics,Second Class,2,COMPLETE,12,449.88000488,218.040004498
Oceania,Electronics,Second Class,2,ON_HOLD,3,111.97000122,22.840000391
Oceania,Electronics,Second Class,2,PAYMENT_REVIEW,1,51.99000168,5.71999979
Oceania,Electronics,Second Class,2,PENDING_PAYMENT,6,256.94000626,40.630000228
Oceania,Electronics,Second Class,2,PROCESSING,2,79.98000145,11.200000405
Oceania,Electronics,Second Class,2,SUSPECTED_FRAUD,1,47.99000168,4.320000172
Oceania,Electronics,Standard Class,4,CLOSED,6,243.94000435,69.869999646
Oceania,Electronics,Standard Class,4,COMPLETE,28,1111.7200203,242.520001014
Oceania,Electronics,Standard Class,4,ON_HOLD,2,63.97999954,28.149999620000003
Oceania,Electronics,Standard Class,4,PENDING,2,63.97999954,16.0
Oceania,Electronics,Standard Class,4,PENDING_PAYMENT,14,572.86001015,126.570001727
Oceania,Electronics,Standard Class,4,PROCESSING,5,187.95000267,37.26000023
Oceania,Electronics,Standard Class,4,SUSPECTED_FRAUD,1,27.98999977,2.799999952
Oceania,Fishing,First Class,1,CANCELED,1,399.980011,72.0
Oceania,Fishing,First Class,1,CLOSED,4,1599.920044,140.0
Oceania,Fishing,First Class,1,COMPLETE,12,4799.760131999999,528.0
Oceania,Fishing,First Class,1,ON_HOLD,3,1199.940033,216.0
Oceania,Fishing,First Class,1,PENDING_PAYMENT,7,2799.860077,274.0
Oceania,Fishing,First Class,1,PROCESSING,2,799.960022,124.0
Oceania,Fishing,Same Day,0,COMPLETE,7,2799.860077,440.0
Oceania,Fishing,Same Day,0,PENDING_PAYMENT,1,399.980011,8.0
Oceania,Fishing,Same Day,0,PROCESSING,1,399.980011,40.0
Oceania,Fishing,Second Class,2,CLOSED,10,3999.80011,550.0
Oceania,Fishing,Second Class,2,COMPLETE,27,10799.460297,1030.0
Oceania,Fishing,Second Class,2,ON_HOLD,2,799.960022,38.0
Oceania,Fishing,Second Class,2,PENDING_PAYMENT,8,3199.840088,380.0
Oceania,Fishing,Second Class,2,PROCESSING,3,1199.940033,76.0
Oceania,Fishing,Standard Class,4,CANCELED,1,399.980011,8.0
Oceania,Fishing,Standard Class,4,CLOSED,17,6799.660187,870.0
Oceania,Fishing,Standard Class,4,COMPLETE,58,23198.840638,2382.0
Oceania,Fishing,Standard Class,4,ON_HOLD,10,3999.80011,438.0
Oceania,Fishing,Standard Class,4,PAYMENT_REVIEW,2,799.960022,72.0
Oceania,Fishing,Standard Class,4,PENDING,4,1599.920044,260.0
Oceania,Fishing,Standard Class,4,PENDING_PAYMENT,30,11999.40033,1156.0
Oceania,Fishing,Standard Class,4,PROCESSING,6,2399.880066,274.0
Oceania,Fitness Accessories,First Class,1,CANCELED,1,34.99000168,12.60000038
Oceania,Fitness Accessories,First Class,1,COMPLETE,1,34.99000168,5.25
Oceania,Fitness Accessories,Same Day,0,COMPLETE,1,34.99000168,2.099999905
Oceania,Fitness Accessories,Second Class,2,CANCELED,1,34.99000168,10.5
Oceania,Fitness Accessories,Second Class,2,CLOSED,1,34.99000168,0.349999994
Oceania,Fitness Accessories,Second Class,2,COMPLETE,2,69.98000336,39.88999939
Oceania,Fitness Accessories,Second Class,2,PENDING,1,34.99000168,3.150000095
Oceania,Fitness Accessories,Second Class,2,PROCESSING,1,34.99000168,3.150000095
Oceania,Fitness Accessories,Standard Class,4,COMPLETE,4,139.96000672,28.689999698
Oceania,Fitness Accessories,Standard Class,4,PENDING_PAYMENT,1,34.99000168,8.399999619
Oceania,Fitness Accessories,Standard Class,4,PROCESSING,1,34.99000168,0.0
Oceania,Garden,First Class,1,CLOSED,4,2130.3200684,199.71999741
Oceania,Garden,First Class,1,COMPLETE,3,1597.7400512999998,218.34999847
Oceania,Garden,First Class,1,PENDING_PAYMENT,5,2662.9000855,239.65999795
Oceania,Garden,Same Day,0,COMPLETE,1,532.5800171,10.64999962
Oceania,Garden,Same Day,0,PENDING_PAYMENT,1,532.5800171,79.88999939
Oceania,Garden,Second Class,2,COMPLETE,6,3195.4801026,391.449995
Oceania,Garden,Second Class,2,PENDING,1,532.5800171,0.0
Oceania,Garden,Second Class,2,PENDING_PAYMENT,1,532.5800171,26.62999916
Oceania,Garden,Second Class,2,PROCESSING,1,532.5800171,90.54000092
Oceania,Garden,Standard Class,4,CANCELED,1,532.5800171,53.25999832
Oceania,Garden,Standard Class,4,CLOSED,6,3195.4801026,351.49999614
Oceania,Garden,Standard Class,4,COMPLETE,18,9586.4403078,884.089994458
Oceania,Garden,Standard Class,4,ON_HOLD,6,3195.4801026,537.91998282
Oceania,Garden,Standard Class,4,PAYMENT_REVIEW,1,532.5800171,37.27999878
Oceania,Garden,Standard Class,4,PENDING,3,1597.7400512999998,133.149999624
Oceania,Garden,Standard Class,4,PENDING_PAYMENT,10,5325.800171,492.639986
Oceania,Garden,Standard Class,4,PROCESSING,2,1065.1600342,191.72999568
Oceania,Girls' Apparel,First Class,1,CLOSED,1,30.0,15.0
Oceania,Girls' Apparel,First Class,1,COMPLETE,4,195.0,36.499999288
Oceania,Girls' Apparel,First Class,1,PAYMENT_REVIEW,1,39.99000168,8.800000191
Oceania,Girls' Apparel,First Class,1,PROCESSING,1,30.0,4.800000191
Oceania,Girls' Apparel,Same Day,0,ON_HOLD,1,25.0,1.379999995
Oceania,Girls' Apparel,Same Day,0,PENDING_PAYMENT,1,70.0,31.5
Oceania,Girls' Apparel,Second Class,2,CANCELED,1,70.0,44.79999924
Oceania,Girls' Apparel,Second Class,2,COMPLETE,2,69.99000168,17.800000191
Oceania,Girls' Apparel,Second Class,2,PENDING_PAYMENT,1,70.0,11.55000019
Oceania,Girls' Apparel,Standard Class,4,CLOSED,3,139.99000168,63.100000024
Oceania,Girls' Apparel,Standard Class,4,COMPLETE,6,204.97000504,72.550000665
Oceania,Girls' Apparel,Standard Class,4,ON_HOLD,2,100.0,11.19999981
Oceania,Girls' Apparel,Standard Class,4,PENDING,1,39.99000168,23.98999977
Oceania,Girls' Apparel,Standard Class,4,PENDING_PAYMENT,3,94.99000168,46.0
Oceania,Girls' Apparel,Standard Class,4,PROCESSING,2,140.0,59.5
Oceania,Girls' Apparel,Standard Class,4,SUSPECTED_FRAUD,1,70.0,50.40000153
Oceania,Golf Apparel,First Class,1,PROCESSING,1,19.98999977,0.800000012
Oceania,Golf Apparel,Same Day,0,CANCELED,1,19.98999977,6.0
Oceania,Golf Apparel,Same Day,0,PENDING_PAYMENT,1,19.98999977,0.0
Oceania,Golf Apparel,Second Class,2,COMPLETE,1,19.98999977,9.0
Oceania,Golf Apparel,Second Class,2,ON_HOLD,1,19.98999977,1.200000048
Oceania,Golf Apparel,Second Class,2,PAYMENT_REVIEW,1,19.98999977,3.0
Oceania,Golf Apparel,Second Class,2,PENDING_PAYMENT,1,19.98999977,2.0
Oceania,Golf Apparel,Standard Class,4,COMPLETE,5,99.94999885,21.600000679
Oceania,Golf Apparel,Standard Class,4,PENDING,1,19.98999977,5.5
Oceania,Golf Apparel,Standard Class,4,PENDING_PAYMENT,2,39.97999954,4.000000119
Oceania,Golf Apparel,Standard Class,4,PROCESSING,1,19.98999977,2.799999952
Oceania,Golf Balls,First Class,1,COMPLETE,1,14.98999977,4.5
Oceania,Golf Balls,First Class,1,ON_HOLD,2,32.97999954,10.56000042
Oceania,Golf Balls,First Class,1,PENDING,1,14.98999977,8.989999771
Oceania,Golf Balls,First Class,1,PENDING_PAYMENT,2,37.97999954,2.700000048
Oceania,Golf Balls,First Class,1,PROCESSING,2,37.97999954,14.900000572
Oceania,Golf Balls,Same Day,0,CLOSED,1,17.98999977,10.78999996
Oceania,Golf Balls,Same Day,0,COMPLETE,1,17.98999977,0.0
Oceania,Golf Balls,Same Day,0,PENDING_PAYMENT,1,19.98999977,0.200000003
Oceania,Golf Balls,Second Class,2,CLOSED,3,54.969999310000006,12.68999958
Oceania,Golf Balls,Second Class,2,COMPLETE,11,183.88999747,56.539999901
Oceania,Golf Balls,Second Class,2,PENDING_PAYMENT,2,29.97999954,5.850000083
Oceania,Golf Balls,Second Class,2,PROCESSING,1,17.98999977,6.300000191
Oceania,Golf Balls,Standard Class,4,CANCELED,2,34.97999954,21.48999977
Oceania,Golf Balls,Standard Class,4,CLOSED,8,137.91999816,51.010000103
Oceania,Golf Balls,Standard Class,4,COMPLETE,18,306.81999586,83.789999034
Oceania,Golf Balls,Standard Class,4,ON_HOLD,3,49.969999310000006,31.829999564
Oceania,Golf Balls,Standard Class,4,PAYMENT_REVIEW,1,14.98999977,0.0
Oceania,Golf Balls,Standard Class,4,PENDING,3,52.969999310000006,16.98999977
Oceania,Golf Balls,Standard Class,4,PENDING_PAYMENT,6,99.93999862,33.089999794
Oceania,Golf Balls,Standard Class,4,PROCESSING,6,109.93999862,55.86999988
Oceania,Golf Balls,Standard Class,4,SUSPECTED_FRAUD,2,29.97999954,2.550000012
Oceania,Golf Gloves,First Class,1,CLOSED,1,39.99000168,8.0
Oceania,Golf Gloves,First Class,1,COMPLETE,1,24.98999977,18.73999977
Oceania,Golf Gloves,First Class,1,ON_HOLD,1,24.98999977,24.98999977
Oceania,Golf Gloves,First Class,1,PENDING,1,39.99000168,14.39999962
Oceania,Golf Gloves,First Class,1,PENDING_PAYMENT,1,9.989999771,4.5
Oceania,Golf Gloves,First Class,1,PROCESSING,1,9.989999771,5.989999771
Oceania,Golf Gloves,Same Day,0,COMPLETE,4,129.960004811,25.190000057
Oceania,Golf Gloves,Same Day,0,ON_HOLD,1,39.99000168,14.0
Oceania,Golf Gloves,Same Day,0,PENDING_PAYMENT,1,9.989999771,6.389999866
Oceania,Golf Gloves,Second Class,2,CLOSED,1,9.989999771,0.0
Oceania,Golf Gloves,Second Class,2,COMPLETE,4,99.960000991,30.73999977
Oceania,Golf Gloves,Second Class,2,PENDING_PAYMENT,4,129.9600029,15.349999905
Oceania,Golf Gloves,Second Class,2,PROCESSING,2,19.979999542,5.490000159
Oceania,Golf Gloves,Standard Class,4,CANCELED,1,24.98999977,0.0
Oceania,Golf Gloves,Standard Class,4,CLOSED,5,169.95000457999998,43.990000729
Oceania,Golf Gloves,Standard Class,4,COMPLETE,6,134.940002443,37.589999749
Oceania,Golf Gloves,Standard Class,4,PENDING,6,134.940002443,36.189999833
Oceania,Golf Gloves,Standard Class,4,PENDING_PAYMENT,8,259.920007711,89.919999596
Oceania,Golf Gloves,Standard Class,4,PROCESSING,2,64.98000145,8.0
Oceania,Golf Shoes,First Class,1,CLOSED,1,65.0,15.60000038
Oceania,Golf Shoes,First Class,1,PROCESSING,1,65.0,1.950000048
Oceania,Golf Shoes,Same Day,0,PENDING_PAYMENT,1,65.0,52.0
Oceania,Golf Shoes,Second Class,2,COMPLETE,3,195.0,55.89999962
Oceania,Golf Shoes,Second Class,2,ON_HOLD,1,65.0,46.79999924
Oceania,Golf Shoes,Standard Class,4,COMPLETE,2,130.0,39.000000951
Oceania,Health and Beauty,First Class,1,COMPLETE,6,1758.240051,161.15999986199998
Oceania,Health and Beauty,First Class,1,ON_HOLD,1,293.0400085,58.61000061
Oceania,Health and Beauty,First Class,1,PENDING,1,293.0400085,46.88999939
Oceania,Health and Beauty,First Class,1,PENDING_PAYMENT,1,293.0400085,16.12000084
Oceania,Health and Beauty,Same Day,0,CLOSED,1,293.0400085,8.789999962
Oceania,Health and Beauty,Same Day,0,SUSPECTED_FRAUD,1,293.0400085,58.61000061
Oceania,Health and Beauty,Second Class,2,CLOSED,1,293.0400085,52.75
Oceania,Health and Beauty,Second Class,2,COMPLETE,3,879.1200255,76.18999959
Oceania,Health and Beauty,Second Class,2,ON_HOLD,1,293.0400085,52.75
Oceania,Health and Beauty,Second Class,2,PENDING,1,293.0400085,8.789999962
Oceania,Health and Beauty,Second Class,2,PENDING_PAYMENT,2,586.080017,76.18999862999999
Oceania,Health and Beauty,Second Class,2,PROCESSING,1,293.0400085,49.8199997
Oceania,Health and Beauty,Standard Class,4,CLOSED,3,879.1200255,79.11999798
Oceania,Health and Beauty,Standard Class,4,COMPLETE,23,6739.9201955,514.250003366
Oceania,Health and Beauty,Standard Class,4,ON_HOLD,1,293.0400085,14.64999962
Oceania,Health and Beauty,Standard Class,4,PAYMENT_REVIEW,1,293.0400085,11.72000027
Oceania,Health and Beauty,Standard Class,4,PENDING,2,586.080017,84.98999786
Oceania,Health and Beauty,Standard Class,4,PENDING_PAYMENT,4,1172.160034,99.639998432
Oceania,Health and Beauty,Standard Class,4,PROCESSING,4,1172.160034,128.9299984
Oceania,Hockey,First Class,1,CLOSED,1,25.0,9.0
Oceania,Hockey,First Class,1,COMPLETE,1,25.0,3.75
Oceania,Hockey,First Class,1,PENDING_PAYMENT,1,25.0,2.0
Oceania,Hockey,Second Class,2,CANCELED,1,22.0,5.5
Oceania,Hockey,Second Class,2,CLOSED,1,25.0,15.0
Oceania,Hockey,Second Class,2,COMPLETE,4,97.0,7.850000024
Oceania,Hockey,Second Class,2,PENDING_PAYMENT,3,69.0,11.24000001
Oceania,Hockey,Standard Class,4,CLOSED,1,22.0,2.200000048
Oceania,Hockey,Standard Class,4,COMPLETE,10,232.0,49.300000606
Oceania,Hockey,Standard Class,4,ON_HOLD,4,94.0,21.379999995
Oceania,Hockey,Standard Class,4,PENDING,1,25.0,2.0
Oceania,Hockey,Standard Class,4,PENDING_PAYMENT,4,91.0,45.110000255
Oceania,Hockey,Standard Class,4,PROCESSING,5,113.0,48.289999011
Oceania,Hunting & Shooting,Second Class,2,CANCELED,1,29.98999977,4.5
Oceania,Hunting & Shooting,Second Class,2,COMPLETE,2,59.97999954,33.88999939
Oceania,Hunting & Shooting,Second Class,2,PENDING,1,29.98999977,0.899999976
Oceania,Hunting & Shooting,Second Class,2,PENDING_PAYMENT,1,29.98999977,15.0
Oceania,Hunting & Shooting,Standard Class,4,COMPLETE,4,119.95999908,21.28999996
Oceania,Hunting & Shooting,Standard Class,4,PENDING_PAYMENT,1,29.98999977,1.799999952
Oceania,Lacrosse,First Class,1,COMPLETE,1,24.98999977,0.0
Oceania,Lacrosse,Second Class,2,COMPLETE,2,49.97999954,24.98999977
Oceania,Lacrosse,Second Class,2,PENDING_PAYMENT,1,24.98999977,7.5
Oceania,Lacrosse,Standard Class,4,CLOSED,2,49.97999954,16.25
Oceania,Lacrosse,Standard Class,4,COMPLETE,2,49.97999954,14.0
Oceania,Lacrosse,Standard Class,4,PENDING_PAYMENT,1,24.98999977,10.0
Oceania,Lacrosse,Standard Class,4,PROCESSING,1,24.98999977,14.98999977
Oceania,Men's Clothing,First Class,1,PENDING_PAYMENT,3,632.5500183,80.13000106999999
Oceania,Men's Clothing,Same Day,0,CLOSED,1,210.8500061,18.97999954
Oceania,Men's Clothing,Second Class,2,CLOSED,1,210.8500061,10.53999996
Oceania,Men's Clothing,Second Class,2,COMPLETE,3,632.5500183,75.90999841
Oceania,Men's Clothing,Second Class,2,ON_HOLD,1,210.8500061,27.40999985
Oceania,Men's Clothing,Standard Class,4,CLOSED,3,632.5500183,42.180000304
Oceania,Men's Clothing,Standard Class,4,COMPLETE,13,2741.0500793,240.3600006
Oceania,Men's Clothing,Standard Class,4,ON_HOLD,3,632.5500183,46.389998675
Oceania,Men's Clothing,Standard Class,4,PENDING,2,421.7000122,33.739999774
Oceania,Men's Clothing,Standard Class,4,PENDING_PAYMENT,9,1897.6500549,168.689998629
Oceania,Men's Footwear,First Class,1,CANCELED,1,129.9900055,7.150000095
Oceania,Men's Footwear,First Class,1,CLOSED,8,1039.920044,130.649998906
Oceania,Men's Footwear,First Class,1,COMPLETE,43,5589.5702365,573.299997097
Oceania,Men's Footwear,First Class,1,ON_HOLD,7,909.9300385,98.799999952
Oceania,Men's Footwear,First Class,1,PAYMENT_REVIEW,2,259.980011,13.000000476
Oceania,Men's Footwear,First Class,1,PENDING,6,779.940033,28.600000379
Oceania,Men's Footwear,First Class,1,PENDING_PAYMENT,25,3249.7501375,333.449999336
Oceania,Men's Footwear,First Class,1,PROCESSING,3,389.9700165,66.29999924
Oceania,Men's Footwear,First Class,1,SUSPECTED_FRAUD,1,129.9900055,22.10000038
Oceania,Men's Footwear,Same Day,0,CLOSED,6,779.940033,115.69999886
Oceania,Men's Footwear,Same Day,0,COMPLETE,20,2599.80011,221.000000239
Oceania,Men's Footwear,Same Day,0,ON_HOLD,2,259.980011,54.60000038
Oceania,Men's Footwear,Same Day,0,PENDING_PAYMENT,7,909.9300385,92.30000114
Oceania,Men's Footwear,Same Day,0,PROCESSING,5,649.9500275,94.900000095
Oceania,Men's Footwear,Second Class,2,CLOSED,11,1429.8900605,127.399999383
Oceania,Men's Footwear,Second Class,2,COMPLETE,66,8579.340363,878.149994395
Oceania,Men's Footwear,Second Class,2,ON_HOLD,17,2209.8300935,178.749999523
Oceania,Men's Footwear,Second Class,2,PAYMENT_REVIEW,1,129.9900055,22.10000038
Oceania,Men's Footwear,Second Class,2,PENDING,5,649.9500275,43.549999952
Oceania,Men's Footwear,Second Class,2,PENDING_PAYMENT,38,4939.620209,571.349998717
Oceania,Men's Footwear,Second Class,2,PROCESSING,9,1169.9100495,78.000001664
Oceania,Men's Footwear,Standard Class,4,CANCELED,6,779.940033,59.800000666
Oceania,Men's Footwear,Standard Class,4,CLOSED,48,6239.520264,621.399995342
Oceania,Men's Footwear,Standard Class,4,COMPLETE,198,25738.021089,2746.899990348
Oceania,Men's Footwear,Standard Class,4,ON_HOLD,27,3509.7301485,416.650000096
Oceania,Men's Footwear,Standard Class,4,PAYMENT_REVIEW,4,519.960022,72.79999924
Oceania,Men's Footwear,Standard Class,4,PENDING,12,1559.880066,93.599997999
Oceania,Men's Footwear,Standard Class,4,PENDING_PAYMENT,123,15988.7706765,1717.949992679
Oceania,Men's Footwear,Standard Class,4,PROCESSING,14,1819.860077,208.649999146
Oceania,Men's Footwear,Standard Class,4,SUSPECTED_FRAUD,2,259.980011,28.60000038
Oceania,Music,First Class,1,CLOSED,2,521.2999878,78.19999694
Oceania,Music,First Class,1,COMPLETE,6,1563.8999634000002,172.030002833
Oceania,Music,First Class,1,PENDING,1,260.6499939,33.88000107
Oceania,Music,First Class,1,PENDING_PAYMENT,5,1303.2499695,106.870001085
Oceania,Music,First Class,1,PROCESSING,3,781.9499817000001,80.80999947000001
Oceania,Music,Same Day,0,COMPLETE,2,521.2999878,13.03000021
Oceania,Music,Same Day,0,PENDING_PAYMENT,2,521.2999878,72.97999954
Oceania,Music,Second Class,2,CLOSED,4,1042.5999756,62.56000042
Oceania,Music,Second Class,2,COMPLETE,11,2867.1499329000003,256.749998333
Oceania,Music,Second Class,2,ON_HOLD,3,781.9499817000001,84.72000122
Oceania,Music,Second Class,2,PAYMENT_REVIEW,1,260.6499939,26.0699997
Oceania,Music,Second Class,2,PENDING_PAYMENT,7,1824.5499573,239.79000759
Oceania,Music,Standard Class,4,CANCELED,1,260.6499939,46.91999817
Oceania,Music,Standard Class,4,CLOSED,4,1042.5999756,96.45000077
Oceania,Music,Standard Class,4,COMPLETE,7,1824.5499573,231.97999953
Oceania,Music,Standard Class,4,ON_HOLD,2,521.2999878,26.05999946
Oceania,Music,Standard Class,4,PAYMENT_REVIEW,1,260.6499939,33.88000107
Oceania,Music,Standard Class,4,PENDING,2,521.2999878,44.31000138
Oceania,Music,Standard Class,4,PENDING_PAYMENT,10,2606.4999390000003,345.36001204
Oceania,Music,Standard Class,4,PROCESSING,4,1042.5999756,127.720000268
Oceania,Pet Supplies,First Class,1,CANCELED,1,84.40000153,10.13000011
Oceania,Pet Supplies,First Class,1,CLOSED,2,168.80000306,16.880000351
Oceania,Pet Supplies,First Class,1,COMPLETE,9,759.60001377,75.540000678
Oceania,Pet Supplies,First Class,1,ON_HOLD,2,168.80000306,27.00999927
Oceania,Pet Supplies,First Class,1,PENDING,1,84.40000153,12.65999985
Oceania,Pet Supplies,First Class,1,PENDING_PAYMENT,1,84.40000153,13.5
Oceania,Pet Supplies,First Class,1,PROCESSING,2,168.80000306,9.289999961
Oceania,Pet Supplies,Same Day,0,CLOSED,4,337.60000612,23.629999461
Oceania,Pet Supplies,Same Day,0,COMPLETE,3,253.20000459,33.76000023
Oceania,Pet Supplies,Same Day,0,PENDING_PAYMENT,3,253.20000459,33.759999755
Oceania,Pet Supplies,Second Class,2,CLOSED,1,84.40000153,10.13000011
Oceania,Pet Supplies,Second Class,2,COMPLETE,8,675.20001224,43.049998757
Oceania,Pet Supplies,Second Class,2,ON_HOLD,1,84.40000153,14.35000038
Oceania,Pet Supplies,Second Class,2,PENDING,1,84.40000153,7.599999905
Oceania,Pet Supplies,Second Class,2,PENDING_PAYMENT,6,506.40000918,51.479999781
Oceania,Pet Supplies,Second Class,2,PROCESSING,3,253.20000459,16.879999938
Oceania,Pet Supplies,Standard Class,4,CLOSED,5,422.00000765,56.549997327
Oceania,Pet Supplies,Standard Class,4,COMPLETE,20,1688.0000306,175.959999138
Oceania,Pet Supplies,Standard Class,4,ON_HOLD,5,422.00000765,26.170000312
Oceania,Pet Supplies,Standard Class,4,PENDING_PAYMENT,8,675.20001224,67.509997485
Oceania,Pet Supplies,Standard Class,4,PROCESSING,1,84.40000153,8.43999958
Oceania,Pet Supplies,Standard Class,4,SUSPECTED_FRAUD,1,84.40000153,10.13000011
Oceania,Shop By Sport,First Class,1,CLOSED,7,279.93001176,79.990000245
Oceania,Shop By Sport,First Class,1,COMPLETE,19,739.83002856,226.460003257
Oceania,Shop By Sport,First Class,1,ON_HOLD,1,39.99000168,33.99000168
Oceania,Shop By Sport,First Class,1,PAYMENT_REVIEW,1,39.99000168,23.98999977
Oceania,Shop By Sport,First Class,1,PENDING,1,39.99000168,27.19000053
Oceania,Shop By Sport,First Class,1,PENDING_PAYMENT,9,359.91001512,89.389999777
Oceania,Shop By Sport,First Class,1,PROCESSING,2,79.98000336,6.800000012
Oceania,Shop By Sport,First Class,1,SUSPECTED_FRAUD,1,39.99000168,0.0
Oceania,Shop By Sport,Same Day,0,CLOSED,2,79.98000336,16.000000386
Oceania,Shop By Sport,Same Day,0,COMPLETE,7,279.93001176,108.369999167
Oceania,Shop By Sport,Same Day,0,ON_HOLD,1,39.99000168,0.400000006
Oceania,Shop By Sport,Same Day,0,PENDING_PAYMENT,5,189.96000672,87.780003065
Oceania,Shop By Sport,Second Class,2,CLOSED,4,159.96000672,36.400000569
Oceania,Shop By Sport,Second Class,2,COMPLETE,40,1569.63006216,498.350006878
Oceania,Shop By Sport,Second Class,2,ON_HOLD,5,199.9500084,40.000000714
Oceania,Shop By Sport,Second Class,2,PAYMENT_REVIEW,1,39.99000168,6.0
Oceania,Shop By Sport,Second Class,2,PENDING,2,79.98000336,25.589999794
Oceania,Shop By Sport,Second Class,2,PENDING_PAYMENT,20,799.8000336,261.94000307700003
Oceania,Shop By Sport,Second Class,2,PROCESSING,9,349.92001344,76.090000269
Oceania,Shop By Sport,Standard Class,4,CANCELED,1,39.99000168,23.98999977
Oceania,Shop By Sport,Standard Class,4,CLOSED,27,1059.750042,329.25000328
Oceania,Shop By Sport,Standard Class,4,COMPLETE,64,2529.39010248,918.520006111
Oceania,Shop By Sport,Standard Class,4,ON_HOLD,14,559.86002352,84.20000019700001
Oceania,Shop By Sport,Standard Class,4,PENDING,18,719.8200302399999,264.350002529
Oceania,Shop By Sport,Standard Class,4,PENDING_PAYMENT,31,1209.72004704,323.67000002
Oceania,Shop By Sport,Standard Class,4,PROCESSING,16,639.84002688,211.159999187
Oceania,Shop By Sport,Standard Class,4,SUSPECTED_FRAUD,5,199.9500084,58.389999627
Oceania,Sporting Goods,First Class,1,CLOSED,1,327.75,13.10999966
Oceania,Sporting Goods,First Class,1,COMPLETE,3,983.25,45.88999844
Oceania,Sporting Goods,First Class,1,ON_HOLD,1,327.75,16.38999939
Oceania,Sporting Goods,First Class,1,PENDING_PAYMENT,1,327.75,39.33000183
Oceania,Sporting Goods,First Class,1,PROCESSING,1,327.75,13.10999966
Oceania,Sporting Goods,Same Day,0,CANCELED,1,327.75,22.94000053
Oceania,Sporting Goods,Same Day,0,CLOSED,2,655.5,81.94000052999999
Oceania,Sporting Goods,Same Day,0,COMPLETE,3,983.25,126.19000054
Oceania,Sporting Goods,Same Day,0,PENDING,1,327.75,55.72000122
Oceania,Sporting Goods,Same Day,0,SUSPECTED_FRAUD,1,327.75,65.55000305
Oceania,Sporting Goods,Second Class,2,CANCELED,1,327.75,32.77999878
Oceania,Sporting Goods,Second Class,2,CLOSED,1,327.75,13.10999966
Oceania,Sporting Goods,Second Class,2,COMPLETE,9,2949.75,281.880002034
Oceania,Sporting Goods,Second Class,2,ON_HOLD,3,983.25,75.390001773
Oceania,Sporting Goods,Second Class,2,PAYMENT_REVIEW,1,327.75,32.77999878
Oceania,Sporting Goods,Second Class,2,PENDING,4,1311.0,160.60000229000002
Oceania,Sporting Goods,Second Class,2,PENDING_PAYMENT,2,655.5,27.860000614
Oceania,Sporting Goods,Second Class,2,PROCESSING,1,327.75,42.61000061
Oceania,Sporting Goods,Second Class,2,SUSPECTED_FRAUD,1,327.75,39.33000183
Oceania,Sporting Goods,Standard Class,4,CANCELED,3,983.25,52.449998383
Oceania,Sporting Goods,Standard Class,4,CLOSED,6,1966.5,250.740004781
Oceania,Sporting Goods,Standard Class,4,COMPLETE,16,5244.0,609.629999164
Oceania,Sporting Goods,Standard Class,4,ON_HOLD,1,327.75,0.0
Oceania,Sporting Goods,Standard Class,4,PAYMENT_REVIEW,2,655.5,88.5
Oceania,Sporting Goods,Standard Class,4,PENDING,8,2622.0,278.60000611
Oceania,Sporting Goods,Standard Class,4,PENDING_PAYMENT,8,2622.0,219.609996081
Oceania,Sporting Goods,Standard Class,4,PROCESSING,5,1638.75,116.350002294
Oceania,Sporting Goods,Standard Class,4,SUSPECTED_FRAUD,2,655.5,101.61000061
Oceania,Tennis & Racquet,Second Class,2,COMPLETE,1,44.99000168,21.60000038
Oceania,Tennis & Racquet,Standard Class,4,CLOSED,1,44.99000168,5.400000095
Oceania,Tennis & Racquet,Standard Class,4,COMPLETE,6,269.94001008,89.300000379
Oceania,Tennis & Racquet,Standard Class,4,ON_HOLD,1,44.99000168,0.899999976
Oceania,Tennis & Racquet,Standard Class,4,PENDING,1,44.99000168,32.38999939
Oceania,Toys,First Class,1,CANCELED,1,11.53999996,0.0
Oceania,Toys,First Class,1,CLOSED,2,23.07999992,3.110000014
Oceania,Toys,First Class,1,COMPLETE,10,115.3999996,14.600000053
Oceania,Toys,First Class,1,ON_HOLD,2,23.07999992,0.469999991
Oceania,Toys,First Class,1,PENDING,4,46.15999984,4.970000058
Oceania,Toys,First Class,1,PENDING_PAYMENT,6,69.23999975999999,3.700000024
Oceania,Toys,First Class,1,PROCESSING,5,57.6999998,4.449999958
Oceania,Toys,Same Day,0,COMPLETE,4,46.15999984,4.72999987
Oceania,Toys,Same Day,0,PENDING_PAYMENT,1,11.53999996,0.579999983
Oceania,Toys,Same Day,0,PROCESSING,1,11.53999996,1.730000019
Oceania,Toys,Second Class,2,CANCELED,2,23.07999992,0.230000004
Oceania,Toys,Second Class,2,CLOSED,4,46.15999984,2.139999955
Oceania,Toys,Second Class,2,COMPLETE,10,115.3999996,12.819999932
Oceania,Toys,Second Class,2,ON_HOLD,1,11.53999996,0.230000004
Oceania,Toys,Second Class,2,PENDING,4,46.15999984,5.77000004
Oceania,Toys,Second Class,2,PENDING_PAYMENT,4,46.15999984,3.17999991
Oceania,Toys,Second Class,2,PROCESSING,1,11.53999996,0.349999994
Oceania,Toys,Standard Class,4,CANCELED,2,23.07999992,2.42999994
Oceania,Toys,Standard Class,4,CLOSED,8,92.31999968,9.669999956
Oceania,Toys,Standard Class,4,COMPLETE,25,288.499999,31.959999931
Oceania,Toys,Standard Class,4,ON_HOLD,6,69.23999975999999,8.890000223
Oceania,Toys,Standard Class,4,PAYMENT_REVIEW,1,11.53999996,0.579999983
Oceania,Toys,Standard Class,4,PENDING,5,57.6999998,7.610000073
Oceania,Toys,Standard Class,4,PENDING_PAYMENT,19,219.25999924,19.019999682
Oceania,Toys,Standard Class,4,PROCESSING,5,57.6999998,5.480000011
Oceania,Toys,Standard Class,4,SUSPECTED_FRAUD,2,23.07999992,2.42999994
Oceania,Trade-In,First Class,1,CLOSED,1,15.98999977,7.679999828
Oceania,Trade-In,First Class,1,COMPLETE,4,63.95999908,19.509999302
Oceania,Trade-In,First Class,1,PROCESSING,1,21.98999977,10.56000042
Oceania,Trade-In,Same Day,0,COMPLETE,3,47.969999310000006,13.190000292
Oceania,Trade-In,Same Day,0,PENDING_PAYMENT,1,15.98999977,2.24000001
Oceania,Trade-In,Second Class,2,CLOSED,1,21.98999977,0.219999999
Oceania,Trade-In,Second Class,2,COMPLETE,7,117.92999839,36.459999741
Oceania,Trade-In,Second Class,2,PENDING_PAYMENT,3,53.969999310000006,11.219999969
Oceania,Trade-In,Second Class,2,PROCESSING,1,21.98999977,5.28000021
Oceania,Trade-In,Standard Class,4,COMPLETE,7,129.92999839,35.839999919
Oceania,Trade-In,Standard Class,4,ON_HOLD,2,37.97999954,18.629999637
Oceania,Trade-In,Standard Class,4,PENDING,1,15.98999977,8.31000042
Oceania,Trade-In,Standard Class,4,PENDING_PAYMENT,7,123.92999839,29.21000072
Oceania,Trade-In,Standard Class,4,PROCESSING,3,53.969999310000006,20.160000563
Oceania,Video Games,First Class,1,CLOSED,5,198.75,25.649999618
Oceania,Video Games,First Class,1,COMPLETE,9,357.75,38.369999407
Oceania,Video Games,First Class,1,PENDING_PAYMENT,1,39.75,7.949999809
Oceania,Video Games,First Class,1,PROCESSING,1,39.75,0.0
Oceania,Video Games,Same Day,0,CANCELED,1,39.75,7.159999847
Oceania,Video Games,Same Day,0,CLOSED,1,39.75,4.769999981
Oceania,Video Games,Same Day,0,COMPLETE,5,198.75,31.209999322
Oceania,Video Games,Same Day,0,PENDING_PAYMENT,2,79.5,11.130000114
Oceania,Video Games,Second Class,2,CANCELED,1,39.75,6.360000134
Oceania,Video Games,Second Class,2,CLOSED,7,278.25,19.869999944
Oceania,Video Games,Second Class,2,COMPLETE,13,516.75,58.839999735
Oceania,Video Games,Second Class,2,PENDING,1,39.75,5.170000076
Oceania,Video Games,Second Class,2,PENDING_PAYMENT,4,159.0,22.260000229
Oceania,Video Games,Second Class,2,PROCESSING,1,39.75,1.99000001
Oceania,Video Games,Standard Class,4,CANCELED,2,79.5,2.790000022
Oceania,Video Games,Standard Class,4,CLOSED,14,556.5,32.400000213
Oceania,Video Games,Standard Class,4,COMPLETE,27,1073.25,105.199998496
Oceania,Video Games,Standard Class,4,ON_HOLD,5,198.75,26.049999952
Oceania,Video Games,Standard Class,4,PENDING,1,39.75,1.590000033
Oceania,Video Games,Standard Class,4,PENDING_PAYMENT,13,516.75,51.300000428
Oceania,Video Games,Standard Class,4,PROCESSING,1,39.75,0.400000006
Oceania,Water Sports,First Class,1,CANCELED,5,999.9500275,31.0
Oceania,Water Sports,First Class,1,CLOSED,8,1599.920044,280.0
Oceania,Water Sports,First Class,1,COMPLETE,40,7999.60022,1010.0
Oceania,Water Sports,First Class,1,ON_HOLD,7,1399.9300385,180.0
Oceania,Water Sports,First Class,1,PAYMENT_REVIEW,2,399.980011,44.0
Oceania,Water Sports,First Class,1,PENDING,9,1799.9100495,230.0
Oceania,Water Sports,First Class,1,PENDING_PAYMENT,23,4599.7701265,472.0
Oceania,Water Sports,First Class,1,PROCESSING,12,2399.880066,392.0
Oceania,Water Sports,First Class,1,SUSPECTED_FRAUD,4,799.960022,59.0
Oceania,Water Sports,Same Day,0,CANCELED,2,399.980011,54.0
Oceania,Water Sports,Same Day,0,CLOSED,5,999.9500275,122.0
Oceania,Water Sports,Same Day,0,COMPLETE,15,2999.8500825,297.0
Oceania,Water Sports,Same Day,0,ON_HOLD,1,199.9900055,14.0
Oceania,Water Sports,Same Day,0,PENDING,5,999.9500275,190.0
Oceania,Water Sports,Same Day,0,PENDING_PAYMENT,8,1599.920044,156.0
Oceania,Water Sports,Same Day,0,PROCESSING,4,799.960022,46.0
Oceania,Water Sports,Same Day,0,SUSPECTED_FRAUD,2,399.980011,2.0
Oceania,Water Sports,Second Class,2,CANCELED,1,199.9900055,6.0
Oceania,Water Sports,Second Class,2,CLOSED,19,3799.8101045,405.0
Oceania,Water Sports,Second Class,2,COMPLETE,48,9599.520264,863.0
Oceania,Water Sports,Second Class,2,ON_HOLD,8,1599.920044,148.0
Oceania,Water Sports,Second Class,2,PAYMENT_REVIEW,1,199.9900055,11.0
Oceania,Water Sports,Second Class,2,PENDING,16,3199.840088,294.0
Oceania,Water Sports,Second Class,2,PENDING_PAYMENT,39,7799.610214499999,860.0
Oceania,Water Sports,Second Class,2,PROCESSING,16,3199.840088,334.0
Oceania,Water Sports,Second Class,2,SUSPECTED_FRAUD,1,199.9900055,40.0
Oceania,Water Sports,Standard Class,4,CANCELED,5,999.9500275,96.0
Oceania,Water Sports,Standard Class,4,CLOSED,55,10999.4503025,1127.0
Oceania,Water Sports,Standard Class,4,COMPLETE,146,29198.540803,2881.0
Oceania,Water Sports,Standard Class,4,ON_HOLD,26,5199.740143,470.0
Oceania,Water Sports,Standard Class,4,PAYMENT_REVIEW,3,599.9700164999999,96.0
Oceania,Water Sports,Standard Class,4,PENDING,47,9399.5302585,932.0
Oceania,Water Sports,Standard Class,4,PENDING_PAYMENT,110,21998.900605,2377.0
Oceania,Water Sports,Standard Class,4,PROCESSING,60,11999.40033,1315.0
Oceania,Water Sports,Standard Class,4,SUSPECTED_FRAUD,11,2199.8900605,288.0
Oceania,Women's Apparel,First Class,1,CANCELED,3,150.0,30.5
Oceania,Women's Apparel,First Class,1,CLOSED,10,500.0,180.0
Oceania,Women's Apparel,First Class,1,COMPLETE,35,1750.0,547.5
Oceania,Women's Apparel,First Class,1,ON_HOLD,6,300.0,85.0
Oceania,Women's Apparel,First Class,1,PAYMENT_REVIEW,4,200.0,69.25
Oceania,Women's Apparel,First Class,1,PENDING,2,100.0,8.5
Oceania,Women's Apparel,First Class,1,PENDING_PAYMENT,22,1100.0,255.0
Oceania,Women's Apparel,First Class,1,PROCESSING,1,50.0,32.5
Oceania,Women's Apparel,First Class,1,SUSPECTED_FRAUD,2,100.0,44.5
Oceania,Women's Apparel,Same Day,0,CLOSED,9,450.0,119.0
Oceania,Women's Apparel,Same Day,0,COMPLETE,13,650.0,212.25
Oceania,Women's Apparel,Same Day,0,ON_HOLD,3,150.0,62.75
Oceania,Women's Apparel,Same Day,0,PENDING_PAYMENT,18,900.0,263.0
Oceania,Women's Apparel,Same Day,0,PROCESSING,2,100.0,36.0
Oceania,Women's Apparel,Second Class,2,CANCELED,1,50.0,15.0
Oceania,Women's Apparel,Second Class,2,CLOSED,19,950.0,333.5
Oceania,Women's Apparel,Second Class,2,COMPLETE,64,3200.0,815.25
Oceania,Women's Apparel,Second Class,2,ON_HOLD,7,350.0,116.5
Oceania,Women's Apparel,Second Class,2,PAYMENT_REVIEW,3,150.0,12.0
Oceania,Women's Apparel,Second Class,2,PENDING,6,300.0,74.0
Oceania,Women's Apparel,Second Class,2,PENDING_PAYMENT,38,1900.0,459.75
Oceania,Women's Apparel,Second Class,2,PROCESSING,3,150.0,45.5
Oceania,Women's Apparel,Second Class,2,SUSPECTED_FRAUD,1,50.0,42.5
Oceania,Women's Apparel,Standard Class,4,CLOSED,49,2450.0,664.5
Oceania,Women's Apparel,Standard Class,4,COMPLETE,132,6600.0,1871.5
Oceania,Women's Apparel,Standard Class,4,ON_HOLD,27,1350.0,283.75
Oceania,Women's Apparel,Standard Class,4,PENDING,26,1300.0,679.25
Oceania,Women's Apparel,Standard Class,4,PENDING_PAYMENT,79,3950.0,1165.75
Oceania,Women's Apparel,Standard Class,4,PROCESSING,23,1150.0,391.0
Oceania,Women's Apparel,Standard Class,4,SUSPECTED_FRAUD,7,350.0,176.75
Oceania,Women's Clothing,First Class,1,CLOSED,3,647.4600218999999,47.479999544
Oceania,Women's Clothing,First Class,1,COMPLETE,5,1079.1000365,120.859998936
Oceania,Women's Clothing,First Class,1,PENDING,1,215.8200073,15.10999966
Oceania,Women's Clothing,First Class,1,PENDING_PAYMENT,5,1079.1000365,127.33999538
Oceania,Women's Clothing,First Class,1,PROCESSING,1,215.8200073,2.160000086
Oceania,Women's Clothing,Same Day,0,CANCELED,1,215.8200073,0.0
Oceania,Women's Clothing,Same Day,0,CLOSED,2,431.6400146,64.73999977
Oceania,Women's Clothing,Same Day,0,COMPLETE,1,215.8200073,19.42000008
Oceania,Women's Clothing,Same Day,0,PROCESSING,1,215.8200073,8.630000114
Oceania,Women's Clothing,Second Class,2,CLOSED,3,647.4600218999999,21.589999918
Oceania,Women's Clothing,Second Class,2,COMPLETE,12,2589.8400876,304.299992088
Oceania,Women's Clothing,Second Class,2,ON_HOLD,4,863.2800292,75.5299983
Oceania,Women's Clothing,Second Class,2,PENDING,1,215.8200073,0.0
Oceania,Women's Clothing,Second Class,2,PENDING_PAYMENT,3,647.4600218999999,40.99999857
Oceania,Women's Clothing,Second Class,2,PROCESSING,1,215.8200073,6.46999979
Oceania,Women's Clothing,Second Class,2,SUSPECTED_FRAUD,1,215.8200073,11.86999989
Oceania,Women's Clothing,Standard Class,4,CLOSED,5,1079.1000365,133.79999828
Oceania,Women's Clothing,Standard Class,4,COMPLETE,33,7122.060240899999,863.269985922
Oceania,Women's Clothing,Standard Class,4,ON_HOLD,7,1510.7400510999998,186.689996722
Oceania,Women's Clothing,Standard Class,4,PAYMENT_REVIEW,1,215.8200073,0.0
Oceania,Women's Clothing,Standard Class,4,PENDING,5,1079.1000365,102.50999833
Oceania,Women's Clothing,Standard Class,4,PENDING_PAYMENT,15,3237.3001095,418.6899917
Oceania,Women's Clothing,Standard Class,4,PROCESSING,3,647.4600218999999,49.62999821
Oceania,Women's Clothing,Standard Class,4,SUSPECTED_FRAUD,1,215.8200073,38.84999847
South America,Accessories,First Class,1,CANCELED,1,24.98999977,24.98999977
South America,Accessories,First Class,1,CLOSED,2,49.97999954,9.0
South America,Accessories,First Class,1,COMPLETE,10,249.8999977,71.349999545
South America,Accessories,First Class,1,ON_HOLD,1,24.98999977,2.25
South America,Accessories,First Class,1,PENDING,1,24.98999977,5.0
South America,Accessories,First Class,1,PENDING_PAYMENT,1,24.98999977,18.73999977
South America,Accessories,First Class,1,PROCESSING,1,24.98999977,0.0
South America,Accessories,Same Day,0,COMPLETE,1,24.98999977,2.5
South America,Accessories,Same Day,0,PENDING_PAYMENT,4,99.95999908,30.23999977
South America,Accessories,Second Class,2,CLOSED,1,24.98999977,1.5
South America,Accessories,Second Class,2,COMPLETE,2,49.97999954,16.25
South America,Accessories,Second Class,2,PENDING,1,24.98999977,31.23999977
South America,Accessories,Second Class,2,PENDING_PAYMENT,3,74.96999931,26.0
South America,Accessories,Second Class,2,PROCESSING,2,49.97999954,28.72999954
South America,Accessories,Second Class,2,SUSPECTED_FRAUD,1,24.98999977,10.0
South America,Accessories,Standard Class,4,CLOSED,9,224.90999793,98.70999908
South America,Accessories,Standard Class,4,COMPLETE,19,474.80999563,147.19999885
South America,Accessories,Standard Class,4,ON_HOLD,3,74.96999931,25.23999977
South America,Accessories,Standard Class,4,PENDING,5,124.94999885,68.96999931
South America,Accessories,Standard Class,4,PENDING_PAYMENT,8,199.91999816,43.23999977
South America,Accessories,Standard Class,4,PROCESSING,7,174.92999839,71.46999931
South America,Accessories,Standard Class,4,SUSPECTED_FRAUD,1,24.98999977,1.370000005
South America,As Seen on  TV!,First Class,1,CANCELED,1,99.98999786,8.0
South America,As Seen on  TV!,First Class,1,ON_HOLD,1,99.98999786,4.0
South America,As Seen on  TV!,Second Class,2,COMPLETE,1,99.98999786,13.0
South America,As Seen on  TV!,Standard Class,4,CLOSED,1,99.98999786,0.0
South America,As Seen on  TV!,Standard Class,4,PENDING,1,99.98999786,20.0
South America,As Seen on  TV!,Standard Class,4,PENDING_PAYMENT,1,99.98999786,5.5
South America,Baseball & Softball,First Class,1,CLOSED,1,34.99000168,1.049999952
South America,Baseball & Softball,First Class,1,COMPLETE,3,229.97000886,34.900000808
South America,Baseball & Softball,First Class,1,PENDING,2,119.98000336,73.18999862999999
South America,Baseball & Softball,Same Day,0,COMPLETE,1,34.99000168,5.25
South America,Baseball & Softball,Second Class,2,CLOSED,2,94.98000336,25.189999579
South America,Baseball & Softball,Second Class,2,COMPLETE,3,254.97000886,57.74000168
South America,Baseball & Softball,Second Class,2,PENDING_PAYMENT,1,59.99000168,0.0
South America,Baseball & Softball,Standard Class,4,CLOSED,5,249.9500084,107.580002788
South America,Baseball & Softball,Standard Class,4,COMPLETE,7,344.93001176,95.040001752
South America,Baseball & Softball,Standard Class,4,ON_HOLD,1,159.9900055,14.39999962
South America,Baseball & Softball,Standard Class,4,PAYMENT_REVIEW,1,159.9900055,40.0
South America,Baseball & Softball,Standard Class,4,PENDING,1,159.9900055,0.0
South America,Baseball & Softball,Standard Class,4,PENDING_PAYMENT,7,494.93001558,78.65000057099999
South America,Baseball & Softball,Standard Class,4,PROCESSING,5,274.9500084,149.97000313
South America,Boxing & MMA,First Class,1,CANCELED,1,54.97000122,10.98999977
South America,Boxing & MMA,First Class,1,CLOSED,1,54.97000122,46.72000122
South America,Boxing & MMA,First Class,1,COMPLETE,4,299.91999816,108.839997765
South America,Boxing & MMA,First Class,1,PENDING,1,94.98999786,22.79999924
South America,Boxing & MMA,First Class,1,PENDING_PAYMENT,2,184.97999572,28.899999619
South America,Boxing & MMA,First Class,1,PROCESSING,1,89.98999786,0.899999976
South America,Boxing & MMA,Same Day,0,PENDING_PAYMENT,1,94.98999786,3.799999952
South America,Boxing & MMA,Second Class,2,PENDING_PAYMENT,1,54.97000122,43.97999954
South America,Boxing & MMA,Standard Class,4,CLOSED,1,94.98999786,6.650000095
South America,Boxing & MMA,Standard Class,4,COMPLETE,6,479.89999388,180.38999795
South America,Boxing & MMA,Standard Class,4,PENDING,1,54.97000122,4.400000095
South America,Boxing & MMA,Standard Class,4,PENDING_PAYMENT,2,144.95999908,41.3900013
South America,Boxing & MMA,Standard Class,4,PROCESSING,1,89.98999786,112.4899979
South America,Boxing & MMA,Standard Class,4,SUSPECTED_FRAUD,1,94.98999786,8.550000191
South America,Camping & Hiking,First Class,1,CANCELED,4,1199.920044,147.0
South America,Camping & Hiking,First Class,1,CLOSED,15,4499.700165,325.5
South America,Camping & Hiking,First Class,1,COMPLETE,38,11399.240418,1134.0
South America,Camping & Hiking,First Class,1,ON_HOLD,6,1799.880066,141.0
South America,Camping & Hiking,First Class,1,PAYMENT_REVIEW,1,299.980011,6.0
South America,Camping & Hiking,First Class,1,PENDING,8,2399.840088,183.0
South America,Camping & Hiking,First Class,1,PENDING_PAYMENT,32,9599.360352,862.5
South America,Camping & Hiking,First Class,1,PROCESSING,6,1799.880066,148.5
South America,Camping & Hiking,First Class,1,SUSPECTED_FRAUD,3,899.940033,115.5
South America,Camping & Hiking,Same Day,0,CLOSED,13,3899.740143,409.5
South America,Camping & Hiking,Same Day,0,COMPLETE,14,4199.720154,523.5
South America,Camping & Hiking,Same Day,0,ON_HOLD,2,599.960022,54.0
South America,Camping & Hiking,Same Day,0,PENDING,2,599.960022,70.5
South America,Camping & Hiking,Same Day,0,PENDING_PAYMENT,21,6299.580231,792.0
South America,Camping & Hiking,Same Day,0,PROCESSING,1,299.980011,45.0
South America,Camping & Hiking,Second Class,2,CLOSED,24,7199.520264,676.5
South America,Camping & Hiking,Second Class,2,COMPLETE,75,22498.500825,2542.5
South America,Camping & Hiking,Second Class,2,ON_HOLD,8,2399.840088,220.5
South America,Camping & Hiking,Second Class,2,PAYMENT_REVIEW,3,899.940033,129.0
South America,Camping & Hiking,Second Class,2,PENDING,9,2699.820099,270.0
South America,Camping & Hiking,Second Class,2,PENDING_PAYMENT,36,10799.280396,918.0
South America,Camping & Hiking,Second Class,2,PROCESSING,5,1499.900055,189.0
South America,Camping & Hiking,Second Class,2,SUSPECTED_FRAUD,1,299.980011,54.0
South America,Camping & Hiking,Standard Class,4,CANCELED,6,1799.880066,165.0
South America,Camping & Hiking,Standard Class,4,CLOSED,57,17098.860627,1594.5
South America,Camping & Hiking,Standard Class,4,COMPLETE,180,53996.40198,5056.5
South America,Camping & Hiking,Standard Class,4,ON_HOLD,22,6599.560242,738.0
South America,Camping & Hiking,Standard Class,4,PAYMENT_REVIEW,7,2099.860077,262.5
South America,Camping & Hiking,Standard Class,4,PENDING,22,6599.560242,756.0
South America,Camping & Hiking,Standard Class,4,PENDING_PAYMENT,112,33597.761232,3651.0
South America,Camping & Hiking,Standard Class,4,PROCESSING,21,6299.580231,549.0
South America,Camping & Hiking,Standard Class,4,SUSPECTED_FRAUD,7,2099.860077,177.0
South America,Cardio Equipment,First Class,1,CANCELED,3,299.96999358,58.0
South America,Cardio Equipment,First Class,1,CLOSED,15,1429.85997004,562.869997495
South America,Cardio Equipment,First Class,1,COMPLETE,40,3999.5999144,1265.3999901
South America,Cardio Equipment,First Class,1,ON_HOLD,7,699.92998502,230.98999786
South America,Cardio Equipment,First Class,1,PAYMENT_REVIEW,1,99.98999786,16.5
South America,Cardio Equipment,First Class,1,PENDING,7,699.92998502,388.4699974
South America,Cardio Equipment,First Class,1,PENDING_PAYMENT,26,2459.75994864,584.96999358
South America,Cardio Equipment,First Class,1,PROCESSING,9,899.90998074,357.9699974
South America,Cardio Equipment,First Class,1,SUSPECTED_FRAUD,3,299.96999358,96.99000168
South America,Cardio Equipment,Same Day,0,CANCELED,1,99.98999786,22.0
South America,Cardio Equipment,Same Day,0,CLOSED,14,1399.85997004,388.47999572
South America,Cardio Equipment,Same Day,0,COMPLETE,16,1599.83996576,492.4699974
South America,Cardio Equipment,Same Day,0,PENDING,3,299.96999358,59.0
South America,Cardio Equipment,Same Day,0,PENDING_PAYMENT,12,1199.87997432,313.99000168
South America,Cardio Equipment,Same Day,0,PROCESSING,1,99.98999786,25.0
South America,Cardio Equipment,Same Day,0,SUSPECTED_FRAUD,1,99.98999786,40.0
South America,Cardio Equipment,Second Class,2,CANCELED,2,199.97999572,29.5
South America,Cardio Equipment,Second Class,2,CLOSED,17,1629.83996576,729.529993041
South America,Cardio Equipment,Second Class,2,COMPLETE,56,5599.43988016,1564.37999728
South America,Cardio Equipment,Second Class,2,ON_HOLD,8,729.92998502,234.4899979
South America,Cardio Equipment,Second Class,2,PAYMENT_REVIEW,3,299.96999358,34.0
South America,Cardio Equipment,Second Class,2,PENDING,8,799.91998288,334.97000122
South America,Cardio Equipment,Second Class,2,PENDING_PAYMENT,34,3399.65992724,1034.44998934
South America,Cardio Equipment,Second Class,2,PROCESSING,7,699.92998502,202.97999954
South America,Cardio Equipment,Second Class,2,SUSPECTED_FRAUD,3,299.96999358,47.0
South America,Cardio Equipment,Standard Class,4,CANCELED,4,399.95999144,131.49000168
South America,Cardio Equipment,Standard Class,4,CLOSED,44,4119.5999144,1422.91998674
South America,Cardio Equipment,Standard Class,4,COMPLETE,155,15008.51968328,4684.879972954
South America,Cardio Equipment,Standard Class,4,ON_HOLD,28,2799.71994008,609.93999862
South America,Cardio Equipment,Standard Class,4,PAYMENT_REVIEW,6,599.93998716,108.98999786
South America,Cardio Equipment,Standard Class,4,PENDING,29,2759.72994222,1333.689988705
South America,Cardio Equipment,Standard Class,4,PENDING_PAYMENT,79,7759.22983522,2176.39999388
South America,Cardio Equipment,Standard Class,4,PROCESSING,32,3129.68993366,1032.40998838
South America,Cardio Equipment,Standard Class,4,SUSPECTED_FRAUD,7,699.92998502,134.5
South America,Cleats,First Class,1,CANCELED,7,419.93001176,161.980002885
South America,Cleats,First Class,1,CLOSED,27,1619.73004536,359.090002181
South America,Cleats,First Class,1,COMPLETE,83,4979.17013944,1473.100024599
South America,Cleats,First Class,1,ON_HOLD,12,719.88002016,195.58000291
South America,Cleats,First Class,1,PAYMENT_REVIEW,3,179.97000504,37.200000286
South America,Cleats,First Class,1,PENDING,10,599.9000168,217.780004263
South America,Cleats,First Class,1,PENDING_PAYMENT,40,2399.6000672,780.810010552
South America,Cleats,First Class,1,PROCESSING,12,719.88002016,186.570000885
South America,Cleats,First Class,1,SUSPECTED_FRAUD,3,179.97000504,41.400000571
South America,Cleats,Same Day,0,CANCELED,1,59.99000168,24.0
South America,Cleats,Same Day,0,CLOSED,14,839.86002352,241.789998535
South America,Cleats,Same Day,0,COMPLETE,32,1919.68005376,554.360002748
South America,Cleats,Same Day,0,ON_HOLD,2,119.98000336,38.38999939
South America,Cleats,Same Day,0,PENDING,3,179.97000504,19.19999981
South America,Cleats,Same Day,0,PENDING_PAYMENT,19,1139.81003192,333.549998526
South America,Cleats,Same Day,0,PROCESSING,6,359.94001008,92.38999939
South America,Cleats,Second Class,2,CANCELED,3,179.97000504,5.399999857
South America,Cleats,Second Class,2,CLOSED,29,1739.71004872,367.769998667
South America,Cleats,Second Class,2,COMPLETE,105,6298.9501764,1879.880032918
South America,Cleats,Second Class,2,ON_HOLD,23,1379.77003864,414.570000651
South America,Cleats,Second Class,2,PAYMENT_REVIEW,2,119.98000336,40.19000053
South America,Cleats,Second Class,2,PENDING,10,599.9000168,181.48000336
South America,Cleats,Second Class,2,PENDING_PAYMENT,58,3479.42009744,1198.650019775
South America,Cleats,Second Class,2,PROCESSING,11,659.89001848,178.180000311
South America,Cleats,Second Class,2,SUSPECTED_FRAUD,1,59.99000168,16.5
South America,Cleats,Standard Class,4,CANCELED,15,899.8500252,433.100009101
South America,Cleats,Standard Class,4,CLOSED,97,5819.03016296,1447.390010474
South America,Cleats,Standard Class,4,COMPLETE,277,16617.23046536,4644.730054171
South America,Cleats,Standard Class,4,ON_HOLD,35,2099.6500588,750.2000123509999
South America,Cleats,Standard Class,4,PAYMENT_REVIEW,7,419.93001176,117.599999669
South America,Cleats,Standard Class,4,PENDING,67,4019.33011256,1181.270015835
South America,Cleats,Standard Class,4,PENDING_PAYMENT,132,7918.68022176,2190.660011692
South America,Cleats,Standard Class,4,PROCESSING,57,3419.43009576,1257.140009673
South America,Cleats,Standard Class,4,SUSPECTED_FRAUD,14,839.86002352,338.050000191
South America,Electronics,First Class,1,CANCELED,2,83.98000145,13.240000486
South America,Electronics,First Class,1,CLOSED,4,179.96000481,57.270000456
South America,Electronics,First Class,1,COMPLETE,12,436.88000488,119.629999995
South America,Electronics,First Class,1,ON_HOLD,2,83.98000145,12.239999771
South America,Electronics,First Class,1,PENDING_PAYMENT,5,204.95000458,63.040000443
South America,Electronics,First Class,1,SUSPECTED_FRAUD,1,51.99000168,28.0699997
South America,Electronics,Same Day,0,CLOSED,1,51.99000168,1.039999962
South America,Electronics,Same Day,0,COMPLETE,4,160.9600029,18.909999608
South America,Electronics,Same Day,0,ON_HOLD,2,63.97999954,16.959999979
South America,Electronics,Same Day,0,PENDING,1,27.98999977,0.560000002
South America,Electronics,Second Class,2,CLOSED,4,183.96000481,103.22000122
South America,Electronics,Second Class,2,COMPLETE,11,495.89001275,120.18000055
South America,Electronics,Second Class,2,ON_HOLD,3,131.97000313,48.789999959
South America,Electronics,Second Class,2,PENDING,1,51.99000168,2.599999905
South America,Electronics,Second Class,2,PENDING_PAYMENT,13,569.8700142,135.72000039
South America,Electronics,Second Class,2,PROCESSING,3,131.97000313,52.170000074
South America,Electronics,Standard Class,4,CANCELED,1,27.98999977,14.0
South America,Electronics,Standard Class,4,CLOSED,12,427.88000297,81.43999958399999
South America,Electronics,Standard Class,4,COMPLETE,23,945.77001763,369.990003239
South America,Electronics,Standard Class,4,ON_HOLD,5,195.95000267,24.439999581
South America,Electronics,Standard Class,4,PAYMENT_REVIEW,2,63.97999954,8.0
South America,Electronics,Standard Class,4,PENDING,11,451.89000893,136.450000616
South America,Electronics,Standard Class,4,PENDING_PAYMENT,17,644.83000755,188.320002093
South America,Electronics,Standard Class,4,PROCESSING,6,247.94000435,52.629999877
South America,Electronics,Standard Class,4,SUSPECTED_FRAUD,1,31.98999977,25.59000015
South America,Fishing,First Class,1,CANCELED,3,1199.940033,228.0
South America,Fishing,First Class,1,CLOSED,5,1999.900055,206.0
South America,Fishing,First Class,1,COMPLETE,28,11199.440308,1044.0
South America,Fishing,First Class,1,ON_HOLD,4,1599.920044,260.0
South America,Fishing,First Class,1,PAYMENT_REVIEW,3,1199.940033,4.0
South America,Fishing,First Class,1,PENDING,3,1199.940033,104.0
South America,Fishing,First Class,1,PENDING_PAYMENT,22,8799.560242,942.0
South America,Fishing,First Class,1,PROCESSING,3,1199.940033,124.0
South America,Fishing,First Class,1,SUSPECTED_FRAUD,2,799.960022,64.0
South America,Fishing,Same Day,0,CLOSED,6,2399.880066,316.0
South America,Fishing,Same Day,0,COMPLETE,6,2399.880066,208.0
South America,Fishing,Same Day,0,PENDING,1,399.980011,100.0
South America,Fishing,Same Day,0,PENDING_PAYMENT,5,1999.900055,222.0
South America,Fishing,Second Class,2,CANCELED,2,799.960022,112.0
South America,Fishing,Second Class,2,CLOSED,7,2799.860077,388.0
South America,Fishing,Second Class,2,COMPLETE,31,12399.380341,1520.0
South America,Fishing,Second Class,2,ON_HOLD,2,799.960022,88.0
South America,Fishing,Second Class,2,PENDING,2,799.960022,44.0
South America,Fishing,Second Class,2,PENDING_PAYMENT,17,6799.660187,470.0
South America,Fishing,Second Class,2,PROCESSING,2,799.960022,20.0
South America,Fishing,Standard Class,4,CANCELED,4,1599.920044,128.0
South America,Fishing,Standard Class,4,CLOSED,40,15999.20044,1640.0
South America,Fishing,Standard Class,4,COMPLETE,100,39998.0011,4078.0
South America,Fishing,Standard Class,4,ON_HOLD,20,7999.60022,800.0
South America,Fishing,Standard Class,4,PAYMENT_REVIEW,10,3999.80011,536.0
South America,Fishing,Standard Class,4,PENDING,14,5599.720154,556.0
South America,Fishing,Standard Class,4,PENDING_PAYMENT,79,31598.420869,3082.0
South America,Fishing,Standard Class,4,PROCESSING,11,4399.780121,470.0
South America,Fishing,Standard Class,4,SUSPECTED_FRAUD,7,2799.860077,404.0
South America,Fitness Accessories,First Class,1,COMPLETE,3,104.97000504,38.13999939
South America,Fitness Accessories,First Class,1,PENDING_PAYMENT,2,69.98000336,29.389999865
South America,Fitness Accessories,First Class,1,PROCESSING,1,34.99000168,20.98999977
South America,Fitness Accessories,Second Class,2,COMPLETE,1,34.99000168,3.150000095
South America,Fitness Accessories,Second Class,2,PENDING_PAYMENT,1,34.99000168,7.0
South America,Fitness Accessories,Standard Class,4,CLOSED,1,34.99000168,1.399999976
South America,Fitness Accessories,Standard Class,4,COMPLETE,3,104.97000504,42.339999675
South America,Fitness Accessories,Standard Class,4,PENDING,1,34.99000168,9.800000191
South America,Fitness Accessories,Standard Class,4,PENDING_PAYMENT,1,34.99000168,4.900000095
South America,Girls' Apparel,First Class,1,CLOSED,3,170.0,135.5
South America,Girls' Apparel,First Class,1,COMPLETE,4,134.98000336,18.450000107
South America,Girls' Apparel,First Class,1,ON_HOLD,1,25.0,15.0
South America,Girls' Apparel,First Class,1,PENDING,1,70.0,2.799999952
South America,Girls' Apparel,First Class,1,PENDING_PAYMENT,2,100.0,16.900000572
South America,Girls' Apparel,Same Day,0,COMPLETE,1,30.0,1.200000048
South America,Girls' Apparel,Same Day,0,PENDING_PAYMENT,1,70.0,11.19999981
South America,Girls' Apparel,Same Day,0,PROCESSING,1,30.0,9.600000381
South America,Girls' Apparel,Second Class,2,CLOSED,2,64.99000168,34.69000053
South America,Girls' Apparel,Second Class,2,COMPLETE,6,179.99000168,62.69999981
South America,Girls' Apparel,Second Class,2,PENDING_PAYMENT,5,265.0,73.300000189
South America,Girls' Apparel,Standard Class,4,CLOSED,2,69.99000168,0.400000006
South America,Girls' Apparel,Standard Class,4,COMPLETE,14,584.98000336,103.439999936
South America,Girls' Apparel,Standard Class,4,ON_HOLD,3,134.99000168,13.300000191
South America,Girls' Apparel,Standard Class,4,PENDING,1,70.0,2.799999952
South America,Girls' Apparel,Standard Class,4,PENDING_PAYMENT,6,274.98000336,63.889999389
South America,Girls' Apparel,Standard Class,4,PROCESSING,5,189.99000168,129.04000163199998
South America,Girls' Apparel,Standard Class,4,SUSPECTED_FRAUD,1,70.0,35.0
South America,Golf Apparel,First Class,1,CANCELED,1,129.9900055,3.900000095
South America,Golf Apparel,First Class,1,PENDING_PAYMENT,1,19.98999977,14.39000034
South America,Golf Apparel,First Class,1,PROCESSING,2,149.98000527,28.400000095
South America,Golf Apparel,Second Class,2,PENDING,2,149.98000527,35.600000381
South America,Golf Apparel,Second Class,2,PENDING_PAYMENT,2,239.9799958,25.200000285
South America,Golf Apparel,Standard Class,4,CANCELED,1,129.9900055,3.900000095
South America,Golf Apparel,Standard Class,4,CLOSED,4,189.96000481,10.199999809
South America,Golf Apparel,Standard Class,4,COMPLETE,4,189.96000481,15.599999815
South America,Golf Apparel,Standard Class,4,ON_HOLD,1,19.98999977,6.400000095
South America,Golf Apparel,Standard Class,4,PENDING,5,509.94999897,57.699999573
South America,Golf Apparel,Standard Class,4,PENDING_PAYMENT,6,429.94000061,55.899999858
South America,Golf Apparel,Standard Class,4,PROCESSING,3,269.97000317,52.599999429
South America,Golf Apparel,Standard Class,4,SUSPECTED_FRAUD,2,139.97999767000002,22.0
South America,Golf Bags & Carts,First Class,1,COMPLETE,1,169.9900055,27.20000076
South America,Golf Bags & Carts,First Class,1,PROCESSING,1,169.9900055,3.400000095
South America,Golf Bags & Carts,Second Class,2,PENDING,2,339.980011,23.80000019
South America,Golf Bags & Carts,Second Class,2,PENDING_PAYMENT,1,169.9900055,0.0
South America,Golf Bags & Carts,Second Class,2,PROCESSING,2,339.980011,10.200000286
South America,Golf Bags & Carts,Standard Class,4,COMPLETE,2,339.980011,27.200000285
South America,Golf Bags & Carts,Standard Class,4,PROCESSING,1,169.9900055,0.0
South America,Golf Balls,First Class,1,CLOSED,6,100.93999862,21.979999600000003
South America,Golf Balls,First Class,1,COMPLETE,5,83.94999885,20.089999557
South America,Golf Balls,First Class,1,ON_HOLD,1,14.98999977,4.5
South America,Golf Balls,First Class,1,PENDING,1,19.98999977,10.78999996
South America,Golf Balls,First Class,1,PENDING_PAYMENT,5,85.94999885,27.549999908
South America,Golf Balls,Same Day,0,CLOSED,1,14.98999977,7.789999962
South America,Golf Balls,Same Day,0,COMPLETE,1,14.98999977,1.049999952
South America,Golf Balls,Same Day,0,PENDING,1,14.98999977,5.400000095
South America,Golf Balls,Same Day,0,PENDING_PAYMENT,1,19.98999977,19.98999977
South America,Golf Balls,Second Class,2,CLOSED,2,29.97999954,4.199999928
South America,Golf Balls,Second Class,2,COMPLETE,6,109.93999862,13.120000123
South America,Golf Balls,Second Class,2,ON_HOLD,2,34.97999954,16.189999579000002
South America,Golf Balls,Second Class,2,PAYMENT_REVIEW,1,14.98999977,5.400000095
South America,Golf Balls,Second Class,2,PENDING_PAYMENT,5,84.94999885,23.400000095
South America,Golf Balls,Second Class,2,PROCESSING,3,52.969999310000006,22.789999484
South America,Golf Balls,Standard Class,4,CANCELED,3,54.969999310000006,34.379999635000004
South America,Golf Balls,Standard Class,4,CLOSED,4,69.95999908,22.49999988
South America,Golf Balls,Standard Class,4,COMPLETE,20,340.7999954,60.719999792
South America,Golf Balls,Standard Class,4,ON_HOLD,5,79.94999885,26.189999758
South America,Golf Balls,Standard Class,4,PENDING,3,54.969999310000006,16.099999904
South America,Golf Balls,Standard Class,4,PENDING_PAYMENT,13,215.86999701,55.82999932600001
South America,Golf Balls,Standard Class,4,PROCESSING,9,154.90999793,35.170000076
South America,Golf Gloves,First Class,1,CLOSED,1,9.989999771,3.599999905
South America,Golf Gloves,First Class,1,COMPLETE,5,519.950014131,16.400000095
South America,Golf Gloves,First Class,1,ON_HOLD,2,329.98000336,39.10000038
South America,Golf Gloves,First Class,1,PENDING,3,89.97000122,12.200000048
South America,Golf Gloves,First Class,1,PENDING_PAYMENT,4,354.96000863,19.0
South America,Golf Gloves,First Class,1,PROCESSING,3,284.970005041,53.069999934
South America,Golf Gloves,First Class,1,SUSPECTED_FRAUD,1,39.99000168,20.79000092
South America,Golf Gloves,Same Day,0,ON_HOLD,1,9.989999771,4.5
South America,Golf Gloves,Same Day,0,PENDING,2,119.97999954,28.800000191
South America,Golf Gloves,Same Day,0,SUSPECTED_FRAUD,1,9.989999771,5.989999771
South America,Golf Gloves,Second Class,2,CANCELED,1,24.98999977,9.0
South America,Golf Gloves,Second Class,2,CLOSED,2,189.980005271,29.389999391
South America,Golf Gloves,Second Class,2,COMPLETE,4,114.96000099,40.0
South America,Golf Gloves,Second Class,2,ON_HOLD,1,39.99000168,10.0
South America,Golf Gloves,Second Class,2,PENDING,1,179.9900055,27.0
South America,Golf Gloves,Second Class,2,PENDING_PAYMENT,4,269.960008631,45.089999674
South America,Golf Gloves,Second Class,2,PROCESSING,1,39.99000168,39.99000168
South America,Golf Gloves,Standard Class,4,CANCELED,1,39.99000168,28.79000092
South America,Golf Gloves,Standard Class,4,CLOSED,7,399.930007942,97.690001965
South America,Golf Gloves,Standard Class,4,COMPLETE,25,1324.750019087,310.130001017
South America,Golf Gloves,Standard Class,4,ON_HOLD,3,299.970006951,14.900000095
South America,Golf Gloves,Standard Class,4,PAYMENT_REVIEW,1,39.99000168,6.0
South America,Golf Gloves,Standard Class,4,PENDING,6,104.939998623,26.539999722
South America,Golf Gloves,Standard Class,4,PENDING_PAYMENT,19,829.809995637,201.610001503
South America,Golf Gloves,Standard Class,4,PROCESSING,15,709.850011835,156.569999195
South America,Golf Shoes,First Class,1,CLOSED,1,80.0,64.0
South America,Golf Shoes,First Class,1,COMPLETE,5,418.0,106.030000215
South America,Golf Shoes,First Class,1,PENDING_PAYMENT,2,173.0,16.650000095
South America,Golf Shoes,Same Day,0,COMPLETE,1,108.0,21.60000038
South America,Golf Shoes,Same Day,0,PENDING,1,65.0,39.0
South America,Golf Shoes,Second Class,2,CANCELED,1,100.0,85.0
South America,Golf Shoes,Second Class,2,CLOSED,3,273.0,81.20000076
South America,Golf Shoes,Second Class,2,COMPLETE,4,295.0,97.799999953
South America,Golf Shoes,Second Class,2,PENDING,1,80.0,3.200000048
South America,Golf Shoes,Second Class,2,PENDING_PAYMENT,2,160.0,13.599999904
South America,Golf Shoes,Second Class,2,PROCESSING,1,80.0,72.0
South America,Golf Shoes,Standard Class,4,CANCELED,2,165.0,57.800000191
South America,Golf Shoes,Standard Class,4,CLOSED,2,130.0,54.599999905
South America,Golf Shoes,Standard Class,4,COMPLETE,15,1262.0,319.57999861
South America,Golf Shoes,Standard Class,4,ON_HOLD,1,80.0,0.0
South America,Golf Shoes,Standard Class,4,PENDING,6,475.0,310.300000665
South America,Golf Shoes,Standard Class,4,PENDING_PAYMENT,2,165.0,53.0
South America,Golf Shoes,Standard Class,4,PROCESSING,4,318.0,104.140000102
South America,Golf Shoes,Standard Class,4,SUSPECTED_FRAUD,2,173.0,46.5
South America,Hockey,First Class,1,CANCELED,1,25.0,0.5
South America,Hockey,First Class,1,CLOSED,3,66.0,15.620000124
South America,Hockey,First Class,1,COMPLETE,4,91.0,7.930000067
South America,Hockey,First Class,1,PENDING,2,47.0,8.859999895
South America,Hockey,First Class,1,PROCESSING,1,25.0,11.25
South America,Hockey,Same Day,0,COMPLETE,3,69.0,18.139999866
South America,Hockey,Same Day,0,PENDING,1,25.0,3.25
South America,Hockey,Same Day,0,PENDING_PAYMENT,1,25.0,1.5
South America,Hockey,Second Class,2,CLOSED,1,22.0,1.75999999
South America,Hockey,Second Class,2,COMPLETE,1,22.0,4.840000153
South America,Hockey,Second Class,2,ON_HOLD,1,22.0,0.879999995
South America,Hockey,Second Class,2,PENDING_PAYMENT,1,25.0,0.0
South America,Hockey,Second Class,2,PROCESSING,1,22.0,3.299999952
South America,Hockey,Standard Class,4,CANCELED,2,47.0,3.519999981
South America,Hockey,Standard Class,4,CLOSED,2,50.0,3.5
South America,Hockey,Standard Class,4,COMPLETE,7,160.0,72.18999904500001
South America,Hockey,Standard Class,4,ON_HOLD,3,69.0,35.94999981
South America,Hockey,Standard Class,4,PENDING,4,91.0,18.920000076
South America,Hockey,Standard Class,4,PENDING_PAYMENT,5,119.0,57.660000204
South America,Hockey,Standard Class,4,PROCESSING,5,116.0,38.200001178
South America,Hockey,Standard Class,4,SUSPECTED_FRAUD,1,22.0,16.5
South America,Hunting & Shooting,First Class,1,COMPLETE,1,29.98999977,4.199999809
South America,Hunting & Shooting,First Class,1,PENDING_PAYMENT,2,179.98000527,18.300000012
South America,Hunting & Shooting,Same Day,0,CLOSED,1,29.98999977,0.0
South America,Hunting & Shooting,Same Day,0,COMPLETE,1,29.98999977,6.0
South America,Hunting & Shooting,Same Day,0,PENDING_PAYMENT,1,29.98999977,23.98999977
South America,Hunting & Shooting,Second Class,2,COMPLETE,4,308.97000504,120.73999977
South America,Hunting & Shooting,Second Class,2,PENDING_PAYMENT,2,59.97999954,15.0
South America,Hunting & Shooting,Standard Class,4,COMPLETE,10,797.92001535,181.750000949
South America,Hunting & Shooting,Standard Class,4,ON_HOLD,1,99.0,84.15000153
South America,Hunting & Shooting,Standard Class,4,PENDING,1,29.98999977,13.5
South America,Hunting & Shooting,Standard Class,4,PENDING_PAYMENT,2,299.980011,27.0
South America,Hunting & Shooting,Standard Class,4,PROCESSING,1,99.0,8.909999847
South America,Kids' Golf Clubs,First Class,1,COMPLETE,1,99.94999695,59.97000122
South America,Kids' Golf Clubs,Same Day,0,COMPLETE,1,199.0,33.83000183
South America,Kids' Golf Clubs,Same Day,0,PENDING_PAYMENT,1,199.9900055,6.0
South America,Kids' Golf Clubs,Second Class,2,PENDING_PAYMENT,1,109.9499969,3.299999952
South America,Kids' Golf Clubs,Standard Class,4,CLOSED,7,829.72998791,131.760001062
South America,Kids' Golf Clubs,Standard Class,4,COMPLETE,4,588.93000031,147.36999702
South America,Kids' Golf Clubs,Standard Class,4,ON_HOLD,2,288.98999786,4.690000058
South America,Kids' Golf Clubs,Standard Class,4,PAYMENT_REVIEW,1,99.94999695,0.0
South America,Kids' Golf Clubs,Standard Class,4,PENDING_PAYMENT,1,89.98999786,0.0
South America,Kids' Golf Clubs,Standard Class,4,PROCESSING,1,99.94999695,4.0
South America,Lacrosse,First Class,1,COMPLETE,1,24.98999977,5.0
South America,Lacrosse,First Class,1,PENDING_PAYMENT,2,124.97999763,3.0
South America,Lacrosse,Same Day,0,COMPLETE,1,24.98999977,0.5
South America,Lacrosse,Second Class,2,COMPLETE,3,74.96999931,25.98999977
South America,Lacrosse,Second Class,2,PENDING_PAYMENT,4,174.95999717,39.75
South America,Lacrosse,Second Class,2,PROCESSING,1,24.98999977,1.25
South America,Lacrosse,Standard Class,4,COMPLETE,6,149.93999862,22.25
South America,Lacrosse,Standard Class,4,PENDING,1,99.98999786,25.0
South America,Lacrosse,Standard Class,4,PENDING_PAYMENT,1,24.98999977,6.0
South America,Men's Footwear,First Class,1,CANCELED,6,779.940033,52.000000237
South America,Men's Footwear,First Class,1,CLOSED,18,2339.820099,263.249998099
South America,Men's Footwear,First Class,1,COMPLETE,68,8839.320373999999,874.249999759
South America,Men's Footwear,First Class,1,ON_HOLD,9,1169.9100495,77.349999906
South America,Men's Footwear,First Class,1,PENDING,17,2209.8300935,242.449996959
South America,Men's Footwear,First Class,1,PENDING_PAYMENT,42,5459.580231,436.150000096
South America,Men's Footwear,First Class,1,PROCESSING,9,1169.9100495,111.800000189
South America,Men's Footwear,First Class,1,SUSPECTED_FRAUD,6,779.940033,81.24999905
South America,Men's Footwear,Same Day,0,CLOSED,16,2079.840088,191.749998336
South America,Men's Footwear,Same Day,0,COMPLETE,20,2599.80011,278.850001092
South America,Men's Footwear,Same Day,0,ON_HOLD,5,649.9500275,87.75
South America,Men's Footwear,Same Day,0,PENDING,6,779.940033,120.89999962
South America,Men's Footwear,Same Day,0,PENDING_PAYMENT,17,2209.8300935,225.549998287
South America,Men's Footwear,Same Day,0,PROCESSING,5,649.9500275,111.79999924
South America,Men's Footwear,Same Day,0,SUSPECTED_FRAUD,1,129.9900055,19.5
South America,Men's Footwear,Second Class,2,CANCELED,1,129.9900055,6.5
South America,Men's Footwear,Second Class,2,CLOSED,22,2859.780121,267.149997485
South America,Men's Footwear,Second Class,2,COMPLETE,110,14298.900605,1449.499993586
South America,Men's Footwear,Second Class,2,ON_HOLD,19,2469.8101045,196.299997574
South America,Men's Footwear,Second Class,2,PAYMENT_REVIEW,1,129.9900055,23.39999962
South America,Men's Footwear,Second Class,2,PENDING,13,1689.8700715,197.599998955
South America,Men's Footwear,Second Class,2,PENDING_PAYMENT,51,6629.4902805,759.199999334
South America,Men's Footwear,Second Class,2,PROCESSING,13,1689.8700715,144.299999239
South America,Men's Footwear,Second Class,2,SUSPECTED_FRAUD,3,389.9700165,38.999999525
South America,Men's Footwear,Standard Class,4,CANCELED,10,1299.900055,128.049999715
South America,Men's Footwear,Standard Class,4,CLOSED,95,12349.0505225,1170.649999376
South America,Men's Footwear,Standard Class,4,COMPLETE,302,39256.981661,4161.94999197
South America,Men's Footwear,Standard Class,4,ON_HOLD,55,7149.450302499999,768.949995529
South America,Men's Footwear,Standard Class,4,PAYMENT_REVIEW,7,909.9300385,58.499999047
South America,Men's Footwear,Standard Class,4,PENDING,36,4679.640198,425.749999998
South America,Men's Footwear,Standard Class,4,PENDING_PAYMENT,162,21058.380891,2188.549992818
South America,Men's Footwear,Standard Class,4,PROCESSING,31,4029.6901705,417.299998052
South America,Men's Footwear,Standard Class,4,SUSPECTED_FRAUD,10,1299.900055,141.699999335
South America,Men's Golf Clubs,First Class,1,COMPLETE,1,129.9900055,9.100000381
South America,Men's Golf Clubs,First Class,1,PENDING_PAYMENT,1,129.9900055,13.0
South America,Men's Golf Clubs,First Class,1,PROCESSING,2,229.98000336,25.60000038
South America,Men's Golf Clubs,First Class,1,SUSPECTED_FRAUD,2,269.980011,33.75
South America,Men's Golf Clubs,Second Class,2,CANCELED,1,109.9899979,3.299999952
South America,Men's Golf Clubs,Second Class,2,CLOSED,3,339.97000126,51.499999999
South America,Men's Golf Clubs,Second Class,2,COMPLETE,3,379.9700089,28.750000119
South America,Men's Golf Clubs,Second Class,2,PROCESSING,3,339.97000126,61.100000381
South America,Men's Golf Clubs,Standard Class,4,CLOSED,5,639.9500198999999,71.85000038
South America,Men's Golf Clubs,Standard Class,4,COMPLETE,4,454.95999916,62.800001142
South America,Men's Golf Clubs,Standard Class,4,ON_HOLD,5,549.94999702,103.000000475
South America,Men's Golf Clubs,Standard Class,4,PENDING,1,109.9899979,2.200000048
South America,Men's Golf Clubs,Standard Class,4,PENDING_PAYMENT,4,509.9600144,50.649999622
South America,Men's Golf Clubs,Standard Class,4,PROCESSING,4,539.960022,68.85000156800001
South America,Men's Golf Clubs,Standard Class,4,SUSPECTED_FRAUD,1,134.9900055,33.75
South America,Shop By Sport,First Class,1,CANCELED,2,79.98000336,11.19999981
South America,Shop By Sport,First Class,1,CLOSED,17,669.84002688,172.18000352
South America,Shop By Sport,First Class,1,COMPLETE,26,1189.75004582,209.880001487
South America,Shop By Sport,First Class,1,ON_HOLD,8,319.92001344,113.979999926
South America,Shop By Sport,First Class,1,PENDING,6,229.9500084,65.98000017300001
South America,Shop By Sport,First Class,1,PENDING_PAYMENT,28,1119.72004704,350.520003538
South America,Shop By Sport,First Class,1,PROCESSING,1,39.99000168,6.0
South America,Shop By Sport,First Class,1,SUSPECTED_FRAUD,1,199.9900055,6.0
South America,Shop By Sport,Same Day,0,CANCELED,1,39.99000168,23.98999977
South America,Shop By Sport,Same Day,0,CLOSED,6,239.94001008,75.189999818
South America,Shop By Sport,Same Day,0,COMPLETE,8,319.92001344,83.990000247
South America,Shop By Sport,Same Day,0,PENDING,1,39.99000168,8.0
South America,Shop By Sport,Same Day,0,PENDING_PAYMENT,13,519.8700218399999,163.57000279800002
South America,Shop By Sport,Same Day,0,PROCESSING,2,79.98000336,20.000000001
South America,Shop By Sport,Second Class,2,CLOSED,16,629.8500252,200.760002981
South America,Shop By Sport,Second Class,2,COMPLETE,49,1949.52008064,613.470004746
South America,Shop By Sport,Second Class,2,ON_HOLD,10,399.9000168,159.17999935
South America,Shop By Sport,Second Class,2,PAYMENT_REVIEW,1,39.99000168,14.39999962
South America,Shop By Sport,Second Class,2,PENDING,6,229.9500084,47.990000365
South America,Shop By Sport,Second Class,2,PENDING_PAYMENT,26,1349.75004964,329.659999968
South America,Shop By Sport,Second Class,2,PROCESSING,7,269.94001008,99.890000341
South America,Shop By Sport,Standard Class,4,CANCELED,6,399.9400139,90.38999939
South America,Shop By Sport,Standard Class,4,CLOSED,45,1789.56007392,627.580004205
South America,Shop By Sport,Standard Class,4,COMPLETE,120,5238.84020634,1565.300018206
South America,Shop By Sport,Standard Class,4,ON_HOLD,20,789.81003192,124.389999569
South America,Shop By Sport,Standard Class,4,PAYMENT_REVIEW,4,319.96001054,38.799999714
South America,Shop By Sport,Standard Class,4,PENDING,28,1099.74004368,500.980006696
South America,Shop By Sport,Standard Class,4,PENDING_PAYMENT,61,2579.41010294,575.120003642
South America,Shop By Sport,Standard Class,4,PROCESSING,42,1819.60007102,598.590003654
South America,Shop By Sport,Standard Class,4,SUSPECTED_FRAUD,4,159.96000672,75.99000168
South America,Soccer,Second Class,2,COMPLETE,3,284.96999362,23.19999981
South America,Soccer,Second Class,2,PENDING,1,124.9899979,16.25
South America,Soccer,Standard Class,4,CLOSED,1,79.98999786,59.99000168
South America,Soccer,Standard Class,4,COMPLETE,2,159.97999572,107.98999786
South America,Soccer,Standard Class,4,PENDING_PAYMENT,1,79.98999786,24.0
South America,Strength Training,Second Class,2,CLOSED,1,189.0,10.39999962
South America,Strength Training,Standard Class,4,COMPLETE,2,378.0,32.13000107
South America,Strength Training,Standard Class,4,PENDING_PAYMENT,1,189.0,47.25
South America,Tennis & Racquet,First Class,1,COMPLETE,1,44.99000168,22.5
South America,Tennis & Racquet,First Class,1,PENDING,1,44.99000168,2.25
South America,Tennis & Racquet,First Class,1,PENDING_PAYMENT,1,44.99000168,0.0
South America,Tennis & Racquet,Same Day,0,CLOSED,1,44.99000168,0.0
South America,Tennis & Racquet,Same Day,0,COMPLETE,2,89.98000336,89.98000336
South America,Tennis & Racquet,Second Class,2,CLOSED,2,89.98000336,24.300000191
South America,Tennis & Racquet,Second Class,2,COMPLETE,1,44.99000168,17.54999924
South America,Tennis & Racquet,Second Class,2,ON_HOLD,1,44.99000168,5.400000095
South America,Tennis & Racquet,Standard Class,4,CANCELED,1,44.99000168,12.60000038
South America,Tennis & Racquet,Standard Class,4,COMPLETE,2,89.98000336,7.650000095
South America,Tennis & Racquet,Standard Class,4,PENDING_PAYMENT,6,269.94001008,112.470002655
South America,Tennis & Racquet,Standard Class,4,PROCESSING,1,44.99000168,16.20000076
South America,Trade-In,First Class,1,CLOSED,1,15.98999977,11.98999977
South America,Trade-In,First Class,1,COMPLETE,5,91.94999885,53.409999848
South America,Trade-In,First Class,1,PENDING,1,15.98999977,1.279999971
South America,Trade-In,First Class,1,PENDING_PAYMENT,4,75.95999908,18.789999847
South America,Trade-In,First Class,1,SUSPECTED_FRAUD,1,15.98999977,1.600000024
South America,Trade-In,Same Day,0,CLOSED,1,15.98999977,2.880000114
South America,Trade-In,Same Day,0,PENDING_PAYMENT,1,15.98999977,0.0
South America,Trade-In,Second Class,2,CLOSED,4,75.95999908,36.339999796
South America,Trade-In,Second Class,2,COMPLETE,8,373.92000389,59.950000763
South America,Trade-In,Second Class,2,ON_HOLD,1,15.98999977,5.119999886
South America,Trade-In,Second Class,2,PENDING,2,37.97999954,7.120000124000001
South America,Trade-In,Second Class,2,PENDING_PAYMENT,4,303.96000481,49.30999940700001
South America,Trade-In,Second Class,2,PROCESSING,1,21.98999977,9.899999619
South America,Trade-In,Standard Class,4,CANCELED,2,271.98000527,41.320000052
South America,Trade-In,Standard Class,4,CLOSED,4,75.95999908,2.040000022
South America,Trade-In,Standard Class,4,COMPLETE,11,415.8900032,122.850000619
South America,Trade-In,Standard Class,4,ON_HOLD,1,15.98999977,10.39000034
South America,Trade-In,Standard Class,4,PENDING,2,43.97999954,11.879999995
South America,Trade-In,Standard Class,4,PENDING_PAYMENT,6,347.94000435,83.750000358
South America,Water Sports,First Class,1,CANCELED,7,1399.9300385,115.0
South America,Water Sports,First Class,1,CLOSED,23,4599.7701265,429.0
South America,Water Sports,First Class,1,COMPLETE,72,14399.280396,1536.0
South America,Water Sports,First Class,1,ON_HOLD,15,2999.8500825,264.0
South America,Water Sports,First Class,1,PAYMENT_REVIEW,2,399.980011,38.0
South America,Water Sports,First Class,1,PENDING,21,4199.7901155,347.0
South America,Water Sports,First Class,1,PENDING_PAYMENT,54,10799.460297,1151.0
South America,Water Sports,First Class,1,PROCESSING,30,5999.700165,516.0
South America,Water Sports,First Class,1,SUSPECTED_FRAUD,4,799.960022,28.0
South America,Water Sports,Same Day,0,CANCELED,2,399.980011,60.0
South America,Water Sports,Same Day,0,CLOSED,15,2999.8500825,262.0
South America,Water Sports,Same Day,0,COMPLETE,25,4999.7501375,327.0
South America,Water Sports,Same Day,0,ON_HOLD,6,1199.940033,120.0
South America,Water Sports,Same Day,0,PENDING,9,1799.9100495,218.0
South America,Water Sports,Same Day,0,PENDING_PAYMENT,18,3599.820099,404.0
South America,Water Sports,Same Day,0,PROCESSING,3,599.9700164999999,90.0
South America,Water Sports,Same Day,0,SUSPECTED_FRAUD,1,199.9900055,18.0
South America,Water Sports,Second Class,2,CANCELED,7,1399.9300385,86.0
South America,Water Sports,Second Class,2,CLOSED,24,4799.760131999999,471.0
South America,Water Sports,Second Class,2,COMPLETE,79,15799.2104345,1468.0
South America,Water Sports,Second Class,2,ON_HOLD,8,1599.920044,92.0
South America,Water Sports,Second Class,2,PAYMENT_REVIEW,4,799.960022,104.0
South America,Water Sports,Second Class,2,PENDING,37,7399.6302035,796.0
South America,Water Sports,Second Class,2,PENDING_PAYMENT,69,13799.3103795,1447.0
South America,Water Sports,Second Class,2,PROCESSING,33,6599.6701815,626.0
South America,Water Sports,Second Class,2,SUSPECTED_FRAUD,4,799.960022,52.0
South America,Water Sports,Standard Class,4,CANCELED,26,5199.740143,542.0
South America,Water Sports,Standard Class,4,CLOSED,86,17199.140473,1758.0
South America,Water Sports,Standard Class,4,COMPLETE,261,52197.3914355,5209.0
South America,Water Sports,Standard Class,4,ON_HOLD,41,8199.5902255,936.0
South America,Water Sports,Standard Class,4,PAYMENT_REVIEW,13,2599.8700715,226.0
South America,Water Sports,Standard Class,4,PENDING,97,19399.0305335,2198.0
South America,Water Sports,Standard Class,4,PENDING_PAYMENT,195,38998.0510725,4044.0
South America,Water Sports,Standard Class,4,PROCESSING,76,15199.240418,1598.0
South America,Water Sports,Standard Class,4,SUSPECTED_FRAUD,21,4199.7901155,375.0
South America,Women's Apparel,First Class,1,CANCELED,5,250.0,38.75
South America,Women's Apparel,First Class,1,CLOSED,21,1050.0,194.5
South America,Women's Apparel,First Class,1,COMPLETE,66,3300.0,979.75
South America,Women's Apparel,First Class,1,ON_HOLD,9,450.0,117.0
South America,Women's Apparel,First Class,1,PENDING,11,550.0,147.0
South America,Women's Apparel,First Class,1,PENDING_PAYMENT,37,1850.0,548.75
South America,Women's Apparel,First Class,1,PROCESSING,6,300.0,67.0
South America,Women's Apparel,First Class,1,SUSPECTED_FRAUD,1,50.0,37.5
South America,Women's Apparel,Same Day,0,CANCELED,2,100.0,18.5
South America,Women's Apparel,Same Day,0,CLOSED,13,650.0,218.0
South America,Women's Apparel,Same Day,0,COMPLETE,19,950.0,275.75
South America,Women's Apparel,Same Day,0,ON_HOLD,1,50.0,36.0
South America,Women's Apparel,Same Day,0,PENDING,3,150.0,48.5
South America,Women's Apparel,Same Day,0,PENDING_PAYMENT,10,500.0,116.25
South America,Women's Apparel,Same Day,0,PROCESSING,4,200.0,43.0
South America,Women's Apparel,Same Day,0,SUSPECTED_FRAUD,2,100.0,15.5
South America,Women's Apparel,Second Class,2,CANCELED,3,150.0,43.5
South America,Women's Apparel,Second Class,2,CLOSED,37,1850.0,482.75
South America,Women's Apparel,Second Class,2,COMPLETE,103,5150.0,1551.25
South America,Women's Apparel,Second Class,2,ON_HOLD,24,1200.0,398.5
South America,Women's Apparel,Second Class,2,PAYMENT_REVIEW,1,50.0,7.5
South America,Women's Apparel,Second Class,2,PENDING,5,250.0,51.0
South America,Women's Apparel,Second Class,2,PENDING_PAYMENT,60,3000.0,928.25
South America,Women's Apparel,Second Class,2,PROCESSING,8,400.0,146.5
South America,Women's Apparel,Second Class,2,SUSPECTED_FRAUD,5,250.0,70.0
South America,Women's Apparel,Standard Class,4,CANCELED,10,500.0,119.5
South America,Women's Apparel,Standard Class,4,CLOSED,105,5250.0,1755.75
South America,Women's Apparel,Standard Class,4,COMPLETE,241,12050.0,3101.25
South America,Women's Apparel,Standard Class,4,ON_HOLD,37,1850.0,633.5
South America,Women's Apparel,Standard Class,4,PAYMENT_REVIEW,10,500.0,59.25
South America,Women's Apparel,Standard Class,4,PENDING,68,3400.0,1216.75
South America,Women's Apparel,Standard Class,4,PENDING_PAYMENT,132,6600.0,1877.5
South America,Women's Apparel,Standard Class,4,PROCESSING,63,3150.0,1035.25
South America,Women's Apparel,Standard Class,4,SUSPECTED_FRAUD,16,800.0,365.0
South America,Women's Golf Clubs,First Class,1,CLOSED,1,79.98999786,8.800000191
South America,Women's Golf Clubs,First Class,1,COMPLETE,1,99.98999786,3.0
South America,Women's Golf Clubs,First Class,1,PENDING_PAYMENT,1,209.9900055,37.79999924
South America,Women's Golf Clubs,Second Class,2,COMPLETE,4,599.96000672,146.8900013
South America,Women's Golf Clubs,Second Class,2,PENDING,1,99.98999786,64.98999786
South America,Women's Golf Clubs,Second Class,2,PENDING_PAYMENT,1,79.98999786,7.199999809
South America,Women's Golf Clubs,Standard Class,4,CLOSED,2,199.97999572,59.0
South America,Women's Golf Clubs,Standard Class,4,COMPLETE,3,499.97000886,84.29999924
South America,Women's Golf Clubs,Standard Class,4,ON_HOLD,1,99.98999786,20.0
South America,Women's Golf Clubs,Standard Class,4,PENDING,3,279.96999358,207.97999576
South America,Women's Golf Clubs,Standard Class,4,PENDING_PAYMENT,3,389.97000122,72.40000057
South America,Women's Golf Clubs,Standard Class,4,SUSPECTED_FRAUD,1,209.9900055,18.89999962
South Asia,Accessories,First Class,1,CLOSED,2,49.97999954,24.23999977
South Asia,Accessories,First Class,1,COMPLETE,4,99.95999908,52.47999954
South Asia,Accessories,First Class,1,PENDING,2,49.97999954,18.23999977
South Asia,Accessories,First Class,1,PENDING_PAYMENT,7,174.92999839,53.48999977
South Asia,Accessories,Same Day,0,COMPLETE,1,24.98999977,4.5
South Asia,Accessories,Second Class,2,CLOSED,1,24.98999977,1.0
South Asia,Accessories,Second Class,2,COMPLETE,7,174.92999839,32.369999886
South Asia,Accessories,Second Class,2,PENDING,1,24.98999977,11.25
South Asia,Accessories,Second Class,2,PENDING_PAYMENT,1,24.98999977,2.0
South Asia,Accessories,Standard Class,4,CLOSED,3,74.96999931,6.119999886
South Asia,Accessories,Standard Class,4,COMPLETE,10,249.8999977,81.96999931
South Asia,Accessories,Standard Class,4,ON_HOLD,1,24.98999977,12.5
South Asia,Accessories,Standard Class,4,PENDING,2,49.97999954,26.23999977
South Asia,Accessories,Standard Class,4,PENDING_PAYMENT,8,199.91999816,45.5
South Asia,Accessories,Standard Class,4,PROCESSING,1,24.98999977,1.25
South Asia,Baby ,Same Day,0,CLOSED,1,59.08000183,10.63000011
South Asia,Baby ,Same Day,0,ON_HOLD,1,59.08000183,8.859999657
South Asia,Baby ,Second Class,2,PENDING_PAYMENT,1,59.08000183,14.77000046
South Asia,Baby ,Standard Class,4,CLOSED,1,59.08000183,5.909999847
South Asia,Baby ,Standard Class,4,COMPLETE,2,118.16000366,16.539999485
South Asia,Baby ,Standard Class,4,PENDING_PAYMENT,2,118.16000366,8.859999895
South Asia,Baby ,Standard Class,4,SUSPECTED_FRAUD,1,59.08000183,0.0
South Asia,Baseball & Softball,Same Day,0,PROCESSING,1,59.99000168,30.0
South Asia,Baseball & Softball,Second Class,2,CLOSED,1,34.99000168,7.0
South Asia,Baseball & Softball,Second Class,2,COMPLETE,3,179.97000504,64.190001965
South Asia,Baseball & Softball,Second Class,2,PENDING_PAYMENT,2,119.98000336,21.0
South Asia,Baseball & Softball,Standard Class,4,CLOSED,1,34.99000168,5.25
South Asia,Baseball & Softball,Standard Class,4,COMPLETE,4,164.96000672,51.839999913
South Asia,Baseball & Softball,Standard Class,4,PENDING,1,59.99000168,50.99000168
South Asia,Baseball & Softball,Standard Class,4,PROCESSING,2,119.98000336,52.79000092
South Asia,Books ,First Class,1,PENDING,1,31.07999992,1.549999952
South Asia,Books ,Same Day,0,COMPLETE,3,93.23999976,9.789999723
South Asia,Books ,Same Day,0,PENDING_PAYMENT,1,31.07999992,4.039999962
South Asia,Books ,Standard Class,4,COMPLETE,1,31.07999992,2.799999952
South Asia,Books ,Standard Class,4,PAYMENT_REVIEW,1,31.07999992,5.590000153
South Asia,Boxing & MMA,First Class,1,PROCESSING,2,109.94000244,45.06999969
South Asia,Boxing & MMA,Second Class,2,CLOSED,1,54.97000122,4.949999809
South Asia,Boxing & MMA,Standard Class,4,COMPLETE,1,54.97000122,68.70999908
South Asia,Boxing & MMA,Standard Class,4,PENDING_PAYMENT,2,109.94000244,21.98999977
South Asia,Boxing & MMA,Standard Class,4,PROCESSING,1,54.97000122,15.39000034
South Asia,CDs ,First Class,1,CANCELED,1,11.28999996,0.560000002
South Asia,CDs ,First Class,1,CLOSED,1,11.28999996,0.620000005
South Asia,CDs ,First Class,1,COMPLETE,1,11.28999996,1.129999995
South Asia,CDs ,First Class,1,ON_HOLD,1,11.28999996,0.560000002
South Asia,CDs ,Same Day,0,COMPLETE,1,11.28999996,0.790000021
South Asia,CDs ,Second Class,2,COMPLETE,1,11.28999996,2.029999971
South Asia,CDs ,Second Class,2,PENDING_PAYMENT,1,11.28999996,1.919999957
South Asia,CDs ,Standard Class,4,CLOSED,1,11.28999996,0.449999988
South Asia,CDs ,Standard Class,4,COMPLETE,3,33.869999879999995,5.419999957
South Asia,CDs ,Standard Class,4,ON_HOLD,1,11.28999996,0.790000021
South Asia,CDs ,Standard Class,4,PENDING_PAYMENT,1,11.28999996,2.25999999
South Asia,Cameras ,First Class,1,CLOSED,1,452.0400085,45.20000076
South Asia,Cameras ,First Class,1,PENDING_PAYMENT,1,452.0400085,54.24000168
South Asia,Cameras ,Standard Class,4,COMPLETE,1,452.0400085,40.68000031
South Asia,Camping & Hiking,First Class,1,CLOSED,10,2999.80011,282.0
South Asia,Camping & Hiking,First Class,1,COMPLETE,25,7499.500274999999,763.5
South Asia,Camping & Hiking,First Class,1,ON_HOLD,4,1199.920044,72.0
South Asia,Camping & Hiking,First Class,1,PAYMENT_REVIEW,4,1199.920044,183.0
South Asia,Camping & Hiking,First Class,1,PENDING,4,1199.920044,190.5
South Asia,Camping & Hiking,First Class,1,PENDING_PAYMENT,13,3899.740143,253.5
South Asia,Camping & Hiking,First Class,1,PROCESSING,4,1199.920044,144.0
South Asia,Camping & Hiking,Same Day,0,CLOSED,2,599.960022,15.0
South Asia,Camping & Hiking,Same Day,0,COMPLETE,7,2099.860077,183.0
South Asia,Camping & Hiking,Same Day,0,PENDING_PAYMENT,5,1499.900055,177.0
South Asia,Camping & Hiking,Second Class,2,CLOSED,10,2999.80011,334.5
South Asia,Camping & Hiking,Second Class,2,COMPLETE,27,8099.460297,769.5
South Asia,Camping & Hiking,Second Class,2,ON_HOLD,8,2399.840088,246.0
South Asia,Camping & Hiking,Second Class,2,PAYMENT_REVIEW,1,299.980011,3.0
South Asia,Camping & Hiking,Second Class,2,PENDING,2,599.960022,6.0
South Asia,Camping & Hiking,Second Class,2,PENDING_PAYMENT,13,3899.740143,375.0
South Asia,Camping & Hiking,Second Class,2,PROCESSING,5,1499.900055,120.0
South Asia,Camping & Hiking,Standard Class,4,CLOSED,20,5999.60022,577.5
South Asia,Camping & Hiking,Standard Class,4,COMPLETE,104,31197.921144,3378.0
South Asia,Camping & Hiking,Standard Class,4,ON_HOLD,19,5699.620209,616.5
South Asia,Camping & Hiking,Standard Class,4,PAYMENT_REVIEW,1,299.980011,9.0
South Asia,Camping & Hiking,Standard Class,4,PENDING,6,1799.880066,189.0
South Asia,Camping & Hiking,Standard Class,4,PENDING_PAYMENT,37,11099.260407,942.0
South Asia,Camping & Hiking,Standard Class,4,PROCESSING,12,3599.760132,430.5
South Asia,Camping & Hiking,Standard Class,4,SUSPECTED_FRAUD,4,1199.920044,135.0
South Asia,Cardio Equipment,First Class,1,CLOSED,12,1199.87997432,221.98999786
South Asia,Cardio Equipment,First Class,1,COMPLETE,23,2229.77995292,583.1599922
South Asia,Cardio Equipment,First Class,1,ON_HOLD,2,199.97999572,47.0
South Asia,Cardio Equipment,First Class,1,PAYMENT_REVIEW,2,199.97999572,70.0
South Asia,Cardio Equipment,First Class,1,PENDING,1,99.98999786,15.0
South Asia,Cardio Equipment,First Class,1,PENDING_PAYMENT,11,959.90998074,255.790001632
South Asia,Cardio Equipment,First Class,1,PROCESSING,4,399.95999144,149.98999786000002
South Asia,Cardio Equipment,First Class,1,SUSPECTED_FRAUD,1,99.98999786,0.0
South Asia,Cardio Equipment,Same Day,0,CLOSED,1,99.98999786,2.0
South Asia,Cardio Equipment,Same Day,0,COMPLETE,5,499.9499893,144.98999786000002
South Asia,Cardio Equipment,Same Day,0,ON_HOLD,3,299.96999358,99.0
South Asia,Cardio Equipment,Same Day,0,PENDING,1,99.98999786,8.0
South Asia,Cardio Equipment,Same Day,0,PENDING_PAYMENT,1,99.98999786,7.0
South Asia,Cardio Equipment,Same Day,0,PROCESSING,2,199.97999572,5.5
South Asia,Cardio Equipment,Second Class,2,CLOSED,9,899.90998074,323.4600029
South Asia,Cardio Equipment,Second Class,2,COMPLETE,20,1999.7999572,982.9199867
South Asia,Cardio Equipment,Second Class,2,ON_HOLD,5,499.9499893,248.47999576
South Asia,Cardio Equipment,Second Class,2,PENDING,1,99.98999786,15.0
South Asia,Cardio Equipment,Second Class,2,PENDING_PAYMENT,15,1429.85997004,449.269997591
South Asia,Cardio Equipment,Second Class,2,PROCESSING,1,99.98999786,9.0
South Asia,Cardio Equipment,Second Class,2,SUSPECTED_FRAUD,1,99.98999786,21.0
South Asia,Cardio Equipment,Standard Class,4,CANCELED,1,99.98999786,50.0
South Asia,Cardio Equipment,Standard Class,4,CLOSED,17,1699.82996362,414.98000336
South Asia,Cardio Equipment,Standard Class,4,COMPLETE,73,7229.27984592,2417.139977531
South Asia,Cardio Equipment,Standard Class,4,ON_HOLD,16,1599.83996576,492.45999144
South Asia,Cardio Equipment,Standard Class,4,PENDING,7,699.92998502,332.45999908
South Asia,Cardio Equipment,Standard Class,4,PENDING_PAYMENT,33,3299.66992938,638.98000336
South Asia,Cardio Equipment,Standard Class,4,PROCESSING,13,1299.86997218,379.48000336
South Asia,Cardio Equipment,Standard Class,4,SUSPECTED_FRAUD,3,229.97999572,117.389997955
South Asia,Children's Clothing,First Class,1,PROCESSING,1,357.1000061,32.13999939
South Asia,Children's Clothing,Second Class,2,CLOSED,3,1071.3000183,82.129997726
South Asia,Children's Clothing,Second Class,2,COMPLETE,3,1071.3000183,78.55999947
South Asia,Children's Clothing,Standard Class,4,CLOSED,3,1071.3000183,74.989998336
South Asia,Children's Clothing,Standard Class,4,COMPLETE,2,714.2000122,57.13999939
South Asia,Children's Clothing,Standard Class,4,ON_HOLD,1,357.1000061,35.70999908
South Asia,Children's Clothing,Standard Class,4,PENDING_PAYMENT,1,357.1000061,19.63999939
South Asia,Cleats,First Class,1,CANCELED,1,59.99000168,15.60000038
South Asia,Cleats,First Class,1,CLOSED,6,359.94001008,168.579999445
South Asia,Cleats,First Class,1,COMPLETE,30,1799.7000504,580.420005097
South Asia,Cleats,First Class,1,ON_HOLD,8,479.92001344,101.999999999
South Asia,Cleats,First Class,1,PAYMENT_REVIEW,2,119.98000336,5.400000215
South Asia,Cleats,First Class,1,PENDING,8,479.92001344,112.780000452
South Asia,Cleats,First Class,1,PENDING_PAYMENT,23,1379.77003864,314.379999165
South Asia,Cleats,First Class,1,PROCESSING,7,419.93001176,71.09000015000001
South Asia,Cleats,Same Day,0,CLOSED,3,179.97000504,33.600000379
South Asia,Cleats,Same Day,0,COMPLETE,10,599.9000168,132.890002488
South Asia,Cleats,Same Day,0,ON_HOLD,3,179.97000504,9.599999905
South Asia,Cleats,Same Day,0,PENDING,1,59.99000168,12.60000038
South Asia,Cleats,Same Day,0,PENDING_PAYMENT,10,599.9000168,82.190001965
South Asia,Cleats,Second Class,2,CANCELED,1,59.99000168,53.99000168
South Asia,Cleats,Second Class,2,CLOSED,19,1139.81003192,365.970001825
South Asia,Cleats,Second Class,2,COMPLETE,72,4319.28012096,1256.570009738
South Asia,Cleats,Second Class,2,ON_HOLD,5,299.9500084,34.500000237
South Asia,Cleats,Second Class,2,PENDING,2,119.98000336,17.099999428
South Asia,Cleats,Second Class,2,PENDING_PAYMENT,38,2279.62006384,753.510010365
South Asia,Cleats,Second Class,2,PROCESSING,3,179.97000504,28.200000285
South Asia,Cleats,Second Class,2,SUSPECTED_FRAUD,1,59.99000168,16.79999924
South Asia,Cleats,Standard Class,4,CANCELED,5,299.9500084,81.89000225
South Asia,Cleats,Standard Class,4,CLOSED,26,1559.74004368,511.740010984
South Asia,Cleats,Standard Class,4,COMPLETE,117,7018.830196559999,2189.450023541
South Asia,Cleats,Standard Class,4,ON_HOLD,27,1619.73004536,677.610009667
South Asia,Cleats,Standard Class,4,PENDING,19,1139.81003192,384.850007308
South Asia,Cleats,Standard Class,4,PENDING_PAYMENT,67,4019.33011256,1189.390018006
South Asia,Cleats,Standard Class,4,PROCESSING,35,2099.6500588,797.010011197
South Asia,Cleats,Standard Class,4,SUSPECTED_FRAUD,7,419.93001176,112.799999715
South Asia,Computers,First Class,1,COMPLETE,1,1500.0,240.0
South Asia,Computers,First Class,1,PROCESSING,1,1500.0,300.0
South Asia,Computers,Second Class,2,COMPLETE,3,4500.0,660.0
South Asia,Computers,Second Class,2,PENDING,1,1500.0,0.0
South Asia,Computers,Second Class,2,PENDING_PAYMENT,1,1500.0,255.0
South Asia,Computers,Standard Class,4,CLOSED,2,3000.0,105.0
South Asia,Computers,Standard Class,4,PENDING,1,1500.0,300.0
South Asia,Consumer Electronics,First Class,1,COMPLETE,1,252.8800049,45.52000046
South Asia,Consumer Electronics,First Class,1,ON_HOLD,1,252.8800049,13.90999985
South Asia,Consumer Electronics,First Class,1,PENDING_PAYMENT,1,252.8800049,12.64000034
South Asia,Consumer Electronics,Same Day,0,CLOSED,1,252.8800049,5.059999943
South Asia,Consumer Electronics,Second Class,2,COMPLETE,2,505.7600098,91.04000091
South Asia,Consumer Electronics,Second Class,2,PENDING_PAYMENT,2,505.7600098,58.1600008
South Asia,Consumer Electronics,Standard Class,4,CLOSED,3,758.6400146999999,118.86000252
South Asia,Consumer Electronics,Standard Class,4,COMPLETE,8,2023.0400392,165.640000353
South Asia,Consumer Electronics,Standard Class,4,PENDING_PAYMENT,5,1264.4000245,88.51000119
South Asia,Crafts,First Class,1,CLOSED,3,1384.440033,87.670001514
South Asia,Crafts,First Class,1,COMPLETE,3,1384.440033,179.980002884
South Asia,Crafts,First Class,1,ON_HOLD,2,922.960022,71.53000069
South Asia,Crafts,First Class,1,PENDING,1,461.480011,69.22000122
South Asia,Crafts,First Class,1,PENDING_PAYMENT,5,2307.400055,179.970004564
South Asia,Crafts,First Class,1,PROCESSING,1,461.480011,73.83999634
South Asia,Crafts,First Class,1,SUSPECTED_FRAUD,1,461.480011,55.38000107
South Asia,Crafts,Second Class,2,CLOSED,1,461.480011,0.0
South Asia,Crafts,Second Class,2,COMPLETE,4,1845.920044,207.65999604
South Asia,Crafts,Second Class,2,PENDING,1,461.480011,69.22000122
South Asia,Crafts,Second Class,2,PENDING_PAYMENT,2,922.960022,73.830001354
South Asia,Crafts,Standard Class,4,CLOSED,3,1384.440033,207.67000199
South Asia,Crafts,Standard Class,4,COMPLETE,14,6460.720154,800.660005492
South Asia,Crafts,Standard Class,4,ON_HOLD,1,461.480011,32.29999924
South Asia,Crafts,Standard Class,4,PENDING_PAYMENT,5,2307.400055,216.88999176
South Asia,DVDs,First Class,1,COMPLETE,1,164.3800049,16.44000053
South Asia,DVDs,First Class,1,ON_HOLD,1,164.3800049,27.94000053
South Asia,DVDs,First Class,1,PENDING,1,164.3800049,14.78999996
South Asia,DVDs,First Class,1,PENDING_PAYMENT,1,164.3800049,19.72999954
South Asia,DVDs,Same Day,0,PENDING,1,164.3800049,32.88000107
South Asia,DVDs,Same Day,0,PENDING_PAYMENT,2,328.7600098,73.97999954
South Asia,DVDs,Second Class,2,COMPLETE,2,328.7600098,13.150000095
South Asia,DVDs,Second Class,2,PENDING,1,164.3800049,8.220000267
South Asia,DVDs,Second Class,2,PENDING_PAYMENT,2,328.7600098,14.78999996
South Asia,DVDs,Standard Class,4,CLOSED,3,493.1400147,54.250000596
South Asia,DVDs,Standard Class,4,COMPLETE,6,986.2800294,151.23999976
South Asia,DVDs,Standard Class,4,ON_HOLD,1,164.3800049,41.09999847
South Asia,DVDs,Standard Class,4,PENDING,3,493.1400147,27.940000176
South Asia,DVDs,Standard Class,4,PENDING_PAYMENT,4,657.5200196,83.839997768
South Asia,DVDs,Standard Class,4,PROCESSING,1,164.3800049,24.65999985
South Asia,Electronics,First Class,1,CLOSED,2,63.97999954,17.920000072
South Asia,Electronics,First Class,1,COMPLETE,5,188.95000267,57.189999581
South Asia,Electronics,First Class,1,PENDING,2,76.98000145,30.829999684
South Asia,Electronics,First Class,1,PENDING_PAYMENT,4,183.96000481,75.190000778
South Asia,Electronics,First Class,1,PROCESSING,1,31.98999977,6.71999979
South Asia,Electronics,Same Day,0,COMPLETE,3,95.96999931,19.999999764
South Asia,Electronics,Same Day,0,PENDING,1,47.99000168,17.28000069
South Asia,Electronics,Second Class,2,CLOSED,2,83.98000145,8.640000343
South Asia,Electronics,Second Class,2,COMPLETE,10,397.90000725,158.910001333
South Asia,Electronics,Second Class,2,ON_HOLD,1,31.98999977,3.200000048
South Asia,Electronics,Second Class,2,PENDING,3,108.97000122,38.94000053
South Asia,Electronics,Second Class,2,PENDING_PAYMENT,1,27.98999977,20.14999962
South Asia,Electronics,Standard Class,4,CLOSED,7,312.93000794,105.8100015
South Asia,Electronics,Standard Class,4,COMPLETE,21,819.79001045,218.530000508
South Asia,Electronics,Standard Class,4,ON_HOLD,6,220.94000244,57.800000664
South Asia,Electronics,Standard Class,4,PAYMENT_REVIEW,1,31.98999977,1.600000024
South Asia,Electronics,Standard Class,4,PENDING,7,275.93000412,108.46000195
South Asia,Electronics,Standard Class,4,PENDING_PAYMENT,13,473.87000465,128.16999935500002
South Asia,Electronics,Standard Class,4,PROCESSING,5,195.95000267,111.100000862
South Asia,Fishing,First Class,1,CLOSED,6,2399.880066,292.0
South Asia,Fishing,First Class,1,COMPLETE,15,5999.700165,704.0
South Asia,Fishing,First Class,1,ON_HOLD,2,799.960022,64.0
South Asia,Fishing,First Class,1,PENDING,2,799.960022,34.0
South Asia,Fishing,First Class,1,PENDING_PAYMENT,18,7199.640198,874.0
South Asia,Fishing,First Class,1,PROCESSING,1,399.980011,100.0
South Asia,Fishing,First Class,1,SUSPECTED_FRAUD,1,399.980011,28.0
South Asia,Fishing,Same Day,0,CLOSED,2,799.960022,64.0
South Asia,Fishing,Same Day,0,COMPLETE,3,1199.940033,232.0
South Asia,Fishing,Same Day,0,PROCESSING,1,399.980011,4.0
South Asia,Fishing,Second Class,2,CLOSED,5,1999.900055,238.0
South Asia,Fishing,Second Class,2,COMPLETE,21,8399.580231,874.0
South Asia,Fishing,Second Class,2,ON_HOLD,1,399.980011,52.0
South Asia,Fishing,Second Class,2,PENDING,1,399.980011,36.0
South Asia,Fishing,Second Class,2,PENDING_PAYMENT,3,1199.940033,152.0
South Asia,Fishing,Second Class,2,PROCESSING,1,399.980011,12.0
South Asia,Fishing,Standard Class,4,CLOSED,12,4799.760131999999,268.0
South Asia,Fishing,Standard Class,4,COMPLETE,33,13199.340363,1440.0
South Asia,Fishing,Standard Class,4,ON_HOLD,8,3199.840088,296.0
South Asia,Fishing,Standard Class,4,PENDING,4,1599.920044,204.0
South Asia,Fishing,Standard Class,4,PENDING_PAYMENT,21,8399.580231,980.0
South Asia,Fishing,Standard Class,4,PROCESSING,9,3599.820099,346.0
South Asia,Fitness Accessories,First Class,1,ON_HOLD,1,34.99000168,3.5
South Asia,Fitness Accessories,Same Day,0,COMPLETE,1,34.99000168,0.0
South Asia,Fitness Accessories,Second Class,2,COMPLETE,2,69.98000336,14.69999981
South Asia,Fitness Accessories,Standard Class,4,PENDING_PAYMENT,2,69.98000336,19.949999335
South Asia,Fitness Accessories,Standard Class,4,SUSPECTED_FRAUD,1,34.99000168,12.60000038
South Asia,Garden,First Class,1,COMPLETE,6,3195.4801026,276.94999314
South Asia,Garden,First Class,1,PENDING,2,1065.1600342,213.0399932
South Asia,Garden,Same Day,0,CLOSED,2,1065.1600342,53.25999832
South Asia,Garden,Same Day,0,PENDING_PAYMENT,2,1065.1600342,90.53999901
South Asia,Garden,Same Day,0,PROCESSING,1,532.5800171,133.1499939
South Asia,Garden,Second Class,2,CLOSED,1,532.5800171,21.29999924
South Asia,Garden,Second Class,2,COMPLETE,2,1065.1600342,218.35999298
South Asia,Garden,Second Class,2,PENDING_PAYMENT,1,532.5800171,106.5199966
South Asia,Garden,Second Class,2,PROCESSING,1,532.5800171,26.62999916
South Asia,Garden,Standard Class,4,CANCELED,1,532.5800171,0.0
South Asia,Garden,Standard Class,4,CLOSED,5,2662.9000855,260.9699955
South Asia,Garden,Standard Class,4,COMPLETE,18,9586.4403078,852.129995354
South Asia,Garden,Standard Class,4,ON_HOLD,2,1065.1600342,95.86000062
South Asia,Garden,Standard Class,4,PENDING_PAYMENT,13,6923.540222299999,838.83998672
South Asia,Garden,Standard Class,4,PROCESSING,3,1597.7400512999998,159.77999492
South Asia,Girls' Apparel,First Class,1,CLOSED,2,109.99000168,22.800000191
South Asia,Girls' Apparel,First Class,1,COMPLETE,2,55.0,28.60000038
South Asia,Girls' Apparel,First Class,1,ON_HOLD,1,30.0,0.600000024
South Asia,Girls' Apparel,First Class,1,PENDING,1,39.99000168,5.199999809
South Asia,Girls' Apparel,First Class,1,PENDING_PAYMENT,1,39.99000168,20.79000092
South Asia,Girls' Apparel,Second Class,2,COMPLETE,2,95.0,51.34999847
South Asia,Girls' Apparel,Second Class,2,ON_HOLD,1,70.0,5.599999905
South Asia,Girls' Apparel,Second Class,2,PENDING_PAYMENT,2,69.99000168,26.19999981
South Asia,Girls' Apparel,Standard Class,4,CLOSED,1,30.0,15.60000038
South Asia,Girls' Apparel,Standard Class,4,COMPLETE,10,474.98000336,153.999999287
South Asia,Girls' Apparel,Standard Class,4,ON_HOLD,1,70.0,56.0
South Asia,Girls' Apparel,Standard Class,4,PENDING,4,174.98000336,34.990000968000004
South Asia,Girls' Apparel,Standard Class,4,PENDING_PAYMENT,7,365.0,107.199998859
South Asia,Girls' Apparel,Standard Class,4,PROCESSING,1,25.0,22.5
South Asia,Golf Apparel,First Class,1,COMPLETE,1,19.98999977,3.299999952
South Asia,Golf Apparel,First Class,1,PENDING_PAYMENT,1,19.98999977,1.600000024
South Asia,Golf Apparel,First Class,1,PROCESSING,1,19.98999977,2.599999905
South Asia,Golf Apparel,Same Day,0,PENDING_PAYMENT,1,19.98999977,3.200000048
South Asia,Golf Apparel,Second Class,2,COMPLETE,2,39.97999954,16.589999794
South Asia,Golf Apparel,Standard Class,4,CANCELED,1,19.98999977,15.98999977
South Asia,Golf Apparel,Standard Class,4,COMPLETE,4,79.95999908,24.400000006
South Asia,Golf Apparel,Standard Class,4,ON_HOLD,1,19.98999977,19.98999977
South Asia,Golf Apparel,Standard Class,4,PENDING_PAYMENT,1,19.98999977,0.0
South Asia,Golf Apparel,Standard Class,4,PROCESSING,1,19.98999977,2.599999905
South Asia,Golf Balls,First Class,1,CLOSED,1,19.98999977,4.0
South Asia,Golf Balls,First Class,1,COMPLETE,4,69.95999908,11.490000248
South Asia,Golf Balls,First Class,1,ON_HOLD,2,34.97999954,14.089999675
South Asia,Golf Balls,First Class,1,PENDING_PAYMENT,5,87.94999885,22.979999899
South Asia,Golf Balls,Same Day,0,COMPLETE,2,34.97999954,7.900000006
South Asia,Golf Balls,Second Class,2,CLOSED,1,14.98999977,0.600000024
South Asia,Golf Balls,Second Class,2,COMPLETE,2,37.97999954,16.889999865
South Asia,Golf Balls,Second Class,2,PENDING,1,14.98999977,1.799999952
South Asia,Golf Balls,Second Class,2,PENDING_PAYMENT,2,39.97999954,12.190000292
South Asia,Golf Balls,Second Class,2,PROCESSING,2,34.97999954,8.600000024
South Asia,Golf Balls,Standard Class,4,CANCELED,1,19.98999977,0.0
South Asia,Golf Balls,Standard Class,4,CLOSED,3,47.969999310000006,21.949999808
South Asia,Golf Balls,Standard Class,4,COMPLETE,8,147.91999816,43.619999585
South Asia,Golf Balls,Standard Class,4,ON_HOLD,3,54.969999310000006,20.350000024
South Asia,Golf Balls,Standard Class,4,PENDING,5,84.94999885,15.089999974
South Asia,Golf Balls,Standard Class,4,PENDING_PAYMENT,6,100.93999862,18.50999987
South Asia,Golf Balls,Standard Class,4,PROCESSING,3,52.969999310000006,17.949999928
South Asia,Golf Gloves,First Class,1,CANCELED,1,39.99000168,29.98999977
South Asia,Golf Gloves,First Class,1,CLOSED,3,59.969999311,9.649999976
South Asia,Golf Gloves,First Class,1,COMPLETE,4,114.960002901,5.789999872
South Asia,Golf Gloves,First Class,1,PENDING_PAYMENT,3,74.96999931,11.489999891
South Asia,Golf Gloves,First Class,1,PROCESSING,1,24.98999977,8.5
South Asia,Golf Gloves,Same Day,0,PENDING_PAYMENT,1,39.99000168,1.600000024
South Asia,Golf Gloves,Second Class,2,CLOSED,1,9.989999771,0.300000012
South Asia,Golf Gloves,Second Class,2,COMPLETE,1,39.99000168,0.0
South Asia,Golf Gloves,Second Class,2,ON_HOLD,2,64.98000145,17.389999865
South Asia,Golf Gloves,Second Class,2,PENDING,1,9.989999771,1.700000048
South Asia,Golf Gloves,Second Class,2,PENDING_PAYMENT,2,64.98000145,20.5
South Asia,Golf Gloves,Second Class,2,PROCESSING,2,64.98000145,16.350000381
South Asia,Golf Gloves,Standard Class,4,COMPLETE,9,254.910003661,34.639999627
South Asia,Golf Gloves,Standard Class,4,ON_HOLD,2,49.980001451,4.200000048
South Asia,Golf Gloves,Standard Class,4,PAYMENT_REVIEW,1,9.989999771,1.200000048
South Asia,Golf Gloves,Standard Class,4,PENDING,6,89.939998624,38.789999485
South Asia,Golf Gloves,Standard Class,4,PENDING_PAYMENT,7,189.930002211,89.90999946100001
South Asia,Golf Gloves,Standard Class,4,PROCESSING,6,164.94000435200002,30.900000215
South Asia,Golf Shoes,First Class,1,CLOSED,1,65.0,18.20000076
South Asia,Golf Shoes,First Class,1,COMPLETE,2,130.0,61.099999905
South Asia,Golf Shoes,First Class,1,ON_HOLD,1,65.0,3.579999924
South Asia,Golf Shoes,Same Day,0,CLOSED,1,65.0,48.75
South Asia,Golf Shoes,Same Day,0,COMPLETE,1,65.0,52.0
South Asia,Golf Shoes,Second Class,2,COMPLETE,1,65.0,4.550000191
South Asia,Golf Shoes,Second Class,2,PENDING_PAYMENT,1,65.0,32.5
South Asia,Golf Shoes,Second Class,2,PROCESSING,1,65.0,39.0
South Asia,Golf Shoes,Standard Class,4,COMPLETE,3,195.0,55.900000095
South Asia,Golf Shoes,Standard Class,4,ON_HOLD,1,65.0,65.0
South Asia,Golf Shoes,Standard Class,4,PENDING,1,65.0,42.25
South Asia,Golf Shoes,Standard Class,4,PENDING_PAYMENT,3,195.0,74.09999847
South Asia,Golf Shoes,Standard Class,4,PROCESSING,2,130.0,55.25
South Asia,Health and Beauty,First Class,1,CLOSED,3,879.1200255,90.84999847
South Asia,Health and Beauty,First Class,1,COMPLETE,4,1172.160034,146.52999782
South Asia,Health and Beauty,First Class,1,ON_HOLD,3,879.1200255,84.989997617
South Asia,Health and Beauty,First Class,1,SUSPECTED_FRAUD,1,293.0400085,46.88999939
South Asia,Health and Beauty,Same Day,0,PENDING_PAYMENT,1,293.0400085,2.930000067
South Asia,Health and Beauty,Second Class,2,CLOSED,5,1465.2000425,70.330002788
South Asia,Health and Beauty,Second Class,2,COMPLETE,3,879.1200255,90.839999202
South Asia,Health and Beauty,Second Class,2,PENDING,1,293.0400085,14.64999962
South Asia,Health and Beauty,Second Class,2,PENDING_PAYMENT,2,586.080017,87.90999984999999
South Asia,Health and Beauty,Second Class,2,PROCESSING,2,586.080017,79.12000084
South Asia,Health and Beauty,Standard Class,4,CLOSED,5,1465.2000425,74.72000098699999
South Asia,Health and Beauty,Standard Class,4,COMPLETE,12,3516.480102,477.66000272
South Asia,Health and Beauty,Standard Class,4,ON_HOLD,1,293.0400085,26.37000084
South Asia,Health and Beauty,Standard Class,4,PENDING,1,293.0400085,49.8199997
South Asia,Health and Beauty,Standard Class,4,PENDING_PAYMENT,7,2051.2800595,189.019999259
South Asia,Health and Beauty,Standard Class,4,PROCESSING,4,1172.160034,57.140001302
South Asia,Hockey,First Class,1,CLOSED,1,22.0,3.960000038
South Asia,Hockey,First Class,1,COMPLETE,1,25.0,5.0
South Asia,Hockey,First Class,1,PENDING,1,22.0,14.96000004
South Asia,Hockey,First Class,1,PROCESSING,1,22.0,13.19999981
South Asia,Hockey,Same Day,0,CLOSED,1,25.0,5.0
South Asia,Hockey,Same Day,0,COMPLETE,1,22.0,1.320000052
South Asia,Hockey,Second Class,2,COMPLETE,5,119.0,23.490000128
South Asia,Hockey,Second Class,2,PENDING_PAYMENT,3,69.0,30.399999619
South Asia,Hockey,Second Class,2,SUSPECTED_FRAUD,1,25.0,16.25
South Asia,Hockey,Standard Class,4,CLOSED,1,22.0,13.19999981
South Asia,Hockey,Standard Class,4,COMPLETE,2,50.0,5.75
South Asia,Hockey,Standard Class,4,PENDING,1,22.0,4.619999886
South Asia,Hockey,Standard Class,4,PENDING_PAYMENT,5,119.0,72.25
South Asia,Hockey,Standard Class,4,PROCESSING,1,22.0,17.60000038
South Asia,Hockey,Standard Class,4,SUSPECTED_FRAUD,1,25.0,2.0
South Asia,Hunting & Shooting,First Class,1,CLOSED,1,29.98999977,1.799999952
South Asia,Hunting & Shooting,Second Class,2,PENDING_PAYMENT,2,59.97999954,12.0
South Asia,Hunting & Shooting,Standard Class,4,COMPLETE,1,29.98999977,15.0
South Asia,Hunting & Shooting,Standard Class,4,PENDING,1,29.98999977,25.48999977
South Asia,Hunting & Shooting,Standard Class,4,PENDING_PAYMENT,2,59.97999954,9.300000191
South Asia,Indoor/Outdoor Games,First Class,1,CLOSED,1,49.97999954,2.0
South Asia,Indoor/Outdoor Games,First Class,1,ON_HOLD,2,99.95999908,19.48999977
South Asia,Indoor/Outdoor Games,First Class,1,PENDING,2,99.95999908,11.5
South Asia,Indoor/Outdoor Games,First Class,1,PENDING_PAYMENT,3,149.93999862,1.0
South Asia,Indoor/Outdoor Games,First Class,1,PROCESSING,1,49.97999954,17.48999977
South Asia,Indoor/Outdoor Games,Second Class,2,CLOSED,1,49.97999954,0.5
South Asia,Indoor/Outdoor Games,Second Class,2,PENDING,2,99.95999908,7.0
South Asia,Indoor/Outdoor Games,Second Class,2,PENDING_PAYMENT,1,49.97999954,0.0
South Asia,Indoor/Outdoor Games,Second Class,2,PROCESSING,1,49.97999954,2.0
South Asia,Indoor/Outdoor Games,Standard Class,4,CLOSED,1,49.97999954,7.5
South Asia,Indoor/Outdoor Games,Standard Class,4,COMPLETE,5,249.8999977,72.95999908
South Asia,Indoor/Outdoor Games,Standard Class,4,ON_HOLD,1,49.97999954,7.0
South Asia,Indoor/Outdoor Games,Standard Class,4,PENDING,2,99.95999908,2.5
South Asia,Indoor/Outdoor Games,Standard Class,4,PENDING_PAYMENT,6,299.87999724,31.0
South Asia,Lacrosse,Standard Class,4,CLOSED,1,24.98999977,1.0
South Asia,Lacrosse,Standard Class,4,COMPLETE,1,24.98999977,15.98999977
South Asia,Lacrosse,Standard Class,4,PROCESSING,1,24.98999977,4.0
South Asia,Men's Clothing,First Class,1,CLOSED,1,210.8500061,10.53999996
South Asia,Men's Clothing,First Class,1,ON_HOLD,1,210.8500061,14.76000023
South Asia,Men's Clothing,First Class,1,PENDING_PAYMENT,1,210.8500061,33.74000168
South Asia,Men's Clothing,First Class,1,PROCESSING,1,210.8500061,31.62999916
South Asia,Men's Clothing,Second Class,2,COMPLETE,1,210.8500061,27.40999985
South Asia,Men's Clothing,Second Class,2,PENDING,1,210.8500061,10.53999996
South Asia,Men's Clothing,Second Class,2,PENDING_PAYMENT,2,421.7000122,59.04000092
South Asia,Men's Clothing,Second Class,2,PROCESSING,1,210.8500061,42.16999817
South Asia,Men's Clothing,Standard Class,4,CLOSED,1,210.8500061,6.329999924
South Asia,Men's Clothing,Standard Class,4,COMPLETE,9,1897.6500549,152.880001779
South Asia,Men's Clothing,Standard Class,4,PAYMENT_REVIEW,1,210.8500061,4.21999979
South Asia,Men's Clothing,Standard Class,4,PENDING_PAYMENT,3,632.5500183,59.049999234
South Asia,Men's Clothing,Standard Class,4,PROCESSING,2,421.7000122,44.270000455
South Asia,Men's Footwear,First Class,1,CLOSED,12,1559.880066,146.249999998
South Asia,Men's Footwear,First Class,1,COMPLETE,35,4549.6501925,414.049999243
South Asia,Men's Footwear,First Class,1,ON_HOLD,5,649.9500275,65.649999619
South Asia,Men's Footwear,First Class,1,PAYMENT_REVIEW,1,129.9900055,26.0
South Asia,Men's Footwear,First Class,1,PENDING,5,649.9500275,55.900000807
South Asia,Men's Footwear,First Class,1,PENDING_PAYMENT,22,2859.780121,306.150000571
South Asia,Men's Footwear,First Class,1,PROCESSING,2,259.980011,8.450000047
South Asia,Men's Footwear,Same Day,0,CLOSED,1,129.9900055,16.89999962
South Asia,Men's Footwear,Same Day,0,COMPLETE,12,1559.880066,124.149999857
South Asia,Men's Footwear,Same Day,0,PAYMENT_REVIEW,1,129.9900055,0.0
South Asia,Men's Footwear,Same Day,0,PENDING,2,259.980011,5.199999809
South Asia,Men's Footwear,Same Day,0,PENDING_PAYMENT,5,649.9500275,57.200000762
South Asia,Men's Footwear,Second Class,2,CANCELED,1,129.9900055,15.60000038
South Asia,Men's Footwear,Second Class,2,CLOSED,13,1689.8700715,180.049998762
South Asia,Men's Footwear,Second Class,2,COMPLETE,50,6499.500274999999,702.649997242
South Asia,Men's Footwear,Second Class,2,ON_HOLD,9,1169.9100495,89.050000427
South Asia,Men's Footwear,Second Class,2,PAYMENT_REVIEW,1,129.9900055,15.60000038
South Asia,Men's Footwear,Second Class,2,PENDING,1,129.9900055,13.0
South Asia,Men's Footwear,Second Class,2,PENDING_PAYMENT,26,3379.740143,315.899997958
South Asia,Men's Footwear,Second Class,2,PROCESSING,2,259.980011,16.899999619
South Asia,Men's Footwear,Standard Class,4,CLOSED,28,3639.720154,407.549998762
South Asia,Men's Footwear,Standard Class,4,COMPLETE,150,19498.500825,1823.24999334
South Asia,Men's Footwear,Standard Class,4,ON_HOLD,30,3899.700165,492.050000193
South Asia,Men's Footwear,Standard Class,4,PAYMENT_REVIEW,1,129.9900055,26.0
South Asia,Men's Footwear,Standard Class,4,PENDING,20,2599.80011,276.249998812
South Asia,Men's Footwear,Standard Class,4,PENDING_PAYMENT,81,10529.1904455,1030.249999526
South Asia,Men's Footwear,Standard Class,4,PROCESSING,16,2079.840088,259.999998813
South Asia,Men's Footwear,Standard Class,4,SUSPECTED_FRAUD,4,519.960022,62.39999962
South Asia,Music,First Class,1,COMPLETE,8,2085.1999512,121.209997893
South Asia,Music,First Class,1,PAYMENT_REVIEW,1,260.6499939,26.0699997
South Asia,Music,First Class,1,PENDING,2,521.2999878,49.53000069
South Asia,Music,First Class,1,PENDING_PAYMENT,3,781.9499817000001,23.45999908
South Asia,Music,First Class,1,PROCESSING,1,260.6499939,52.13000107
South Asia,Music,Same Day,0,CLOSED,1,260.6499939,14.34000015
South Asia,Music,Same Day,0,PENDING_PAYMENT,1,260.6499939,13.02999973
South Asia,Music,Second Class,2,CLOSED,1,260.6499939,2.609999895
South Asia,Music,Second Class,2,COMPLETE,5,1303.2499695,218.940006732
South Asia,Music,Second Class,2,PENDING,1,260.6499939,14.34000015
South Asia,Music,Standard Class,4,CLOSED,10,2606.4999390000003,158.999999526
South Asia,Music,Standard Class,4,COMPLETE,14,3649.0999146,294.530005695
South Asia,Music,Standard Class,4,PENDING,1,260.6499939,5.210000038
South Asia,Music,Standard Class,4,PENDING_PAYMENT,11,2867.1499329000003,388.370008705
South Asia,Music,Standard Class,4,PROCESSING,3,781.9499817000001,108.17000198
South Asia,Pet Supplies,First Class,1,COMPLETE,1,84.40000153,12.65999985
South Asia,Pet Supplies,First Class,1,ON_HOLD,1,84.40000153,16.87999916
South Asia,Pet Supplies,First Class,1,PENDING,2,168.80000306,20.259999755
South Asia,Pet Supplies,Same Day,0,COMPLETE,2,168.80000306,14.349999427
South Asia,Pet Supplies,Same Day,0,ON_HOLD,1,84.40000153,10.13000011
South Asia,Pet Supplies,Same Day,0,PENDING,1,84.40000153,0.839999974
South Asia,Pet Supplies,Same Day,0,PENDING_PAYMENT,1,84.40000153,4.639999866
South Asia,Pet Supplies,Second Class,2,CLOSED,2,168.80000306,17.730000014999998
South Asia,Pet Supplies,Second Class,2,COMPLETE,5,422.00000765,48.110000142
South Asia,Pet Supplies,Second Class,2,ON_HOLD,1,84.40000153,1.690000057
South Asia,Pet Supplies,Second Class,2,PENDING_PAYMENT,6,506.40000918,43.469999315
South Asia,Pet Supplies,Second Class,2,PROCESSING,1,84.40000153,7.599999905
South Asia,Pet Supplies,Standard Class,4,CLOSED,3,253.20000459,16.880000117
South Asia,Pet Supplies,Standard Class,4,COMPLETE,12,1012.80001836,110.5599988
South Asia,Pet Supplies,Standard Class,4,ON_HOLD,1,84.40000153,10.13000011
South Asia,Pet Supplies,Standard Class,4,PENDING,2,168.80000306,24.48000049
South Asia,Pet Supplies,Standard Class,4,PENDING_PAYMENT,5,422.00000765,25.73999977
South Asia,Shop By Sport,First Class,1,CLOSED,6,239.94001008,69.989999295
South Asia,Shop By Sport,First Class,1,COMPLETE,19,759.81003192,320.740005293
South Asia,Shop By Sport,First Class,1,ON_HOLD,3,119.97000504,66.180001498
South Asia,Shop By Sport,First Class,1,PAYMENT_REVIEW,1,39.99000168,14.0
South Asia,Shop By Sport,First Class,1,PENDING,4,159.96000672,12.000000239
South Asia,Shop By Sport,First Class,1,PENDING_PAYMENT,16,639.84002688,172.769999858
South Asia,Shop By Sport,First Class,1,PROCESSING,4,159.96000672,22.399999531
South Asia,Shop By Sport,Same Day,0,CLOSED,2,79.98000336,10.19999981
South Asia,Shop By Sport,Same Day,0,COMPLETE,5,199.9500084,32.390000825
South Asia,Shop By Sport,Same Day,0,ON_HOLD,1,39.99000168,4.400000095
South Asia,Shop By Sport,Second Class,2,CLOSED,11,439.89001848,163.580002305
South Asia,Shop By Sport,Second Class,2,COMPLETE,27,1079.73004536,347.15000268
South Asia,Shop By Sport,Second Class,2,ON_HOLD,5,199.9500084,50.400000214
South Asia,Shop By Sport,Second Class,2,PENDING,2,79.98000336,30.80000019
South Asia,Shop By Sport,Second Class,2,PENDING_PAYMENT,15,599.8500252,123.580002909
South Asia,Shop By Sport,Second Class,2,PROCESSING,2,79.98000336,16.799999715
South Asia,Shop By Sport,Second Class,2,SUSPECTED_FRAUD,1,39.99000168,3.200000048
South Asia,Shop By Sport,Standard Class,4,CANCELED,2,79.98000336,11.200000286
South Asia,Shop By Sport,Standard Class,4,CLOSED,16,639.84002688,269.750005246
South Asia,Shop By Sport,Standard Class,4,COMPLETE,61,2409.42009744,753.050005309
South Asia,Shop By Sport,Standard Class,4,ON_HOLD,8,309.93001176,97.479999539
South Asia,Shop By Sport,Standard Class,4,PAYMENT_REVIEW,1,39.99000168,0.800000012
South Asia,Shop By Sport,Standard Class,4,PENDING,8,319.92001344,172.16000367
South Asia,Shop By Sport,Standard Class,4,PENDING_PAYMENT,34,1339.68005376,328.75000208
South Asia,Shop By Sport,Standard Class,4,PROCESSING,12,469.89001848,75.390000878
South Asia,Shop By Sport,Standard Class,4,SUSPECTED_FRAUD,2,79.98000336,28.39999962
South Asia,Sporting Goods,First Class,1,CLOSED,3,983.25,36.049999244
South Asia,Sporting Goods,First Class,1,COMPLETE,8,2622.0,186.830001833
South Asia,Sporting Goods,First Class,1,PENDING,1,327.75,59.0
South Asia,Sporting Goods,First Class,1,PENDING_PAYMENT,1,327.75,16.38999939
South Asia,Sporting Goods,First Class,1,PROCESSING,2,655.5,55.72000122
South Asia,Sporting Goods,Same Day,0,COMPLETE,1,327.75,81.94000244
South Asia,Sporting Goods,Same Day,0,PENDING,1,327.75,52.43999863
South Asia,Sporting Goods,Same Day,0,PENDING_PAYMENT,2,655.5,98.33000183
South Asia,Sporting Goods,Same Day,0,PROCESSING,1,327.75,18.03000069
South Asia,Sporting Goods,Second Class,2,COMPLETE,3,983.25,68.830001111
South Asia,Sporting Goods,Second Class,2,PENDING,2,655.5,55.72000122
South Asia,Sporting Goods,Second Class,2,PENDING_PAYMENT,2,655.5,24.590000633
South Asia,Sporting Goods,Second Class,2,SUSPECTED_FRAUD,1,327.75,22.94000053
South Asia,Sporting Goods,Standard Class,4,CANCELED,1,327.75,29.5
South Asia,Sporting Goods,Standard Class,4,CLOSED,3,983.25,96.69000054
South Asia,Sporting Goods,Standard Class,4,COMPLETE,16,5244.0,524.420008891
South Asia,Sporting Goods,Standard Class,4,ON_HOLD,4,1311.0,106.52000046
South Asia,Sporting Goods,Standard Class,4,PENDING,9,2949.75,221.239995964
South Asia,Sporting Goods,Standard Class,4,PENDING_PAYMENT,9,2949.75,178.640002733
South Asia,Sporting Goods,Standard Class,4,PROCESSING,9,2949.75,344.160005324
South Asia,Tennis & Racquet,First Class,1,COMPLETE,1,44.99000168,0.0
South Asia,Tennis & Racquet,First Class,1,PENDING,1,44.99000168,5.849999905
South Asia,Tennis & Racquet,First Class,1,PENDING_PAYMENT,1,44.99000168,20.25
South Asia,Tennis & Racquet,Standard Class,4,PENDING_PAYMENT,1,44.99000168,7.650000095
South Asia,Tennis & Racquet,Standard Class,4,PROCESSING,1,44.99000168,8.100000381
South Asia,Toys,First Class,1,CLOSED,2,23.07999992,1.49999997
South Asia,Toys,First Class,1,COMPLETE,3,34.619999879999995,5.660000056
South Asia,Toys,First Class,1,ON_HOLD,1,11.53999996,1.850000024
South Asia,Toys,First Class,1,PENDING,1,11.53999996,1.149999976
South Asia,Toys,First Class,1,PENDING_PAYMENT,2,23.07999992,4.390000105
South Asia,Toys,First Class,1,PROCESSING,3,34.619999879999995,0.460000008
South Asia,Toys,Same Day,0,PENDING,1,11.53999996,1.039999962
South Asia,Toys,Same Day,0,PENDING_PAYMENT,1,11.53999996,1.960000038
South Asia,Toys,Second Class,2,CLOSED,2,23.07999992,2.890000105
South Asia,Toys,Second Class,2,COMPLETE,6,69.23999975999999,10.169999831
South Asia,Toys,Second Class,2,ON_HOLD,1,11.53999996,1.149999976
South Asia,Toys,Second Class,2,PENDING,1,11.53999996,1.960000038
South Asia,Toys,Second Class,2,PENDING_PAYMENT,4,46.15999984,3.119999937
South Asia,Toys,Second Class,2,PROCESSING,4,46.15999984,5.249999881
South Asia,Toys,Standard Class,4,CANCELED,2,23.07999992,1.850000016
South Asia,Toys,Standard Class,4,CLOSED,7,80.77999971999999,10.980000168
South Asia,Toys,Standard Class,4,COMPLETE,12,138.47999951999998,15.29000005
South Asia,Toys,Standard Class,4,ON_HOLD,3,34.619999879999995,5.600000024
South Asia,Toys,Standard Class,4,PAYMENT_REVIEW,2,23.07999992,1.959999978
South Asia,Toys,Standard Class,4,PENDING,7,80.77999971999999,5.769999957
South Asia,Toys,Standard Class,4,PENDING_PAYMENT,6,69.23999975999999,4.739999994
South Asia,Toys,Standard Class,4,PROCESSING,9,103.85999964,8.069999932
South Asia,Trade-In,First Class,1,CLOSED,2,37.97999954,20.48999977
South Asia,Trade-In,First Class,1,COMPLETE,1,21.98999977,0.439999998
South Asia,Trade-In,First Class,1,PENDING,1,21.98999977,7.480000019
South Asia,Trade-In,Same Day,0,COMPLETE,1,21.98999977,1.980000019
South Asia,Trade-In,Second Class,2,CLOSED,1,21.98999977,1.100000024
South Asia,Trade-In,Second Class,2,COMPLETE,4,63.95999908,19.670000252
South Asia,Trade-In,Second Class,2,ON_HOLD,1,21.98999977,2.640000105
South Asia,Trade-In,Second Class,2,PENDING_PAYMENT,1,15.98999977,11.98999977
South Asia,Trade-In,Standard Class,4,CANCELED,1,15.98999977,8.149999619
South Asia,Trade-In,Standard Class,4,CLOSED,6,113.93999862,48.739999062
South Asia,Trade-In,Standard Class,4,COMPLETE,4,69.95999908,12.800000011999998
South Asia,Trade-In,Standard Class,4,PENDING_PAYMENT,3,65.96999931,26.170000074
South Asia,Trade-In,Standard Class,4,PROCESSING,2,31.97999954,27.97999954
South Asia,Video Games,First Class,1,CLOSED,2,79.5,0.0
South Asia,Video Games,First Class,1,COMPLETE,5,198.75,25.049999625
South Asia,Video Games,First Class,1,ON_HOLD,1,39.75,7.949999809
South Asia,Video Games,First Class,1,PENDING,2,79.5,15.899999618
South Asia,Video Games,First Class,1,PENDING_PAYMENT,2,79.5,15.109999656
South Asia,Video Games,First Class,1,PROCESSING,1,39.75,3.980000019
South Asia,Video Games,Same Day,0,CLOSED,3,119.25,9.139999866
South Asia,Video Games,Same Day,0,COMPLETE,6,238.5,19.889999539
South Asia,Video Games,Same Day,0,PENDING_PAYMENT,4,159.0,4.580000102
South Asia,Video Games,Second Class,2,CLOSED,6,238.5,11.930000007
South Asia,Video Games,Second Class,2,COMPLETE,8,318.0,48.699999331
South Asia,Video Games,Second Class,2,ON_HOLD,5,198.75,8.360000014
South Asia,Video Games,Second Class,2,PAYMENT_REVIEW,1,39.75,7.159999847
South Asia,Video Games,Second Class,2,PENDING_PAYMENT,6,238.5,21.880000114
South Asia,Video Games,Second Class,2,PROCESSING,1,39.75,1.590000033
South Asia,Video Games,Standard Class,4,CLOSED,11,437.25,41.159999758
South Asia,Video Games,Standard Class,4,COMPLETE,30,1192.5,138.179999706
South Asia,Video Games,Standard Class,4,ON_HOLD,6,238.5,28.629999458
South Asia,Video Games,Standard Class,4,PAYMENT_REVIEW,2,79.5,8.350000262
South Asia,Video Games,Standard Class,4,PENDING,3,119.25,14.720000088
South Asia,Video Games,Standard Class,4,PENDING_PAYMENT,16,636.0,62.039999574
South Asia,Video Games,Standard Class,4,PROCESSING,2,79.5,4.379999936
South Asia,Water Sports,First Class,1,CLOSED,7,1399.9300385,116.0
South Asia,Water Sports,First Class,1,COMPLETE,28,5599.720154,566.0
South Asia,Water Sports,First Class,1,ON_HOLD,7,1399.9300385,116.0
South Asia,Water Sports,First Class,1,PAYMENT_REVIEW,1,199.9900055,6.0
South Asia,Water Sports,First Class,1,PENDING,10,1999.900055,164.0
South Asia,Water Sports,First Class,1,PENDING_PAYMENT,28,5599.720154,560.0
South Asia,Water Sports,First Class,1,PROCESSING,14,2799.860077,332.0
South Asia,Water Sports,First Class,1,SUSPECTED_FRAUD,1,199.9900055,26.0
South Asia,Water Sports,Same Day,0,CLOSED,6,1199.940033,87.0
South Asia,Water Sports,Same Day,0,COMPLETE,10,1999.900055,178.0
South Asia,Water Sports,Same Day,0,ON_HOLD,1,199.9900055,14.0
South Asia,Water Sports,Same Day,0,PENDING,2,399.980011,52.0
South Asia,Water Sports,Same Day,0,PENDING_PAYMENT,9,1799.9100495,88.0
South Asia,Water Sports,Same Day,0,PROCESSING,4,799.960022,58.0
South Asia,Water Sports,Second Class,2,CANCELED,2,399.980011,64.0
South Asia,Water Sports,Second Class,2,CLOSED,23,4599.7701265,404.0
South Asia,Water Sports,Second Class,2,COMPLETE,40,7999.60022,760.0
South Asia,Water Sports,Second Class,2,ON_HOLD,5,999.9500275,81.0
South Asia,Water Sports,Second Class,2,PENDING,17,3399.8300935,385.0
South Asia,Water Sports,Second Class,2,PENDING_PAYMENT,43,8599.5702365,809.0
South Asia,Water Sports,Second Class,2,PROCESSING,13,2599.8700715,259.0
South Asia,Water Sports,Second Class,2,SUSPECTED_FRAUD,3,599.9700164999999,84.0
South Asia,Water Sports,Standard Class,4,CANCELED,7,1399.9300385,179.0
South Asia,Water Sports,Standard Class,4,CLOSED,22,4399.780121,352.0
South Asia,Water Sports,Standard Class,4,COMPLETE,95,18999.0505225,1889.0
South Asia,Water Sports,Standard Class,4,ON_HOLD,20,3999.80011,506.0
South Asia,Water Sports,Standard Class,4,PENDING,41,8199.5902255,958.0
South Asia,Water Sports,Standard Class,4,PENDING_PAYMENT,72,14399.280396,1711.0
South Asia,Water Sports,Standard Class,4,PROCESSING,48,9599.520264,1297.0
South Asia,Water Sports,Standard Class,4,SUSPECTED_FRAUD,5,999.9500275,160.0
South Asia,Women's Apparel,First Class,1,CANCELED,1,50.0,0.0
South Asia,Women's Apparel,First Class,1,CLOSED,10,500.0,171.75
South Asia,Women's Apparel,First Class,1,COMPLETE,33,1650.0,533.5
South Asia,Women's Apparel,First Class,1,ON_HOLD,7,350.0,90.5
South Asia,Women's Apparel,First Class,1,PAYMENT_REVIEW,1,50.0,4.0
South Asia,Women's Apparel,First Class,1,PENDING,3,150.0,27.5
South Asia,Women's Apparel,First Class,1,PENDING_PAYMENT,30,1500.0,476.75
South Asia,Women's Apparel,First Class,1,PROCESSING,4,200.0,53.0
South Asia,Women's Apparel,Same Day,0,CLOSED,4,200.0,26.5
South Asia,Women's Apparel,Same Day,0,COMPLETE,5,250.0,81.5
South Asia,Women's Apparel,Same Day,0,ON_HOLD,1,50.0,10.0
South Asia,Women's Apparel,Same Day,0,PENDING,1,50.0,26.0
South Asia,Women's Apparel,Same Day,0,PENDING_PAYMENT,7,350.0,109.0
South Asia,Women's Apparel,Same Day,0,PROCESSING,1,50.0,30.0
South Asia,Women's Apparel,Second Class,2,CLOSED,11,550.0,175.25
South Asia,Women's Apparel,Second Class,2,COMPLETE,51,2550.0,671.5
South Asia,Women's Apparel,Second Class,2,ON_HOLD,2,100.0,25.0
South Asia,Women's Apparel,Second Class,2,PAYMENT_REVIEW,1,50.0,7.5
South Asia,Women's Apparel,Second Class,2,PENDING,3,150.0,43.0
South Asia,Women's Apparel,Second Class,2,PENDING_PAYMENT,32,1600.0,370.25
South Asia,Women's Apparel,Second Class,2,PROCESSING,5,250.0,67.5
South Asia,Women's Apparel,Standard Class,4,CANCELED,3,150.0,38.5
South Asia,Women's Apparel,Standard Class,4,CLOSED,22,1100.0,406.0
South Asia,Women's Apparel,Standard Class,4,COMPLETE,95,4750.0,1439.5
South Asia,Women's Apparel,Standard Class,4,ON_HOLD,22,1100.0,294.5
South Asia,Women's Apparel,Standard Class,4,PAYMENT_REVIEW,1,50.0,10.0
South Asia,Women's Apparel,Standard Class,4,PENDING,15,750.0,340.5
South Asia,Women's Apparel,Standard Class,4,PENDING_PAYMENT,55,2750.0,692.5
South Asia,Women's Apparel,Standard Class,4,PROCESSING,24,1200.0,422.0
South Asia,Women's Clothing,First Class,1,CLOSED,2,431.6400146,30.219999556
South Asia,Women's Clothing,First Class,1,COMPLETE,6,1294.9200437999998,128.40999795
South Asia,Women's Clothing,First Class,1,ON_HOLD,1,215.8200073,4.320000172
South Asia,Women's Clothing,First Class,1,PENDING_PAYMENT,1,215.8200073,19.42000008
South Asia,Women's Clothing,Same Day,0,COMPLETE,2,431.6400146,82.01999855
South Asia,Women's Clothing,Same Day,0,PAYMENT_REVIEW,1,215.8200073,28.05999947
South Asia,Women's Clothing,Same Day,0,PENDING,1,215.8200073,25.89999962
South Asia,Women's Clothing,Same Day,0,PENDING_PAYMENT,1,215.8200073,36.68999863
South Asia,Women's Clothing,Same Day,0,PROCESSING,1,215.8200073,8.630000114
South Asia,Women's Clothing,Second Class,2,CLOSED,3,647.4600218999999,84.169998406
South Asia,Women's Clothing,Second Class,2,COMPLETE,16,3453.1201168,331.279994026
South Asia,Women's Clothing,Second Class,2,PENDING_PAYMENT,5,1079.1000365,91.7299986
South Asia,Women's Clothing,Second Class,2,PROCESSING,2,431.6400146,71.21999740999999
South Asia,Women's Clothing,Standard Class,4,CLOSED,11,2374.0200803,169.40999699399998
South Asia,Women's Clothing,Standard Class,4,COMPLETE,18,3884.7601314,323.729993826
South Asia,Women's Clothing,Standard Class,4,ON_HOLD,2,431.6400146,43.15999985
South Asia,Women's Clothing,Standard Class,4,PENDING,5,1079.1000365,140.28999615
South Asia,Women's Clothing,Standard Class,4,PENDING_PAYMENT,14,3021.4801022,207.18999697
South Asia,Women's Clothing,Standard Class,4,PROCESSING,2,431.6400146,75.539999
South of  USA ,Accessories,First Class,1,CLOSED,1,24.98999977,16.23999977
South of  USA ,Accessories,First Class,1,COMPLETE,2,49.97999954,14.48999977
South of  USA ,Accessories,First Class,1,PENDING_PAYMENT,3,74.96999931,16.5
South of  USA ,Accessories,Same Day,0,CLOSED,1,24.98999977,24.98999977
South of  USA ,Accessories,Second Class,2,COMPLETE,3,74.96999931,25.98999977
South of  USA ,Accessories,Second Class,2,PENDING_PAYMENT,1,24.98999977,4.5
South of  USA ,Accessories,Standard Class,4,CANCELED,1,24.98999977,6.25
South of  USA ,Accessories,Standard Class,4,CLOSED,1,24.98999977,24.98999977
South of  USA ,Accessories,Standard Class,4,COMPLETE,7,174.92999839,58.48999977
South of  USA ,Accessories,Standard Class,4,ON_HOLD,3,74.96999931,17.5
South of  USA ,Accessories,Standard Class,4,PENDING_PAYMENT,2,49.97999954,31.73999977
South of  USA ,Accessories,Standard Class,4,PROCESSING,1,24.98999977,0.0
South of  USA ,Baseball & Softball,First Class,1,CLOSED,1,59.99000168,43.18999863
South of  USA ,Baseball & Softball,First Class,1,COMPLETE,1,34.99000168,0.0
South of  USA ,Baseball & Softball,First Class,1,PENDING_PAYMENT,1,59.99000168,32.38999939
South of  USA ,Baseball & Softball,Same Day,0,COMPLETE,1,59.99000168,14.39999962
South of  USA ,Baseball & Softball,Second Class,2,PENDING,1,34.99000168,5.949999809
South of  USA ,Baseball & Softball,Standard Class,4,CLOSED,1,59.99000168,19.20000076
South of  USA ,Baseball & Softball,Standard Class,4,COMPLETE,3,129.97000504,58.890001775
South of  USA ,Baseball & Softball,Standard Class,4,PENDING_PAYMENT,1,34.99000168,1.049999952
South of  USA ,Boxing & MMA,Second Class,2,COMPLETE,1,54.97000122,24.73999977
South of  USA ,Boxing & MMA,Second Class,2,PENDING_PAYMENT,1,54.97000122,8.25
South of  USA ,Boxing & MMA,Second Class,2,PROCESSING,1,54.97000122,2.200000048
South of  USA ,Boxing & MMA,Standard Class,4,COMPLETE,1,54.97000122,41.22999954
South of  USA ,Boxing & MMA,Standard Class,4,PENDING,1,54.97000122,5.5
South of  USA ,Camping & Hiking,First Class,1,CLOSED,4,1199.920044,129.0
South of  USA ,Camping & Hiking,First Class,1,COMPLETE,18,5399.640198,555.0
South of  USA ,Camping & Hiking,First Class,1,ON_HOLD,1,299.980011,51.0
South of  USA ,Camping & Hiking,First Class,1,PENDING,3,899.940033,117.0
South of  USA ,Camping & Hiking,First Class,1,PENDING_PAYMENT,8,2399.840088,151.5
South of  USA ,Camping & Hiking,First Class,1,PROCESSING,3,899.940033,99.0
South of  USA ,Camping & Hiking,Same Day,0,CANCELED,4,1199.920044,105.0
South of  USA ,Camping & Hiking,Same Day,0,CLOSED,2,599.960022,3.0
South of  USA ,Camping & Hiking,Same Day,0,COMPLETE,5,1499.900055,132.0
South of  USA ,Camping & Hiking,Same Day,0,PENDING_PAYMENT,2,599.960022,45.0
South of  USA ,Camping & Hiking,Second Class,2,CLOSED,3,899.940033,159.0
South of  USA ,Camping & Hiking,Second Class,2,COMPLETE,18,5399.640198,496.5
South of  USA ,Camping & Hiking,Second Class,2,ON_HOLD,1,299.980011,36.0
South of  USA ,Camping & Hiking,Second Class,2,PENDING,2,599.960022,24.0
South of  USA ,Camping & Hiking,Second Class,2,PENDING_PAYMENT,18,5399.640198,676.5
South of  USA ,Camping & Hiking,Second Class,2,PROCESSING,1,299.980011,45.0
South of  USA ,Camping & Hiking,Standard Class,4,CANCELED,3,899.940033,189.0
South of  USA ,Camping & Hiking,Standard Class,4,CLOSED,17,5099.660187,504.0
South of  USA ,Camping & Hiking,Standard Class,4,COMPLETE,42,12599.160462,1242.0
South of  USA ,Camping & Hiking,Standard Class,4,ON_HOLD,7,2099.860077,288.0
South of  USA ,Camping & Hiking,Standard Class,4,PAYMENT_REVIEW,4,1199.920044,39.0
South of  USA ,Camping & Hiking,Standard Class,4,PENDING,3,899.940033,138.0
South of  USA ,Camping & Hiking,Standard Class,4,PENDING_PAYMENT,25,7499.500274999999,633.0
South of  USA ,Camping & Hiking,Standard Class,4,PROCESSING,4,1199.920044,183.0
South of  USA ,Camping & Hiking,Standard Class,4,SUSPECTED_FRAUD,1,299.980011,27.0
South of  USA ,Cardio Equipment,First Class,1,CLOSED,3,299.96999358,145.98000336
South of  USA ,Cardio Equipment,First Class,1,COMPLETE,13,1299.86997218,539.94000244
South of  USA ,Cardio Equipment,First Class,1,ON_HOLD,2,199.97999572,96.0
South of  USA ,Cardio Equipment,First Class,1,PENDING,4,399.95999144,149.9899979
South of  USA ,Cardio Equipment,First Class,1,PENDING_PAYMENT,4,399.95999144,183.98999786
South of  USA ,Cardio Equipment,First Class,1,PROCESSING,3,299.96999358,75.49000168
South of  USA ,Cardio Equipment,Same Day,0,CANCELED,1,99.98999786,36.0
South of  USA ,Cardio Equipment,Same Day,0,COMPLETE,3,299.96999358,44.0
South of  USA ,Cardio Equipment,Same Day,0,PENDING,1,99.98999786,74.98999786
South of  USA ,Cardio Equipment,Same Day,0,PENDING_PAYMENT,3,299.96999358,60.0
South of  USA ,Cardio Equipment,Second Class,2,CANCELED,1,99.98999786,124.9899979
South of  USA ,Cardio Equipment,Second Class,2,CLOSED,1,99.98999786,32.0
South of  USA ,Cardio Equipment,Second Class,2,COMPLETE,16,1599.83996576,453.9699974
South of  USA ,Cardio Equipment,Second Class,2,ON_HOLD,3,299.96999358,9.5
South of  USA ,Cardio Equipment,Second Class,2,PAYMENT_REVIEW,1,99.98999786,45.0
South of  USA ,Cardio Equipment,Second Class,2,PENDING,3,299.96999358,153.98999786000002
South of  USA ,Cardio Equipment,Second Class,2,PENDING_PAYMENT,12,1199.87997432,399.97999572
South of  USA ,Cardio Equipment,Second Class,2,PROCESSING,1,99.98999786,10.0
South of  USA ,Cardio Equipment,Standard Class,4,CANCELED,2,199.97999572,89.98999786
South of  USA ,Cardio Equipment,Standard Class,4,CLOSED,20,1929.80995934,819.2299928900001
South of  USA ,Cardio Equipment,Standard Class,4,COMPLETE,27,2559.7499465,700.95000076
South of  USA ,Cardio Equipment,Standard Class,4,ON_HOLD,5,499.9499893,52.0
South of  USA ,Cardio Equipment,Standard Class,4,PAYMENT_REVIEW,2,199.97999572,57.0
South of  USA ,Cardio Equipment,Standard Class,4,PENDING,4,399.95999144,44.0
South of  USA ,Cardio Equipment,Standard Class,4,PENDING_PAYMENT,24,2399.75994864,677.47000126
South of  USA ,Cardio Equipment,Standard Class,4,PROCESSING,9,899.90998074,232.97999572
South of  USA ,Cardio Equipment,Standard Class,4,SUSPECTED_FRAUD,1,99.98999786,21.0
South of  USA ,Cleats,First Class,1,CANCELED,2,119.98000336,59.38999939
South of  USA ,Cleats,First Class,1,CLOSED,4,239.96000672,71.389998678
South of  USA ,Cleats,First Class,1,COMPLETE,32,1919.68005376,472.170002819
South of  USA ,Cleats,First Class,1,ON_HOLD,5,299.9500084,67.799999239
South of  USA ,Cleats,First Class,1,PAYMENT_REVIEW,1,59.99000168,35.99000168
South of  USA ,Cleats,First Class,1,PENDING,5,299.9500084,115.19000244
South of  USA ,Cleats,First Class,1,PENDING_PAYMENT,14,839.86002352,251.060002092
South of  USA ,Cleats,First Class,1,PROCESSING,2,119.98000336,57.59999848
South of  USA ,Cleats,Same Day,0,CANCELED,1,59.99000168,3.0
South of  USA ,Cleats,Same Day,0,CLOSED,3,179.97000504,28.200000761
South of  USA ,Cleats,Same Day,0,COMPLETE,7,419.93001176,86.10000038199999
South of  USA ,Cleats,Same Day,0,ON_HOLD,1,59.99000168,5.400000095
South of  USA ,Cleats,Same Day,0,PAYMENT_REVIEW,1,59.99000168,12.0
South of  USA ,Cleats,Same Day,0,PENDING_PAYMENT,3,179.97000504,25.200000048
South of  USA ,Cleats,Same Day,0,PROCESSING,2,119.98000336,11.400000095
South of  USA ,Cleats,Second Class,2,CLOSED,11,659.89001848,215.380001546
South of  USA ,Cleats,Second Class,2,COMPLETE,39,2339.61006552,747.520008692
South of  USA ,Cleats,Second Class,2,ON_HOLD,6,359.94001008,46.200000761
South of  USA ,Cleats,Second Class,2,PAYMENT_REVIEW,2,119.98000336,15.60000038
South of  USA ,Cleats,Second Class,2,PENDING,3,179.97000504,69.59000111099999
South of  USA ,Cleats,Second Class,2,PENDING_PAYMENT,25,1499.750042,587.020006198
South of  USA ,Cleats,Second Class,2,PROCESSING,5,299.9500084,53.399999621
South of  USA ,Cleats,Standard Class,4,CANCELED,5,299.9500084,58.499999761
South of  USA ,Cleats,Standard Class,4,CLOSED,20,1199.8000336,401.660004857
South of  USA ,Cleats,Standard Class,4,COMPLETE,60,3599.4001008,1114.990010268
South of  USA ,Cleats,Standard Class,4,ON_HOLD,9,539.91001512,118.190001727
South of  USA ,Cleats,Standard Class,4,PAYMENT_REVIEW,4,239.96000672,52.790001632
South of  USA ,Cleats,Standard Class,4,PENDING,18,1079.82003024,256.480002647
South of  USA ,Cleats,Standard Class,4,PENDING_PAYMENT,41,2459.59006888,505.73000324
South of  USA ,Cleats,Standard Class,4,PROCESSING,17,1019.83002856,410.340002793
South of  USA ,Cleats,Standard Class,4,SUSPECTED_FRAUD,4,239.96000672,101.99000168
South of  USA ,Electronics,First Class,1,COMPLETE,2,83.98000145,10.559999705
South of  USA ,Electronics,First Class,1,PENDING_PAYMENT,4,159.9600029,51.269999983000005
South of  USA ,Electronics,Same Day,0,CANCELED,1,31.98999977,14.39999962
South of  USA ,Electronics,Same Day,0,COMPLETE,2,76.98000145,21.320000651
South of  USA ,Electronics,Same Day,0,ON_HOLD,1,51.99000168,37.43000031
South of  USA ,Electronics,Second Class,2,CLOSED,2,63.97999954,22.079999921
South of  USA ,Electronics,Second Class,2,COMPLETE,4,147.96000099,61.260000224
South of  USA ,Electronics,Second Class,2,ON_HOLD,4,199.96000672,56.929998869
South of  USA ,Electronics,Second Class,2,PENDING,1,51.99000168,41.59000015
South of  USA ,Electronics,Second Class,2,PENDING_PAYMENT,6,227.94000244,73.109999654
South of  USA ,Electronics,Second Class,2,PROCESSING,1,31.98999977,3.519999981
South of  USA ,Electronics,Standard Class,4,CLOSED,4,152.9600029,99.520001648
South of  USA ,Electronics,Standard Class,4,COMPLETE,9,372.91000748,147.820003041
South of  USA ,Electronics,Standard Class,4,ON_HOLD,3,115.97000122,30.640000341
South of  USA ,Electronics,Standard Class,4,PAYMENT_REVIEW,2,83.98000145,30.830000635
South of  USA ,Electronics,Standard Class,4,PENDING,4,136.96000099,71.04000139499999
South of  USA ,Electronics,Standard Class,4,PENDING_PAYMENT,6,259.94000626,20.640000342
South of  USA ,Electronics,Standard Class,4,PROCESSING,3,108.97000122,46.830001058
South of  USA ,Fitness Accessories,First Class,1,PENDING_PAYMENT,1,34.99000168,0.0
South of  USA ,Fitness Accessories,Second Class,2,COMPLETE,2,69.98000336,40.23999977
South of  USA ,Fitness Accessories,Standard Class,4,PROCESSING,2,69.98000336,22.75
South of  USA ,Girls' Apparel,First Class,1,COMPLETE,1,39.99000168,23.98999977
South of  USA ,Girls' Apparel,First Class,1,PENDING,1,39.99000168,12.0
South of  USA ,Girls' Apparel,First Class,1,PENDING_PAYMENT,1,70.0,70.0
South of  USA ,Girls' Apparel,First Class,1,PROCESSING,1,70.0,3.849999905
South of  USA ,Girls' Apparel,Second Class,2,CLOSED,2,64.99000168,21.400000095
South of  USA ,Girls' Apparel,Second Class,2,COMPLETE,1,30.0,13.5
South of  USA ,Girls' Apparel,Second Class,2,PENDING_PAYMENT,3,125.0,17.099999905
South of  USA ,Girls' Apparel,Standard Class,4,CANCELED,1,39.99000168,0.0
South of  USA ,Girls' Apparel,Standard Class,4,CLOSED,1,70.0,14.0
South of  USA ,Girls' Apparel,Standard Class,4,COMPLETE,6,199.97000504,34.100000203
South of  USA ,Girls' Apparel,Standard Class,4,PROCESSING,3,139.99000168,44.490000721
South of  USA ,Golf Apparel,Second Class,2,COMPLETE,1,19.98999977,4.0
South of  USA ,Golf Apparel,Standard Class,4,COMPLETE,1,19.98999977,6.0
South of  USA ,Golf Apparel,Standard Class,4,PENDING,2,39.97999954,27.38000011
South of  USA ,Golf Apparel,Standard Class,4,PROCESSING,1,19.98999977,7.199999809
South of  USA ,Golf Balls,First Class,1,CLOSED,1,14.98999977,3.0
South of  USA ,Golf Balls,First Class,1,COMPLETE,1,14.98999977,5.400000095
South of  USA ,Golf Balls,First Class,1,SUSPECTED_FRAUD,1,14.98999977,6.0
South of  USA ,Golf Balls,Same Day,0,COMPLETE,3,47.969999310000006,4.950000048
South of  USA ,Golf Balls,Same Day,0,PENDING_PAYMENT,1,17.98999977,1.799999952
South of  USA ,Golf Balls,Second Class,2,CLOSED,2,35.97999954,11.880000353
South of  USA ,Golf Balls,Second Class,2,COMPLETE,3,54.969999310000006,16.199999809
South of  USA ,Golf Balls,Second Class,2,PENDING,1,14.98999977,5.099999905
South of  USA ,Golf Balls,Standard Class,4,CLOSED,2,29.97999954,3.900000095
South of  USA ,Golf Balls,Standard Class,4,COMPLETE,7,119.92999839,21.950000434
South of  USA ,Golf Balls,Standard Class,4,ON_HOLD,1,14.98999977,4.119999886
South of  USA ,Golf Balls,Standard Class,4,PENDING,1,19.98999977,9.600000381
South of  USA ,Golf Balls,Standard Class,4,PENDING_PAYMENT,3,49.969999310000006,6.100000024
South of  USA ,Golf Balls,Standard Class,4,PROCESSING,1,14.98999977,8.989999771
South of  USA ,Golf Gloves,First Class,1,COMPLETE,3,104.97000313,73.13000106999999
South of  USA ,Golf Gloves,First Class,1,PENDING_PAYMENT,1,39.99000168,3.200000048
South of  USA ,Golf Gloves,Same Day,0,PROCESSING,1,9.989999771,2.700000048
South of  USA ,Golf Gloves,Second Class,2,COMPLETE,3,74.970001221,22.729999779
South of  USA ,Golf Gloves,Second Class,2,PENDING,1,39.99000168,20.0
South of  USA ,Golf Gloves,Second Class,2,PROCESSING,1,39.99000168,8.0
South of  USA ,Golf Gloves,Standard Class,4,COMPLETE,4,114.96000099,45.509999276
South of  USA ,Golf Gloves,Standard Class,4,PENDING,2,64.98000145,46.73000145
South of  USA ,Golf Gloves,Standard Class,4,PENDING_PAYMENT,2,64.98000145,22.95000076
South of  USA ,Golf Gloves,Standard Class,4,PROCESSING,3,119.97000504,32.800000190999995
South of  USA ,Golf Gloves,Standard Class,4,SUSPECTED_FRAUD,1,9.989999771,0.0
South of  USA ,Golf Shoes,First Class,1,COMPLETE,1,65.0,0.0
South of  USA ,Golf Shoes,Second Class,2,COMPLETE,1,65.0,1.950000048
South of  USA ,Golf Shoes,Second Class,2,PENDING,1,65.0,31.20000076
South of  USA ,Golf Shoes,Standard Class,4,CLOSED,1,65.0,9.100000381
South of  USA ,Golf Shoes,Standard Class,4,COMPLETE,1,65.0,33.79999924
South of  USA ,Golf Shoes,Standard Class,4,ON_HOLD,3,195.0,45.50000095
South of  USA ,Golf Shoes,Standard Class,4,PENDING,1,65.0,7.150000095
South of  USA ,Golf Shoes,Standard Class,4,PENDING_PAYMENT,1,65.0,11.69999981
South of  USA ,Golf Shoes,Standard Class,4,PROCESSING,1,65.0,17.54999924
South of  USA ,Hockey,First Class,1,COMPLETE,1,25.0,3.75
South of  USA ,Hockey,First Class,1,PENDING_PAYMENT,1,22.0,7.480000019
South of  USA ,Hockey,First Class,1,SUSPECTED_FRAUD,1,25.0,7.0
South of  USA ,Hockey,Same Day,0,COMPLETE,1,25.0,2.5
South of  USA ,Hockey,Second Class,2,PENDING,1,22.0,0.0
South of  USA ,Hockey,Standard Class,4,CLOSED,1,25.0,10.0
South of  USA ,Hockey,Standard Class,4,COMPLETE,3,72.0,35.130000114
South of  USA ,Hockey,Standard Class,4,PENDING,1,25.0,1.0
South of  USA ,Hockey,Standard Class,4,PENDING_PAYMENT,6,147.0,50.920000076
South of  USA ,Hockey,Standard Class,4,PROCESSING,5,113.0,25.250000477
South of  USA ,Hockey,Standard Class,4,SUSPECTED_FRAUD,1,25.0,3.5
South of  USA ,Hunting & Shooting,Second Class,2,COMPLETE,1,29.98999977,19.19000053
South of  USA ,Hunting & Shooting,Standard Class,4,COMPLETE,2,59.97999954,25.80000019
South of  USA ,Hunting & Shooting,Standard Class,4,PAYMENT_REVIEW,1,29.98999977,6.0
South of  USA ,Hunting & Shooting,Standard Class,4,PENDING,1,29.98999977,0.0
South of  USA ,Indoor/Outdoor Games,First Class,1,CANCELED,3,149.93999862,34.47999954
South of  USA ,Indoor/Outdoor Games,First Class,1,CLOSED,10,499.7999954,164.42999839
South of  USA ,Indoor/Outdoor Games,First Class,1,COMPLETE,13,649.73999402,167.93999862
South of  USA ,Indoor/Outdoor Games,First Class,1,ON_HOLD,4,199.91999816,48.98999977
South of  USA ,Indoor/Outdoor Games,First Class,1,PENDING,7,349.85999678,68.49000168
South of  USA ,Indoor/Outdoor Games,First Class,1,PENDING_PAYMENT,14,699.71999356,346.36999701
South of  USA ,Indoor/Outdoor Games,First Class,1,PROCESSING,8,399.83999632,68.97999954
South of  USA ,Indoor/Outdoor Games,First Class,1,SUSPECTED_FRAUD,2,99.95999908,31.97999954
South of  USA ,Indoor/Outdoor Games,Same Day,0,CANCELED,1,49.97999954,1.5
South of  USA ,Indoor/Outdoor Games,Same Day,0,CLOSED,4,199.91999816,39.48999977
South of  USA ,Indoor/Outdoor Games,Same Day,0,COMPLETE,11,549.77999494,198.15999793
South of  USA ,Indoor/Outdoor Games,Same Day,0,ON_HOLD,1,49.97999954,4.5
South of  USA ,Indoor/Outdoor Games,Same Day,0,PENDING,1,49.97999954,16.98999977
South of  USA ,Indoor/Outdoor Games,Same Day,0,PENDING_PAYMENT,2,99.95999908,43.99000168
South of  USA ,Indoor/Outdoor Games,Same Day,0,PROCESSING,5,249.8999977,71.46999931
South of  USA ,Indoor/Outdoor Games,Second Class,2,CANCELED,1,49.97999954,2.0
South of  USA ,Indoor/Outdoor Games,Second Class,2,CLOSED,12,599.75999448,185.42999839
South of  USA ,Indoor/Outdoor Games,Second Class,2,COMPLETE,41,2049.17998114,777.2199954700001
South of  USA ,Indoor/Outdoor Games,Second Class,2,ON_HOLD,3,149.93999862,31.98999977
South of  USA ,Indoor/Outdoor Games,Second Class,2,PAYMENT_REVIEW,2,99.95999908,29.48999977
South of  USA ,Indoor/Outdoor Games,Second Class,2,PENDING,6,299.87999724,134.68999862
South of  USA ,Indoor/Outdoor Games,Second Class,2,PENDING_PAYMENT,21,1049.57999034,369.8600006
South of  USA ,Indoor/Outdoor Games,Second Class,2,PROCESSING,7,349.85999678,195.42000007
South of  USA ,Indoor/Outdoor Games,Second Class,2,SUSPECTED_FRAUD,1,49.97999954,1.5
South of  USA ,Indoor/Outdoor Games,Standard Class,4,CANCELED,3,149.93999862,87.45999908
South of  USA ,Indoor/Outdoor Games,Standard Class,4,CLOSED,29,1449.41998666,404.36999892
South of  USA ,Indoor/Outdoor Games,Standard Class,4,COMPLETE,59,2948.81997286,869.23999975
South of  USA ,Indoor/Outdoor Games,Standard Class,4,ON_HOLD,14,699.71999356,168.44000053000002
South of  USA ,Indoor/Outdoor Games,Standard Class,4,PENDING,30,1499.3999862,468.35999869
South of  USA ,Indoor/Outdoor Games,Standard Class,4,PENDING_PAYMENT,58,2898.83997332,932.72000311
South of  USA ,Indoor/Outdoor Games,Standard Class,4,PROCESSING,34,1699.31998436,375.15000152
South of  USA ,Indoor/Outdoor Games,Standard Class,4,SUSPECTED_FRAUD,7,349.85999678,82.97999954
South of  USA ,Lacrosse,First Class,1,CLOSED,1,24.98999977,4.5
South of  USA ,Lacrosse,Second Class,2,PENDING_PAYMENT,1,24.98999977,4.119999886
South of  USA ,Lacrosse,Standard Class,4,PROCESSING,1,24.98999977,12.5
South of  USA ,Men's Footwear,First Class,1,CLOSED,5,649.9500275,54.600000381
South of  USA ,Men's Footwear,First Class,1,COMPLETE,14,1819.860077,201.499998337
South of  USA ,Men's Footwear,First Class,1,ON_HOLD,4,519.960022,97.5
South of  USA ,Men's Footwear,First Class,1,PENDING,6,779.940033,22.099999665
South of  USA ,Men's Footwear,First Class,1,PENDING_PAYMENT,14,1819.860077,127.399999619
South of  USA ,Men's Footwear,First Class,1,PROCESSING,1,129.9900055,20.79999924
South of  USA ,Men's Footwear,Same Day,0,CANCELED,1,129.9900055,20.79999924
South of  USA ,Men's Footwear,Same Day,0,COMPLETE,16,2079.840088,250.899999619
South of  USA ,Men's Footwear,Same Day,0,PENDING_PAYMENT,2,259.980011,55.89999962
South of  USA ,Men's Footwear,Second Class,2,CLOSED,13,1689.8700715,150.799999953
South of  USA ,Men's Footwear,Second Class,2,COMPLETE,34,4419.660187,519.999999529
South of  USA ,Men's Footwear,Second Class,2,ON_HOLD,6,779.940033,101.39999867
South of  USA ,Men's Footwear,Second Class,2,PAYMENT_REVIEW,1,129.9900055,22.10000038
South of  USA ,Men's Footwear,Second Class,2,PENDING,2,259.980011,11.699999809
South of  USA ,Men's Footwear,Second Class,2,PENDING_PAYMENT,21,2729.7901155,285.349999433
South of  USA ,Men's Footwear,Second Class,2,PROCESSING,5,649.9500275,67.59999943
South of  USA ,Men's Footwear,Standard Class,4,CLOSED,21,2729.7901155,292.499998812
South of  USA ,Men's Footwear,Standard Class,4,COMPLETE,69,8969.310379499999,829.400000331
South of  USA ,Men's Footwear,Standard Class,4,ON_HOLD,16,2079.840088,173.549998289
South of  USA ,Men's Footwear,Standard Class,4,PENDING,8,1039.920044,66.299999478
South of  USA ,Men's Footwear,Standard Class,4,PENDING_PAYMENT,61,7929.390335499999,776.100000617
South of  USA ,Men's Footwear,Standard Class,4,PROCESSING,7,909.9300385,64.999999761
South of  USA ,Men's Footwear,Standard Class,4,SUSPECTED_FRAUD,1,129.9900055,15.60000038
South of  USA ,Shop By Sport,First Class,1,COMPLETE,11,439.89001848,114.580000158
South of  USA ,Shop By Sport,First Class,1,PAYMENT_REVIEW,1,39.99000168,0.0
South of  USA ,Shop By Sport,First Class,1,PENDING_PAYMENT,4,159.96000672,47.589999973
South of  USA ,Shop By Sport,First Class,1,PROCESSING,1,39.99000168,3.200000048
South of  USA ,Shop By Sport,Same Day,0,COMPLETE,6,239.94001008,49.999999821
South of  USA ,Shop By Sport,Same Day,0,PENDING_PAYMENT,1,39.99000168,9.600000381
South of  USA ,Shop By Sport,Second Class,2,CLOSED,4,159.96000672,71.97999954
South of  USA ,Shop By Sport,Second Class,2,COMPLETE,20,789.81003192,259.260000466
South of  USA ,Shop By Sport,Second Class,2,ON_HOLD,3,119.97000504,33.589999438
South of  USA ,Shop By Sport,Second Class,2,PENDING_PAYMENT,10,399.9000168,67.99000097
South of  USA ,Shop By Sport,Second Class,2,PROCESSING,3,119.97000504,25.199999809
South of  USA ,Shop By Sport,Standard Class,4,CANCELED,5,199.9500084,77.979999659
South of  USA ,Shop By Sport,Standard Class,4,CLOSED,8,309.93001176,54.999999762
South of  USA ,Shop By Sport,Standard Class,4,COMPLETE,28,1099.74004368,271.840000691
South of  USA ,Shop By Sport,Standard Class,4,ON_HOLD,5,199.9500084,49.990000721
South of  USA ,Shop By Sport,Standard Class,4,PENDING,9,359.91001512,166.37000274000002
South of  USA ,Shop By Sport,Standard Class,4,PENDING_PAYMENT,17,679.83002856,175.57000037400002
South of  USA ,Shop By Sport,Standard Class,4,PROCESSING,4,159.96000672,55.99000168
South of  USA ,Shop By Sport,Standard Class,4,SUSPECTED_FRAUD,2,79.98000336,47.190001489
South of  USA ,Tennis & Racquet,First Class,1,CLOSED,1,44.99000168,21.60000038
South of  USA ,Tennis & Racquet,Second Class,2,COMPLETE,1,44.99000168,0.899999976
South of  USA ,Tennis & Racquet,Second Class,2,PENDING_PAYMENT,1,44.99000168,6.300000191
South of  USA ,Tennis & Racquet,Standard Class,4,COMPLETE,1,44.99000168,11.25
South of  USA ,Trade-In,First Class,1,COMPLETE,1,15.98999977,15.98999977
South of  USA ,Trade-In,Same Day,0,COMPLETE,1,15.98999977,1.919999957
South of  USA ,Trade-In,Second Class,2,COMPLETE,3,47.969999310000006,8.960000039
South of  USA ,Trade-In,Second Class,2,ON_HOLD,1,21.98999977,4.400000095
South of  USA ,Trade-In,Standard Class,4,COMPLETE,4,63.95999908,7.840000062
South of  USA ,Trade-In,Standard Class,4,PENDING_PAYMENT,4,69.95999908,6.220000029
South of  USA ,Trade-In,Standard Class,4,PROCESSING,1,15.98999977,5.599999905
South of  USA ,Water Sports,First Class,1,CANCELED,3,599.9700164999999,68.0
South of  USA ,Water Sports,First Class,1,CLOSED,4,799.960022,74.0
South of  USA ,Water Sports,First Class,1,COMPLETE,16,3199.840088,281.0
South of  USA ,Water Sports,First Class,1,ON_HOLD,4,799.960022,97.0
South of  USA ,Water Sports,First Class,1,PENDING,8,1599.920044,182.0
South of  USA ,Water Sports,First Class,1,PENDING_PAYMENT,13,2599.8700715,368.0
South of  USA ,Water Sports,First Class,1,PROCESSING,6,1199.940033,140.0
South of  USA ,Water Sports,First Class,1,SUSPECTED_FRAUD,1,199.9900055,2.0
South of  USA ,Water Sports,Same Day,0,CANCELED,1,199.9900055,40.0
South of  USA ,Water Sports,Same Day,0,CLOSED,1,199.9900055,4.0
South of  USA ,Water Sports,Same Day,0,COMPLETE,6,1199.940033,144.0
South of  USA ,Water Sports,Same Day,0,ON_HOLD,2,399.980011,17.0
South of  USA ,Water Sports,Same Day,0,PAYMENT_REVIEW,2,399.980011,34.0
South of  USA ,Water Sports,Same Day,0,PENDING,1,199.9900055,4.0
South of  USA ,Water Sports,Same Day,0,PENDING_PAYMENT,3,599.9700164999999,36.0
South of  USA ,Water Sports,Same Day,0,PROCESSING,5,999.9500275,70.0
South of  USA ,Water Sports,Second Class,2,CANCELED,1,199.9900055,4.0
South of  USA ,Water Sports,Second Class,2,CLOSED,3,599.9700164999999,118.0
South of  USA ,Water Sports,Second Class,2,COMPLETE,28,5599.720154,489.0
South of  USA ,Water Sports,Second Class,2,ON_HOLD,1,199.9900055,11.0
South of  USA ,Water Sports,Second Class,2,PENDING,7,1399.9300385,130.0
South of  USA ,Water Sports,Second Class,2,PENDING_PAYMENT,10,1999.900055,148.0
South of  USA ,Water Sports,Second Class,2,PROCESSING,9,1799.9100495,206.0
South of  USA ,Water Sports,Second Class,2,SUSPECTED_FRAUD,1,199.9900055,14.0
South of  USA ,Water Sports,Standard Class,4,CANCELED,8,1599.920044,134.0
South of  USA ,Water Sports,Standard Class,4,CLOSED,14,2799.860077,228.0
South of  USA ,Water Sports,Standard Class,4,COMPLETE,71,14199.2903905,1403.0
South of  USA ,Water Sports,Standard Class,4,ON_HOLD,13,2599.8700715,195.0
South of  USA ,Water Sports,Standard Class,4,PAYMENT_REVIEW,5,999.9500275,128.0
South of  USA ,Water Sports,Standard Class,4,PENDING,30,5999.700165,537.0
South of  USA ,Water Sports,Standard Class,4,PENDING_PAYMENT,44,8799.560242,878.0
South of  USA ,Water Sports,Standard Class,4,PROCESSING,38,7599.620209,878.0
South of  USA ,Water Sports,Standard Class,4,SUSPECTED_FRAUD,3,599.9700164999999,70.0
South of  USA ,Women's Apparel,First Class,1,CANCELED,1,50.0,36.0
South of  USA ,Women's Apparel,First Class,1,CLOSED,7,350.0,78.0
South of  USA ,Women's Apparel,First Class,1,COMPLETE,15,750.0,300.0
South of  USA ,Women's Apparel,First Class,1,ON_HOLD,1,50.0,12.5
South of  USA ,Women's Apparel,First Class,1,PAYMENT_REVIEW,2,100.0,7.25
South of  USA ,Women's Apparel,First Class,1,PENDING,4,200.0,30.75
South of  USA ,Women's Apparel,First Class,1,PENDING_PAYMENT,13,650.0,184.0
South of  USA ,Women's Apparel,First Class,1,PROCESSING,5,250.0,83.5
South of  USA ,Women's Apparel,First Class,1,SUSPECTED_FRAUD,3,150.0,53.0
South of  USA ,Women's Apparel,Same Day,0,CLOSED,3,150.0,8.0
South of  USA ,Women's Apparel,Same Day,0,COMPLETE,7,350.0,60.0
South of  USA ,Women's Apparel,Same Day,0,PENDING_PAYMENT,5,250.0,38.25
South of  USA ,Women's Apparel,Same Day,0,PROCESSING,1,50.0,22.5
South of  USA ,Women's Apparel,Second Class,2,CLOSED,9,450.0,102.0
South of  USA ,Women's Apparel,Second Class,2,COMPLETE,40,2000.0,500.5
South of  USA ,Women's Apparel,Second Class,2,ON_HOLD,8,400.0,116.75
South of  USA ,Women's Apparel,Second Class,2,PAYMENT_REVIEW,2,100.0,102.5
South of  USA ,Women's Apparel,Second Class,2,PENDING,2,100.0,44.0
South of  USA ,Women's Apparel,Second Class,2,PENDING_PAYMENT,17,850.0,208.75
South of  USA ,Women's Apparel,Second Class,2,PROCESSING,2,100.0,6.5
South of  USA ,Women's Apparel,Standard Class,4,CANCELED,3,150.0,71.0
South of  USA ,Women's Apparel,Standard Class,4,CLOSED,26,1300.0,411.5
South of  USA ,Women's Apparel,Standard Class,4,COMPLETE,59,2950.0,948.25
South of  USA ,Women's Apparel,Standard Class,4,ON_HOLD,14,700.0,177.0
South of  USA ,Women's Apparel,Standard Class,4,PAYMENT_REVIEW,3,150.0,32.5
South of  USA ,Women's Apparel,Standard Class,4,PENDING,9,450.0,139.25
South of  USA ,Women's Apparel,Standard Class,4,PENDING_PAYMENT,35,1750.0,493.0
South of  USA ,Women's Apparel,Standard Class,4,PROCESSING,19,950.0,312.75
South of  USA ,Women's Apparel,Standard Class,4,SUSPECTED_FRAUD,1,50.0,6.5
Southeast Asia,Accessories,First Class,1,CLOSED,3,74.96999931,10.25
Southeast Asia,Accessories,First Class,1,COMPLETE,2,49.97999954,8.75
Southeast Asia,Accessories,First Class,1,PENDING,2,49.97999954,2.620000005
Southeast Asia,Accessories,First Class,1,PENDING_PAYMENT,3,74.96999931,29.98999977
Southeast Asia,Accessories,First Class,1,SUSPECTED_FRAUD,1,24.98999977,5.0
Southeast Asia,Accessories,Same Day,0,COMPLETE,2,49.97999954,20.23999977
Southeast Asia,Accessories,Second Class,2,CLOSED,5,124.94999885,36.859999775
Southeast Asia,Accessories,Second Class,2,COMPLETE,10,249.8999977,85.22999954
Southeast Asia,Accessories,Second Class,2,ON_HOLD,1,24.98999977,19.98999977
Southeast Asia,Accessories,Second Class,2,PENDING_PAYMENT,6,149.93999862,33.73999977
Southeast Asia,Accessories,Second Class,2,PROCESSING,1,24.98999977,12.0
Southeast Asia,Accessories,Second Class,2,SUSPECTED_FRAUD,1,24.98999977,3.75
Southeast Asia,Accessories,Standard Class,4,CLOSED,7,174.92999839,67.349999545
Southeast Asia,Accessories,Standard Class,4,COMPLETE,8,199.91999816,75.72999954
Southeast Asia,Accessories,Standard Class,4,ON_HOLD,2,49.97999954,7.0
Southeast Asia,Accessories,Standard Class,4,PENDING,1,24.98999977,7.0
Southeast Asia,Accessories,Standard Class,4,PENDING_PAYMENT,4,99.95999908,19.48999977
Southeast Asia,Accessories,Standard Class,4,PROCESSING,5,124.94999885,37.73999977
Southeast Asia,Baby ,First Class,1,COMPLETE,4,236.32000732,31.310000189
Southeast Asia,Baby ,First Class,1,PENDING_PAYMENT,1,59.08000183,2.359999895
Southeast Asia,Baby ,First Class,1,PROCESSING,1,59.08000183,2.359999895
Southeast Asia,Baby ,Same Day,0,CLOSED,1,59.08000183,10.03999996
Southeast Asia,Baby ,Same Day,0,PENDING_PAYMENT,1,59.08000183,5.909999847
Southeast Asia,Baby ,Second Class,2,COMPLETE,2,118.16000366,2.359999895
Southeast Asia,Baby ,Second Class,2,ON_HOLD,1,59.08000183,1.769999981
Southeast Asia,Baby ,Second Class,2,PENDING_PAYMENT,1,59.08000183,14.77000046
Southeast Asia,Baby ,Standard Class,4,CANCELED,1,59.08000183,14.77000046
Southeast Asia,Baby ,Standard Class,4,CLOSED,1,59.08000183,10.63000011
Southeast Asia,Baby ,Standard Class,4,COMPLETE,4,236.32000732,24.819999223
Southeast Asia,Baby ,Standard Class,4,ON_HOLD,2,118.16000366,10.929999828
Southeast Asia,Baby ,Standard Class,4,PENDING_PAYMENT,3,177.24000549,4.7299998400000005
Southeast Asia,Baby ,Standard Class,4,PROCESSING,1,59.08000183,1.179999948
Southeast Asia,Baseball & Softball,First Class,1,COMPLETE,1,34.99000168,1.75
Southeast Asia,Baseball & Softball,First Class,1,PENDING_PAYMENT,2,94.98000336,10.649999857
Southeast Asia,Baseball & Softball,Second Class,2,COMPLETE,2,119.98000336,12.599999905
Southeast Asia,Baseball & Softball,Second Class,2,ON_HOLD,1,34.99000168,5.25
Southeast Asia,Baseball & Softball,Second Class,2,PENDING_PAYMENT,1,59.99000168,9.899999619
Southeast Asia,Baseball & Softball,Standard Class,4,CLOSED,1,59.99000168,18.0
Southeast Asia,Baseball & Softball,Standard Class,4,COMPLETE,3,154.97000504,72.49000168
Southeast Asia,Baseball & Softball,Standard Class,4,ON_HOLD,2,119.98000336,41.99000072
Southeast Asia,Baseball & Softball,Standard Class,4,PENDING_PAYMENT,2,119.98000336,20.999999525
Southeast Asia,Baseball & Softball,Standard Class,4,PROCESSING,1,59.99000168,0.0
Southeast Asia,Books ,First Class,1,PENDING_PAYMENT,1,31.07999992,7.769999981
Southeast Asia,Books ,First Class,1,PROCESSING,1,31.07999992,7.769999981
Southeast Asia,Books ,Same Day,0,CLOSED,1,31.07999992,6.21999979
Southeast Asia,Books ,Second Class,2,COMPLETE,3,93.23999976,8.070000112
Southeast Asia,Books ,Second Class,2,PENDING_PAYMENT,2,62.15999984,4.96999979
Southeast Asia,Books ,Standard Class,4,CLOSED,1,31.07999992,2.180000067
Southeast Asia,Books ,Standard Class,4,COMPLETE,2,62.15999984,7.459999799
Southeast Asia,Books ,Standard Class,4,ON_HOLD,2,62.15999984,6.5299999710000005
Southeast Asia,Books ,Standard Class,4,PAYMENT_REVIEW,1,31.07999992,3.109999895
Southeast Asia,Books ,Standard Class,4,PENDING,1,31.07999992,0.310000002
Southeast Asia,Books ,Standard Class,4,PENDING_PAYMENT,5,155.3999996,21.74999994
Southeast Asia,Books ,Standard Class,4,PROCESSING,1,31.07999992,4.96999979
Southeast Asia,Boxing & MMA,First Class,1,CLOSED,1,54.97000122,3.019999981
Southeast Asia,Boxing & MMA,First Class,1,PENDING_PAYMENT,2,109.94000244,21.990000968
Southeast Asia,Boxing & MMA,Standard Class,4,CLOSED,1,54.97000122,10.98999977
Southeast Asia,Boxing & MMA,Standard Class,4,COMPLETE,3,164.91000366,8.249999881
Southeast Asia,Boxing & MMA,Standard Class,4,PENDING,1,54.97000122,1.100000024
Southeast Asia,Boxing & MMA,Standard Class,4,PENDING_PAYMENT,2,109.94000244,10.990000367
Southeast Asia,Boxing & MMA,Standard Class,4,PROCESSING,1,54.97000122,2.75
Southeast Asia,CDs ,First Class,1,PROCESSING,1,11.28999996,0.790000021
Southeast Asia,CDs ,Same Day,0,COMPLETE,1,11.28999996,1.809999943
Southeast Asia,CDs ,Same Day,0,PENDING,1,11.28999996,0.109999999
Southeast Asia,CDs ,Same Day,0,PENDING_PAYMENT,1,11.28999996,1.919999957
Southeast Asia,CDs ,Second Class,2,COMPLETE,1,11.28999996,0.340000004
Southeast Asia,CDs ,Second Class,2,PENDING_PAYMENT,2,22.57999992,0.449999988
Southeast Asia,CDs ,Standard Class,4,CLOSED,1,11.28999996,0.0
Southeast Asia,CDs ,Standard Class,4,COMPLETE,4,45.15999984,7.789999960999999
Southeast Asia,CDs ,Standard Class,4,PENDING,1,11.28999996,2.029999971
Southeast Asia,CDs ,Standard Class,4,PENDING_PAYMENT,2,22.57999992,2.599999994
Southeast Asia,CDs ,Standard Class,4,PROCESSING,4,45.15999984,5.019999966
Southeast Asia,CDs ,Standard Class,4,SUSPECTED_FRAUD,1,11.28999996,1.019999981
Southeast Asia,Cameras ,First Class,1,CLOSED,1,452.0400085,67.80999756
Southeast Asia,Cameras ,First Class,1,COMPLETE,1,452.0400085,4.519999981
Southeast Asia,Cameras ,First Class,1,PENDING_PAYMENT,1,452.0400085,72.33000183
Southeast Asia,Cameras ,First Class,1,PROCESSING,1,452.0400085,9.039999962
Southeast Asia,Cameras ,Standard Class,4,COMPLETE,1,452.0400085,113.0100021
Southeast Asia,Camping & Hiking,First Class,1,CLOSED,7,2099.860077,159.0
Southeast Asia,Camping & Hiking,First Class,1,COMPLETE,17,5099.660187,648.0
Southeast Asia,Camping & Hiking,First Class,1,ON_HOLD,2,599.960022,84.0
Southeast Asia,Camping & Hiking,First Class,1,PAYMENT_REVIEW,4,1199.920044,36.0
Southeast Asia,Camping & Hiking,First Class,1,PENDING,8,2399.840088,163.5
Southeast Asia,Camping & Hiking,First Class,1,PENDING_PAYMENT,15,4499.700165,445.5
Southeast Asia,Camping & Hiking,First Class,1,PROCESSING,6,1799.880066,196.5
Southeast Asia,Camping & Hiking,Same Day,0,CLOSED,1,299.980011,48.0
Southeast Asia,Camping & Hiking,Same Day,0,COMPLETE,4,1199.920044,87.0
Southeast Asia,Camping & Hiking,Same Day,0,ON_HOLD,1,299.980011,51.0
Southeast Asia,Camping & Hiking,Same Day,0,PENDING,2,599.960022,99.0
Southeast Asia,Camping & Hiking,Same Day,0,PENDING_PAYMENT,4,1199.920044,75.0
Southeast Asia,Camping & Hiking,Same Day,0,SUSPECTED_FRAUD,1,299.980011,9.0
Southeast Asia,Camping & Hiking,Second Class,2,CLOSED,12,3599.760132,309.0
Southeast Asia,Camping & Hiking,Second Class,2,COMPLETE,26,7799.480286,804.0
Southeast Asia,Camping & Hiking,Second Class,2,ON_HOLD,3,899.940033,9.0
Southeast Asia,Camping & Hiking,Second Class,2,PAYMENT_REVIEW,2,599.960022,93.0
Southeast Asia,Camping & Hiking,Second Class,2,PENDING,5,1499.900055,261.0
Southeast Asia,Camping & Hiking,Second Class,2,PENDING_PAYMENT,22,6599.560242,568.5
Southeast Asia,Camping & Hiking,Second Class,2,PROCESSING,3,899.940033,33.0
Southeast Asia,Camping & Hiking,Second Class,2,SUSPECTED_FRAUD,1,299.980011,36.0
Southeast Asia,Camping & Hiking,Standard Class,4,CANCELED,2,599.960022,81.0
Southeast Asia,Camping & Hiking,Standard Class,4,CLOSED,30,8999.40033,915.0
Southeast Asia,Camping & Hiking,Standard Class,4,COMPLETE,95,28498.101045,2866.5
Southeast Asia,Camping & Hiking,Standard Class,4,ON_HOLD,16,4799.680176,439.5
Southeast Asia,Camping & Hiking,Standard Class,4,PAYMENT_REVIEW,7,2099.860077,180.0
Southeast Asia,Camping & Hiking,Standard Class,4,PENDING,10,2999.80011,310.5
Southeast Asia,Camping & Hiking,Standard Class,4,PENDING_PAYMENT,60,17998.80066,2094.0
Southeast Asia,Camping & Hiking,Standard Class,4,PROCESSING,16,4799.680176,435.0
Southeast Asia,Cardio Equipment,First Class,1,CLOSED,7,699.92998502,182.98999786
Southeast Asia,Cardio Equipment,First Class,1,COMPLETE,18,1799.81996148,582.96999362
Southeast Asia,Cardio Equipment,First Class,1,ON_HOLD,2,199.97999572,104.98000336
Southeast Asia,Cardio Equipment,First Class,1,PAYMENT_REVIEW,2,199.97999572,54.0
Southeast Asia,Cardio Equipment,First Class,1,PENDING,7,699.92998502,254.47999572
Southeast Asia,Cardio Equipment,First Class,1,PENDING_PAYMENT,17,1629.83996576,668.92999266
Southeast Asia,Cardio Equipment,First Class,1,PROCESSING,4,399.95999144,199.97999572
Southeast Asia,Cardio Equipment,Same Day,0,CLOSED,2,199.97999572,8.0
Southeast Asia,Cardio Equipment,Same Day,0,COMPLETE,6,599.93998716,138.99000168
Southeast Asia,Cardio Equipment,Same Day,0,PENDING_PAYMENT,4,399.95999144,82.0
Southeast Asia,Cardio Equipment,Same Day,0,PROCESSING,2,199.97999572,40.0
Southeast Asia,Cardio Equipment,Second Class,2,CLOSED,9,899.90998074,291.97999572000003
Southeast Asia,Cardio Equipment,Second Class,2,COMPLETE,37,3629.63992296,1260.8999977
Southeast Asia,Cardio Equipment,Second Class,2,ON_HOLD,1,99.98999786,79.98999786
Southeast Asia,Cardio Equipment,Second Class,2,PAYMENT_REVIEW,3,299.96999358,70.99000168
Southeast Asia,Cardio Equipment,Second Class,2,PENDING_PAYMENT,22,2129.78995506,678.659995308
Southeast Asia,Cardio Equipment,Second Class,2,PROCESSING,7,699.92998502,237.48999786
Southeast Asia,Cardio Equipment,Second Class,2,SUSPECTED_FRAUD,4,399.95999144,59.5
Southeast Asia,Cardio Equipment,Standard Class,4,CANCELED,5,499.9499893,245.97999572
Southeast Asia,Cardio Equipment,Standard Class,4,CLOSED,41,3959.60991654,934.159999128
Southeast Asia,Cardio Equipment,Standard Class,4,COMPLETE,54,5329.46988658,1932.80998612
Southeast Asia,Cardio Equipment,Standard Class,4,ON_HOLD,15,1499.8499679,555.96999362
Southeast Asia,Cardio Equipment,Standard Class,4,PENDING,17,1699.82996362,510.45999144
Southeast Asia,Cardio Equipment,Standard Class,4,PENDING_PAYMENT,30,2859.71994008,505.28000355
Southeast Asia,Cardio Equipment,Standard Class,4,PROCESSING,20,1929.80995934,913.41999438
Southeast Asia,Cardio Equipment,Standard Class,4,SUSPECTED_FRAUD,1,99.98999786,27.5
Southeast Asia,Children's Clothing,First Class,1,COMPLETE,2,714.2000122,96.41999817
Southeast Asia,Children's Clothing,First Class,1,PENDING,1,357.1000061,42.84999847
Southeast Asia,Children's Clothing,First Class,1,PROCESSING,1,357.1000061,64.27999878
Southeast Asia,Children's Clothing,Same Day,0,COMPLETE,2,714.2000122,3.569999933
Southeast Asia,Children's Clothing,Second Class,2,CLOSED,4,1428.4000244,178.549995906
Southeast Asia,Children's Clothing,Second Class,2,COMPLETE,5,1785.5000305,317.8299942
Southeast Asia,Children's Clothing,Second Class,2,ON_HOLD,1,357.1000061,14.27999973
Southeast Asia,Children's Clothing,Second Class,2,PENDING_PAYMENT,3,1071.3000183,178.55999756
Southeast Asia,Children's Clothing,Standard Class,4,CLOSED,3,1071.3000183,78.55999874300001
Southeast Asia,Children's Clothing,Standard Class,4,COMPLETE,10,3571.000061,405.30999182
Southeast Asia,Children's Clothing,Standard Class,4,ON_HOLD,4,1428.4000244,196.409996273
Southeast Asia,Children's Clothing,Standard Class,4,PENDING,1,357.1000061,46.41999817
Southeast Asia,Children's Clothing,Standard Class,4,PENDING_PAYMENT,8,2856.8000488,310.679994106
Southeast Asia,Children's Clothing,Standard Class,4,PROCESSING,1,357.1000061,17.86000061
Southeast Asia,Children's Clothing,Standard Class,4,SUSPECTED_FRAUD,1,357.1000061,3.569999933
Southeast Asia,Cleats,First Class,1,CANCELED,2,119.98000336,27.0
Southeast Asia,Cleats,First Class,1,CLOSED,17,1019.83002856,440.94000626
Southeast Asia,Cleats,First Class,1,COMPLETE,42,2519.58007056,958.660009142
Southeast Asia,Cleats,First Class,1,ON_HOLD,11,659.89001848,128.99999905
Southeast Asia,Cleats,First Class,1,PAYMENT_REVIEW,1,59.99000168,3.0
Southeast Asia,Cleats,First Class,1,PENDING,6,359.94001008,50.989999768
Southeast Asia,Cleats,First Class,1,PENDING_PAYMENT,24,1439.76004032,617.280010348
Southeast Asia,Cleats,First Class,1,PROCESSING,9,539.91001512,125.390000103
Southeast Asia,Cleats,First Class,1,SUSPECTED_FRAUD,3,179.97000504,16.800000191
Southeast Asia,Cleats,Same Day,0,CLOSED,6,359.94001008,103.190001489
Southeast Asia,Cleats,Same Day,0,COMPLETE,14,839.86002352,152.090001586
Southeast Asia,Cleats,Same Day,0,ON_HOLD,4,239.96000672,81.59000206
Southeast Asia,Cleats,Same Day,0,PENDING,2,119.98000336,37.79999924
Southeast Asia,Cleats,Same Day,0,PENDING_PAYMENT,10,599.9000168,223.150006062
Southeast Asia,Cleats,Same Day,0,PROCESSING,2,119.98000336,15.000000001
Southeast Asia,Cleats,Second Class,2,CANCELED,5,299.9500084,71.990000849
Southeast Asia,Cleats,Second Class,2,CLOSED,13,779.8700218399999,231.870005253
Southeast Asia,Cleats,Second Class,2,COMPLETE,60,3599.4001008,1105.380012765
Southeast Asia,Cleats,Second Class,2,ON_HOLD,17,1019.83002856,244.780001403
Southeast Asia,Cleats,Second Class,2,PAYMENT_REVIEW,4,239.96000672,83.98000336
Southeast Asia,Cleats,Second Class,2,PENDING,6,359.94001008,137.380004643
Southeast Asia,Cleats,Second Class,2,PENDING_PAYMENT,38,2279.62006384,515.980000259
Southeast Asia,Cleats,Second Class,2,PROCESSING,8,479.92001344,242.34000683
Southeast Asia,Cleats,Second Class,2,SUSPECTED_FRAUD,2,119.98000336,43.789999485
Southeast Asia,Cleats,Standard Class,4,CANCELED,6,359.94001008,199.17000199
Southeast Asia,Cleats,Standard Class,4,CLOSED,54,3239.46009072,1027.390017279
Southeast Asia,Cleats,Standard Class,4,COMPLETE,137,8218.630230159999,2302.260023729
Southeast Asia,Cleats,Standard Class,4,ON_HOLD,21,1259.79003528,544.73000717
Southeast Asia,Cleats,Standard Class,4,PAYMENT_REVIEW,4,239.96000672,86.99000168
Southeast Asia,Cleats,Standard Class,4,PENDING,34,2039.66005712,683.640004644
Southeast Asia,Cleats,Standard Class,4,PENDING_PAYMENT,71,4259.29011928,1065.490007637
Southeast Asia,Cleats,Standard Class,4,PROCESSING,26,1559.74004368,569.900012031
Southeast Asia,Cleats,Standard Class,4,SUSPECTED_FRAUD,1,59.99000168,21.60000038
Southeast Asia,Computers,First Class,1,COMPLETE,2,3000.0,465.0
Southeast Asia,Computers,Second Class,2,CLOSED,1,1500.0,150.0
Southeast Asia,Computers,Second Class,2,COMPLETE,2,3000.0,375.0
Southeast Asia,Computers,Second Class,2,PENDING_PAYMENT,3,4500.0,592.5
Southeast Asia,Computers,Standard Class,4,CANCELED,1,1500.0,30.0
Southeast Asia,Computers,Standard Class,4,CLOSED,1,1500.0,105.0
Southeast Asia,Computers,Standard Class,4,COMPLETE,4,6000.0,405.0
Southeast Asia,Computers,Standard Class,4,ON_HOLD,1,1500.0,45.0
Southeast Asia,Computers,Standard Class,4,PENDING_PAYMENT,2,3000.0,82.5
Southeast Asia,Computers,Standard Class,4,PROCESSING,4,6000.0,660.0
Southeast Asia,Computers,Standard Class,4,SUSPECTED_FRAUD,1,1500.0,195.0
Southeast Asia,Consumer Electronics,First Class,1,CLOSED,1,252.8800049,13.90999985
Southeast Asia,Consumer Electronics,First Class,1,COMPLETE,4,1011.5200196,156.79000282
Southeast Asia,Consumer Electronics,First Class,1,PENDING_PAYMENT,2,505.7600098,58.159999840000005
Southeast Asia,Consumer Electronics,First Class,1,PROCESSING,1,252.8800049,32.86999893
Southeast Asia,Consumer Electronics,Same Day,0,CLOSED,1,252.8800049,63.22000122
Southeast Asia,Consumer Electronics,Second Class,2,COMPLETE,4,1011.5200196,141.6099987
Southeast Asia,Consumer Electronics,Second Class,2,PENDING,2,505.7600098,113.80000305
Southeast Asia,Consumer Electronics,Second Class,2,PROCESSING,1,252.8800049,0.0
Southeast Asia,Consumer Electronics,Standard Class,4,CLOSED,2,505.7600098,75.86000156
Southeast Asia,Consumer Electronics,Standard Class,4,COMPLETE,10,2528.800049,276.910005106
Southeast Asia,Consumer Electronics,Standard Class,4,ON_HOLD,1,252.8800049,10.11999989
Southeast Asia,Consumer Electronics,Standard Class,4,PENDING,1,252.8800049,0.0
Southeast Asia,Consumer Electronics,Standard Class,4,PENDING_PAYMENT,4,1011.5200196,88.510001421
Southeast Asia,Crafts,First Class,1,CLOSED,1,461.480011,46.15000153
Southeast Asia,Crafts,First Class,1,COMPLETE,3,1384.440033,138.43999863
Southeast Asia,Crafts,First Class,1,PENDING_PAYMENT,3,1384.440033,239.970004942
Southeast Asia,Crafts,Second Class,2,CLOSED,4,1845.920044,290.72999569
Southeast Asia,Crafts,Second Class,2,COMPLETE,9,4153.320099,604.5500030119999
Southeast Asia,Crafts,Second Class,2,PROCESSING,1,461.480011,9.229999542
Southeast Asia,Crafts,Standard Class,4,CLOSED,4,1845.920044,189.200000294
Southeast Asia,Crafts,Standard Class,4,COMPLETE,8,3691.840088,394.560007
Southeast Asia,Crafts,Standard Class,4,PENDING,3,1384.440033,18.450000284
Southeast Asia,Crafts,Standard Class,4,PENDING_PAYMENT,9,4153.320099,309.189998158
Southeast Asia,Crafts,Standard Class,4,PROCESSING,2,922.960022,32.29999923
Southeast Asia,DVDs,First Class,1,COMPLETE,4,657.5200196,83.019999502
Southeast Asia,DVDs,First Class,1,PENDING_PAYMENT,1,164.3800049,3.289999962
Southeast Asia,DVDs,First Class,1,PROCESSING,1,164.3800049,21.37000084
Southeast Asia,DVDs,Same Day,0,COMPLETE,1,164.3800049,0.0
Southeast Asia,DVDs,Second Class,2,COMPLETE,3,493.1400147,31.240000722
Southeast Asia,DVDs,Second Class,2,PENDING,2,328.7600098,73.97999954
Southeast Asia,DVDs,Standard Class,4,CANCELED,2,328.7600098,55.88999939
Southeast Asia,DVDs,Standard Class,4,CLOSED,3,493.1400147,55.89000034
Southeast Asia,DVDs,Standard Class,4,COMPLETE,15,2465.7000735,207.950004215
Southeast Asia,DVDs,Standard Class,4,ON_HOLD,2,328.7600098,41.10000038
Southeast Asia,DVDs,Standard Class,4,PENDING,2,328.7600098,32.88000107
Southeast Asia,DVDs,Standard Class,4,PENDING_PAYMENT,11,1808.1800539,148.760002243
Southeast Asia,Electronics,First Class,1,CLOSED,2,63.97999954,17.599999905
Southeast Asia,Electronics,First Class,1,COMPLETE,8,344.92000771,109.38000143
Southeast Asia,Electronics,First Class,1,ON_HOLD,2,79.98000145,5.76000017
Southeast Asia,Electronics,First Class,1,PENDING,2,63.97999954,4.800000071
Southeast Asia,Electronics,First Class,1,PENDING_PAYMENT,8,327.9200058,108.820000295
Southeast Asia,Electronics,First Class,1,PROCESSING,2,59.97999954,12.799999952
Southeast Asia,Electronics,First Class,1,SUSPECTED_FRAUD,1,31.98999977,3.519999981
Southeast Asia,Electronics,Same Day,0,COMPLETE,5,211.95000458,74.98999941599999
Southeast Asia,Electronics,Same Day,0,ON_HOLD,2,79.98000145,24.630000114
Southeast Asia,Electronics,Same Day,0,PENDING_PAYMENT,1,51.99000168,24.95999908
Southeast Asia,Electronics,Same Day,0,SUSPECTED_FRAUD,1,44.99000168,13.5
Southeast Asia,Electronics,Second Class,2,CLOSED,4,163.9600029,65.580000886
Southeast Asia,Electronics,Second Class,2,COMPLETE,10,400.90000725,89.520000637
Southeast Asia,Electronics,Second Class,2,ON_HOLD,1,31.98999977,19.19000053
Southeast Asia,Electronics,Second Class,2,PAYMENT_REVIEW,1,31.98999977,5.119999886
Southeast Asia,Electronics,Second Class,2,PENDING,1,51.99000168,13.0
Southeast Asia,Electronics,Second Class,2,PENDING_PAYMENT,7,272.93000412,67.80000042500001
Southeast Asia,Electronics,Second Class,2,PROCESSING,1,51.99000168,10.92000008
Southeast Asia,Electronics,Standard Class,4,CLOSED,10,412.90000725,204.320002325
Southeast Asia,Electronics,Standard Class,4,COMPLETE,20,786.8000145,287.400004278
Southeast Asia,Electronics,Standard Class,4,ON_HOLD,2,79.98000145,31.470000531
Southeast Asia,Electronics,Standard Class,4,PENDING,7,279.93000412,82.940000294
Southeast Asia,Electronics,Standard Class,4,PENDING_PAYMENT,13,439.87000083,111.420001275
Southeast Asia,Electronics,Standard Class,4,PROCESSING,6,207.94000053,55.030000331
Southeast Asia,Fishing,First Class,1,CLOSED,6,2399.880066,200.0
Southeast Asia,Fishing,First Class,1,COMPLETE,21,8399.580231,1044.0
Southeast Asia,Fishing,First Class,1,ON_HOLD,2,799.960022,44.0
Southeast Asia,Fishing,First Class,1,PAYMENT_REVIEW,1,399.980011,40.0
Southeast Asia,Fishing,First Class,1,PENDING,2,799.960022,48.0
Southeast Asia,Fishing,First Class,1,PENDING_PAYMENT,14,5599.720154,458.0
Southeast Asia,Fishing,First Class,1,PROCESSING,4,1599.920044,192.0
Southeast Asia,Fishing,Same Day,0,CLOSED,2,799.960022,52.0
Southeast Asia,Fishing,Same Day,0,COMPLETE,2,799.960022,8.0
Southeast Asia,Fishing,Same Day,0,PENDING,1,399.980011,20.0
Southeast Asia,Fishing,Same Day,0,PENDING_PAYMENT,5,1999.900055,200.0
Southeast Asia,Fishing,Second Class,2,CANCELED,2,799.960022,64.0
Southeast Asia,Fishing,Second Class,2,CLOSED,7,2799.860077,150.0
Southeast Asia,Fishing,Second Class,2,COMPLETE,25,9999.500275,868.0
Southeast Asia,Fishing,Second Class,2,ON_HOLD,4,1599.920044,200.0
Southeast Asia,Fishing,Second Class,2,PAYMENT_REVIEW,3,1199.940033,184.0
Southeast Asia,Fishing,Second Class,2,PENDING,2,799.960022,76.0
Southeast Asia,Fishing,Second Class,2,PENDING_PAYMENT,19,7599.620209,752.0
Southeast Asia,Fishing,Second Class,2,PROCESSING,7,2799.860077,220.0
Southeast Asia,Fishing,Standard Class,4,CANCELED,4,1599.920044,200.0
Southeast Asia,Fishing,Standard Class,4,CLOSED,27,10799.460297,930.0
Southeast Asia,Fishing,Standard Class,4,COMPLETE,73,29198.540803,2832.0
Southeast Asia,Fishing,Standard Class,4,ON_HOLD,17,6799.660187,516.0
Southeast Asia,Fishing,Standard Class,4,PAYMENT_REVIEW,3,1199.940033,172.0
Southeast Asia,Fishing,Standard Class,4,PENDING,7,2799.860077,252.0
Southeast Asia,Fishing,Standard Class,4,PENDING_PAYMENT,52,20798.960572,1932.0
Southeast Asia,Fishing,Standard Class,4,PROCESSING,4,1599.920044,76.0
Southeast Asia,Fitness Accessories,First Class,1,CLOSED,1,34.99000168,5.599999905
Southeast Asia,Fitness Accessories,First Class,1,COMPLETE,2,69.98000336,17.84000015
Southeast Asia,Fitness Accessories,First Class,1,PENDING_PAYMENT,1,34.99000168,4.199999809
Southeast Asia,Fitness Accessories,Second Class,2,PAYMENT_REVIEW,1,34.99000168,4.199999809
Southeast Asia,Fitness Accessories,Standard Class,4,CLOSED,1,34.99000168,1.399999976
Southeast Asia,Fitness Accessories,Standard Class,4,COMPLETE,3,104.97000504,12.950000167
Southeast Asia,Fitness Accessories,Standard Class,4,PENDING_PAYMENT,3,104.97000504,7.349999875
Southeast Asia,Garden,First Class,1,COMPLETE,7,3728.0601197,479.32998468
Southeast Asia,Garden,First Class,1,PENDING,2,1065.1600342,122.49999614
Southeast Asia,Garden,First Class,1,PENDING_PAYMENT,1,532.5800171,21.29999924
Southeast Asia,Garden,First Class,1,PROCESSING,1,532.5800171,85.20999908
Southeast Asia,Garden,Same Day,0,PENDING,1,532.5800171,47.93000031
Southeast Asia,Garden,Same Day,0,PENDING_PAYMENT,1,532.5800171,85.20999908
Southeast Asia,Garden,Same Day,0,PROCESSING,1,532.5800171,95.86000061
Southeast Asia,Garden,Second Class,2,CLOSED,5,2662.9000855,218.3599968
Southeast Asia,Garden,Second Class,2,COMPLETE,6,3195.4801026,628.45998002
Southeast Asia,Garden,Second Class,2,ON_HOLD,3,1597.7400512999998,159.77999687
Southeast Asia,Garden,Second Class,2,PENDING,1,532.5800171,15.97999954
Southeast Asia,Garden,Second Class,2,PENDING_PAYMENT,1,532.5800171,47.93000031
Southeast Asia,Garden,Standard Class,4,CLOSED,7,3728.0601197,186.409999858
Southeast Asia,Garden,Standard Class,4,COMPLETE,19,10119.0203249,825.519992804
Southeast Asia,Garden,Standard Class,4,ON_HOLD,2,1065.1600342,39.94000054
Southeast Asia,Garden,Standard Class,4,PENDING,2,1065.1600342,143.79999352
Southeast Asia,Garden,Standard Class,4,PENDING_PAYMENT,14,7456.120239399999,748.260002164
Southeast Asia,Garden,Standard Class,4,PROCESSING,3,1597.7400512999998,266.29999538
Southeast Asia,Garden,Standard Class,4,SUSPECTED_FRAUD,1,532.5800171,21.29999924
Southeast Asia,Girls' Apparel,First Class,1,CLOSED,1,25.0,5.0
Southeast Asia,Girls' Apparel,First Class,1,COMPLETE,4,164.99000168,72.0
Southeast Asia,Girls' Apparel,First Class,1,ON_HOLD,1,39.99000168,12.80000019
Southeast Asia,Girls' Apparel,First Class,1,PENDING,2,64.99000168,5.550000191
Southeast Asia,Girls' Apparel,First Class,1,PENDING_PAYMENT,1,39.99000168,0.800000012
Southeast Asia,Girls' Apparel,Same Day,0,COMPLETE,1,70.0,10.5
Southeast Asia,Girls' Apparel,Second Class,2,COMPLETE,1,30.0,7.5
Southeast Asia,Girls' Apparel,Second Class,2,ON_HOLD,1,30.0,6.0
Southeast Asia,Girls' Apparel,Second Class,2,PENDING,1,25.0,13.0
Southeast Asia,Girls' Apparel,Second Class,2,PENDING_PAYMENT,3,75.0,20.0
Southeast Asia,Girls' Apparel,Second Class,2,PROCESSING,1,70.0,7.0
Southeast Asia,Girls' Apparel,Standard Class,4,CLOSED,4,169.99000168,64.749999288
Southeast Asia,Girls' Apparel,Standard Class,4,COMPLETE,9,324.98000336,137.690002322
Southeast Asia,Girls' Apparel,Standard Class,4,ON_HOLD,4,190.0,139.75
Southeast Asia,Girls' Apparel,Standard Class,4,PAYMENT_REVIEW,1,30.0,0.0
Southeast Asia,Girls' Apparel,Standard Class,4,PENDING,3,139.99000168,45.300000191
Southeast Asia,Girls' Apparel,Standard Class,4,PENDING_PAYMENT,6,234.98000336,109.200000048
Southeast Asia,Girls' Apparel,Standard Class,4,PROCESSING,5,149.99000168,29.599999905
Southeast Asia,Golf Apparel,First Class,1,CLOSED,1,19.98999977,4.199999809
Southeast Asia,Golf Apparel,First Class,1,COMPLETE,1,19.98999977,1.200000048
Southeast Asia,Golf Apparel,Second Class,2,ON_HOLD,1,19.98999977,3.200000048
Southeast Asia,Golf Apparel,Second Class,2,PENDING,1,19.98999977,7.0
Southeast Asia,Golf Apparel,Standard Class,4,CANCELED,1,19.98999977,0.200000003
Southeast Asia,Golf Apparel,Standard Class,4,CLOSED,1,19.98999977,1.0
Southeast Asia,Golf Apparel,Standard Class,4,COMPLETE,4,79.95999908,12.999999821
Southeast Asia,Golf Apparel,Standard Class,4,ON_HOLD,2,39.97999954,18.98999977
Southeast Asia,Golf Apparel,Standard Class,4,PENDING_PAYMENT,1,19.98999977,6.0
Southeast Asia,Golf Apparel,Standard Class,4,PROCESSING,2,39.97999954,2.800000072
Southeast Asia,Golf Balls,First Class,1,COMPLETE,3,52.969999310000006,4.289999962
Southeast Asia,Golf Balls,First Class,1,PENDING,2,37.97999954,5.399999857
Southeast Asia,Golf Balls,First Class,1,PENDING_PAYMENT,1,14.98999977,14.98999977
Southeast Asia,Golf Balls,First Class,1,PROCESSING,1,14.98999977,0.899999976
Southeast Asia,Golf Balls,Same Day,0,COMPLETE,2,34.97999954,11.599999904
Southeast Asia,Golf Balls,Same Day,0,PENDING,1,14.98999977,0.449999988
Southeast Asia,Golf Balls,Second Class,2,CLOSED,4,74.95999908,25.339999585
Southeast Asia,Golf Balls,Second Class,2,COMPLETE,7,109.92999839,47.299999236000005
Southeast Asia,Golf Balls,Second Class,2,PENDING_PAYMENT,1,14.98999977,6.75
Southeast Asia,Golf Balls,Second Class,2,PROCESSING,1,14.98999977,2.25
Southeast Asia,Golf Balls,Standard Class,4,CANCELED,1,14.98999977,9.739999771
Southeast Asia,Golf Balls,Standard Class,4,CLOSED,7,112.92999839,34.289999961
Southeast Asia,Golf Balls,Standard Class,4,COMPLETE,10,162.8999977,56.919999269
Southeast Asia,Golf Balls,Standard Class,4,ON_HOLD,2,34.97999954,20.289999722
Southeast Asia,Golf Balls,Standard Class,4,PENDING,3,44.969999310000006,3.819999993
Southeast Asia,Golf Balls,Standard Class,4,PENDING_PAYMENT,3,54.969999310000006,10.450000048
Southeast Asia,Golf Balls,Standard Class,4,PROCESSING,5,89.94999885,7.449999988
Southeast Asia,Golf Balls,Standard Class,4,SUSPECTED_FRAUD,1,14.98999977,8.989999771
Southeast Asia,Golf Gloves,First Class,1,COMPLETE,1,39.99000168,3.200000048
Southeast Asia,Golf Gloves,First Class,1,PENDING_PAYMENT,1,9.989999771,4.0
Southeast Asia,Golf Gloves,Same Day,0,COMPLETE,1,24.98999977,4.119999886
Southeast Asia,Golf Gloves,Second Class,2,COMPLETE,4,84.959999081,17.899999976
Southeast Asia,Golf Gloves,Second Class,2,PENDING_PAYMENT,3,59.969999311,14.900000095
Southeast Asia,Golf Gloves,Standard Class,4,CANCELED,2,34.979999541,7.799999952
Southeast Asia,Golf Gloves,Standard Class,4,COMPLETE,10,354.90001107,128.369999466
Southeast Asia,Golf Gloves,Standard Class,4,ON_HOLD,1,24.98999977,12.73999977
Southeast Asia,Golf Gloves,Standard Class,4,PAYMENT_REVIEW,1,9.989999771,1.0
Southeast Asia,Golf Gloves,Standard Class,4,PENDING,2,49.980001451,37.979999541
Southeast Asia,Golf Gloves,Standard Class,4,PENDING_PAYMENT,5,109.950000762,13.149999857
Southeast Asia,Golf Gloves,Standard Class,4,PROCESSING,3,74.970001221,17.989999771
Southeast Asia,Golf Shoes,First Class,1,COMPLETE,2,130.0,20.479999065
Southeast Asia,Golf Shoes,First Class,1,PENDING,1,65.0,23.39999962
Southeast Asia,Golf Shoes,Same Day,0,PROCESSING,1,65.0,33.15000153
Southeast Asia,Golf Shoes,Second Class,2,COMPLETE,1,65.0,19.5
Southeast Asia,Golf Shoes,Second Class,2,PROCESSING,1,65.0,44.20000076
Southeast Asia,Golf Shoes,Standard Class,4,COMPLETE,2,130.0,67.59999847
Southeast Asia,Golf Shoes,Standard Class,4,PENDING_PAYMENT,3,195.0,4.549999952
Southeast Asia,Health and Beauty,First Class,1,CANCELED,1,293.0400085,8.789999962
Southeast Asia,Health and Beauty,First Class,1,COMPLETE,8,2344.320068,247.630002261
Southeast Asia,Health and Beauty,First Class,1,PENDING_PAYMENT,4,1172.160034,181.690001492
Southeast Asia,Health and Beauty,First Class,1,PROCESSING,1,293.0400085,26.37000084
Southeast Asia,Health and Beauty,Second Class,2,COMPLETE,8,2344.320068,266.65999795
Southeast Asia,Health and Beauty,Second Class,2,PENDING_PAYMENT,2,586.080017,52.75
Southeast Asia,Health and Beauty,Second Class,2,PROCESSING,2,586.080017,87.90999984999999
Southeast Asia,Health and Beauty,Standard Class,4,CLOSED,2,586.080017,49.80999947
Southeast Asia,Health and Beauty,Standard Class,4,COMPLETE,25,7326.0002125,791.219997671
Southeast Asia,Health and Beauty,Standard Class,4,ON_HOLD,2,586.080017,61.53000069
Southeast Asia,Health and Beauty,Standard Class,4,PENDING,1,293.0400085,29.29999924
Southeast Asia,Health and Beauty,Standard Class,4,PENDING_PAYMENT,12,3516.480102,230.049997802
Southeast Asia,Health and Beauty,Standard Class,4,PROCESSING,2,586.080017,117.22000122
Southeast Asia,Hockey,First Class,1,COMPLETE,5,119.0,54.0
Southeast Asia,Hockey,First Class,1,ON_HOLD,1,22.0,0.219999999
Southeast Asia,Hockey,First Class,1,PENDING,2,47.0,5.439999998
Southeast Asia,Hockey,First Class,1,PENDING_PAYMENT,1,25.0,20.0
Southeast Asia,Hockey,Same Day,0,CLOSED,1,25.0,8.75
Southeast Asia,Hockey,Same Day,0,COMPLETE,1,22.0,0.660000026
Southeast Asia,Hockey,Same Day,0,PROCESSING,2,47.0,15.079999924
Southeast Asia,Hockey,Second Class,2,CLOSED,1,22.0,0.660000026
Southeast Asia,Hockey,Second Class,2,COMPLETE,2,44.0,8.909999847
Southeast Asia,Hockey,Second Class,2,PENDING,1,22.0,3.299999952
Southeast Asia,Hockey,Second Class,2,PENDING_PAYMENT,3,72.0,17.44999981
Southeast Asia,Hockey,Second Class,2,PROCESSING,1,25.0,2.5
Southeast Asia,Hockey,Standard Class,4,CLOSED,4,94.0,19.220000267000003
Southeast Asia,Hockey,Standard Class,4,COMPLETE,6,141.0,28.210000038
Southeast Asia,Hockey,Standard Class,4,ON_HOLD,1,25.0,0.0
Southeast Asia,Hockey,Standard Class,4,PENDING,4,94.0,14.269999981
Southeast Asia,Hockey,Standard Class,4,PENDING_PAYMENT,4,97.0,19.820000052
Southeast Asia,Hockey,Standard Class,4,PROCESSING,1,25.0,6.880000114
Southeast Asia,Hunting & Shooting,Same Day,0,COMPLETE,1,29.98999977,10.5
Southeast Asia,Hunting & Shooting,Second Class,2,CLOSED,1,29.98999977,2.099999905
Southeast Asia,Hunting & Shooting,Second Class,2,COMPLETE,1,29.98999977,3.900000095
Southeast Asia,Hunting & Shooting,Second Class,2,ON_HOLD,1,29.98999977,22.48999977
Southeast Asia,Hunting & Shooting,Standard Class,4,COMPLETE,5,149.94999885,38.53999996
Southeast Asia,Hunting & Shooting,Standard Class,4,ON_HOLD,1,29.98999977,14.39999962
Southeast Asia,Hunting & Shooting,Standard Class,4,PENDING,1,29.98999977,3.0
Southeast Asia,Hunting & Shooting,Standard Class,4,PENDING_PAYMENT,2,59.97999954,3.900000096
Southeast Asia,Lacrosse,First Class,1,COMPLETE,1,24.98999977,3.25
Southeast Asia,Lacrosse,First Class,1,ON_HOLD,1,24.98999977,24.98999977
Southeast Asia,Lacrosse,First Class,1,PENDING_PAYMENT,1,24.98999977,1.0
Southeast Asia,Lacrosse,Same Day,0,COMPLETE,1,24.98999977,5.0
Southeast Asia,Lacrosse,Standard Class,4,PENDING_PAYMENT,3,74.96999931,41.47999954
Southeast Asia,Men's Clothing,First Class,1,CLOSED,2,421.7000122,69.57999992
Southeast Asia,Men's Clothing,First Class,1,COMPLETE,5,1054.2500305,104.380001064
Southeast Asia,Men's Clothing,First Class,1,PENDING,1,210.8500061,31.62999916
Southeast Asia,Men's Clothing,First Class,1,PROCESSING,4,843.4000244,67.469999319
Southeast Asia,Men's Clothing,Same Day,0,COMPLETE,1,210.8500061,52.70999908
Southeast Asia,Men's Clothing,Same Day,0,ON_HOLD,1,210.8500061,11.60000038
Southeast Asia,Men's Clothing,Same Day,0,PENDING_PAYMENT,1,210.8500061,37.95000076
Southeast Asia,Men's Clothing,Second Class,2,CLOSED,1,210.8500061,35.84000015
Southeast Asia,Men's Clothing,Second Class,2,COMPLETE,2,421.7000122,94.87999725
Southeast Asia,Men's Clothing,Second Class,2,PENDING_PAYMENT,1,210.8500061,11.60000038
Southeast Asia,Men's Clothing,Standard Class,4,CLOSED,5,1054.2500305,109.649999855
Southeast Asia,Men's Clothing,Standard Class,4,COMPLETE,6,1265.1000366,204.51999758
Southeast Asia,Men's Clothing,Standard Class,4,ON_HOLD,4,843.4000244,115.97000122
Southeast Asia,Men's Clothing,Standard Class,4,PENDING,1,210.8500061,2.109999895
Southeast Asia,Men's Clothing,Standard Class,4,PENDING_PAYMENT,4,843.4000244,69.579998965
Southeast Asia,Men's Clothing,Standard Class,4,PROCESSING,1,210.8500061,27.40999985
Southeast Asia,Men's Clothing,Standard Class,4,SUSPECTED_FRAUD,1,210.8500061,42.16999817
Southeast Asia,Men's Footwear,First Class,1,CANCELED,1,129.9900055,32.5
Southeast Asia,Men's Footwear,First Class,1,CLOSED,9,1169.9100495,105.950000997
Southeast Asia,Men's Footwear,First Class,1,COMPLETE,32,4159.680176,405.599997292
Southeast Asia,Men's Footwear,First Class,1,ON_HOLD,5,649.9500275,82.549999715
Southeast Asia,Men's Footwear,First Class,1,PAYMENT_REVIEW,6,779.940033,109.200000761
Southeast Asia,Men's Footwear,First Class,1,PENDING,9,1169.9100495,150.799998527
Southeast Asia,Men's Footwear,First Class,1,PENDING_PAYMENT,27,3509.7301485,232.050000188
Southeast Asia,Men's Footwear,First Class,1,PROCESSING,5,649.9500275,94.899999621
Southeast Asia,Men's Footwear,Same Day,0,CLOSED,3,389.9700165,51.349998955
Southeast Asia,Men's Footwear,Same Day,0,COMPLETE,6,779.940033,74.09999942900001
Southeast Asia,Men's Footwear,Same Day,0,ON_HOLD,1,129.9900055,26.0
Southeast Asia,Men's Footwear,Same Day,0,PENDING_PAYMENT,9,1169.9100495,99.450000286
Southeast Asia,Men's Footwear,Same Day,0,PROCESSING,5,649.9500275,70.849999904
Southeast Asia,Men's Footwear,Second Class,2,CLOSED,13,1689.8700715,168.999998336
Southeast Asia,Men's Footwear,Second Class,2,COMPLETE,48,6239.520264,655.850000859
Southeast Asia,Men's Footwear,Second Class,2,ON_HOLD,7,909.9300385,79.30000018999999
Southeast Asia,Men's Footwear,Second Class,2,PAYMENT_REVIEW,1,129.9900055,11.69999981
Southeast Asia,Men's Footwear,Second Class,2,PENDING,9,1169.9100495,50.049999475
Southeast Asia,Men's Footwear,Second Class,2,PENDING_PAYMENT,34,4419.660187,433.550000191
Southeast Asia,Men's Footwear,Second Class,2,PROCESSING,5,649.9500275,33.799999001
Southeast Asia,Men's Footwear,Standard Class,4,CANCELED,1,129.9900055,20.79999924
Southeast Asia,Men's Footwear,Standard Class,4,CLOSED,48,6239.520264,625.299997099
Southeast Asia,Men's Footwear,Standard Class,4,COMPLETE,155,20148.4508525,2041.649991298
Southeast Asia,Men's Footwear,Standard Class,4,ON_HOLD,34,4419.660187,464.099997289
Southeast Asia,Men's Footwear,Standard Class,4,PAYMENT_REVIEW,4,519.960022,48.09999943
Southeast Asia,Men's Footwear,Standard Class,4,PENDING,27,3509.7301485,312.649998907
Southeast Asia,Men's Footwear,Standard Class,4,PENDING_PAYMENT,73,9489.2704015,906.099996812
Southeast Asia,Men's Footwear,Standard Class,4,PROCESSING,22,2859.780121,312.649997482
Southeast Asia,Men's Footwear,Standard Class,4,SUSPECTED_FRAUD,5,649.9500275,91.000000001
Southeast Asia,Music,First Class,1,CLOSED,3,781.9499817000001,52.129998198
Southeast Asia,Music,First Class,1,PENDING,1,260.6499939,65.16000366
Southeast Asia,Music,First Class,1,PENDING_PAYMENT,2,521.2999878,52.130001070000006
Southeast Asia,Music,Same Day,0,COMPLETE,2,521.2999878,57.34999847
Southeast Asia,Music,Same Day,0,ON_HOLD,1,260.6499939,0.0
Southeast Asia,Music,Second Class,2,CLOSED,3,781.9499817000001,70.37999725
Southeast Asia,Music,Second Class,2,COMPLETE,2,521.2999878,57.340001108
Southeast Asia,Music,Second Class,2,ON_HOLD,1,260.6499939,13.02999973
Southeast Asia,Music,Second Class,2,PAYMENT_REVIEW,1,260.6499939,44.31000137
Southeast Asia,Music,Second Class,2,PENDING,1,260.6499939,14.34000015
Southeast Asia,Music,Second Class,2,PENDING_PAYMENT,1,260.6499939,23.45999908
Southeast Asia,Music,Standard Class,4,CLOSED,4,1042.5999756,101.660000322
Southeast Asia,Music,Standard Class,4,COMPLETE,15,3909.7499085,347.970007177
Southeast Asia,Music,Standard Class,4,ON_HOLD,5,1303.2499695,108.16999959
Southeast Asia,Music,Standard Class,4,PENDING_PAYMENT,14,3649.0999146,290.63999939
Southeast Asia,Music,Standard Class,4,PROCESSING,1,260.6499939,39.09999847
Southeast Asia,Pet Supplies,First Class,1,CLOSED,1,84.40000153,4.21999979
Southeast Asia,Pet Supplies,First Class,1,COMPLETE,7,590.8000107099999,71.739998339
Southeast Asia,Pet Supplies,First Class,1,PENDING,2,168.80000306,16.880000351
Southeast Asia,Pet Supplies,First Class,1,PENDING_PAYMENT,8,675.20001224,70.900000098
Southeast Asia,Pet Supplies,First Class,1,PROCESSING,1,84.40000153,4.639999866
Southeast Asia,Pet Supplies,First Class,1,SUSPECTED_FRAUD,1,84.40000153,21.10000038
Southeast Asia,Pet Supplies,Same Day,0,COMPLETE,3,253.20000459,12.660000141
Southeast Asia,Pet Supplies,Second Class,2,CLOSED,7,590.8000107099999,57.379999755
Southeast Asia,Pet Supplies,Second Class,2,COMPLETE,12,1012.80001836,126.610000601
Southeast Asia,Pet Supplies,Second Class,2,ON_HOLD,2,168.80000306,7.169999837000001
Southeast Asia,Pet Supplies,Second Class,2,PENDING,3,253.20000459,5.909999847
Southeast Asia,Pet Supplies,Second Class,2,PENDING_PAYMENT,3,253.20000459,34.599999427
Southeast Asia,Pet Supplies,Second Class,2,PROCESSING,2,168.80000306,3.380000114
Southeast Asia,Pet Supplies,Standard Class,4,CLOSED,7,590.8000107099999,69.21000033300001
Southeast Asia,Pet Supplies,Standard Class,4,COMPLETE,15,1266.00002295,155.299996131
Southeast Asia,Pet Supplies,Standard Class,4,ON_HOLD,3,253.20000459,28.700000284
Southeast Asia,Pet Supplies,Standard Class,4,PAYMENT_REVIEW,1,84.40000153,16.87999916
Southeast Asia,Pet Supplies,Standard Class,4,PENDING,1,84.40000153,8.43999958
Southeast Asia,Pet Supplies,Standard Class,4,PENDING_PAYMENT,8,675.20001224,85.239998392
Southeast Asia,Pet Supplies,Standard Class,4,PROCESSING,2,168.80000306,1.690000057
Southeast Asia,Shop By Sport,First Class,1,CLOSED,12,479.88002016,155.160001632
Southeast Asia,Shop By Sport,First Class,1,COMPLETE,17,679.83002856,160.379998327
Southeast Asia,Shop By Sport,First Class,1,ON_HOLD,4,159.96000672,65.790001692
Southeast Asia,Shop By Sport,First Class,1,PENDING,2,79.98000336,28.400000570000003
Southeast Asia,Shop By Sport,First Class,1,PENDING_PAYMENT,20,789.81003192,269.840000627
Southeast Asia,Shop By Sport,First Class,1,PROCESSING,12,479.88002016,161.980004606
Southeast Asia,Shop By Sport,Same Day,0,CLOSED,1,39.99000168,19.20000076
Southeast Asia,Shop By Sport,Same Day,0,COMPLETE,8,319.92001344,134.770000094
Southeast Asia,Shop By Sport,Same Day,0,PENDING,1,39.99000168,5.599999905
Southeast Asia,Shop By Sport,Same Day,0,PENDING_PAYMENT,2,79.98000336,23.190000174
Southeast Asia,Shop By Sport,Second Class,2,CLOSED,8,319.92001344,51.600000263
Southeast Asia,Shop By Sport,Second Class,2,COMPLETE,31,1239.69005208,450.130004518
Southeast Asia,Shop By Sport,Second Class,2,ON_HOLD,3,119.97000504,25.600000024
Southeast Asia,Shop By Sport,Second Class,2,PENDING,3,119.97000504,13.599999905
Southeast Asia,Shop By Sport,Second Class,2,PENDING_PAYMENT,16,629.8500252,189.970003597
Southeast Asia,Shop By Sport,Second Class,2,PROCESSING,4,159.96000672,48.390001537
Southeast Asia,Shop By Sport,Standard Class,4,CANCELED,2,79.98000336,55.59000206
Southeast Asia,Shop By Sport,Standard Class,4,CLOSED,29,1149.72004704,210.690002135
Southeast Asia,Shop By Sport,Standard Class,4,COMPLETE,49,1949.52008064,597.410007247
Southeast Asia,Shop By Sport,Standard Class,4,ON_HOLD,7,279.93001176,80.790000436
Southeast Asia,Shop By Sport,Standard Class,4,PAYMENT_REVIEW,1,39.99000168,9.600000381
Southeast Asia,Shop By Sport,Standard Class,4,PENDING,8,319.92001344,111.580003414
Southeast Asia,Shop By Sport,Standard Class,4,PENDING_PAYMENT,36,1439.64006048,355.120002351
Southeast Asia,Shop By Sport,Standard Class,4,PROCESSING,15,599.8500252,215.750002861
Southeast Asia,Shop By Sport,Standard Class,4,SUSPECTED_FRAUD,4,159.96000672,49.199999809
Southeast Asia,Sporting Goods,First Class,1,CANCELED,1,327.75,81.94000244
Southeast Asia,Sporting Goods,First Class,1,CLOSED,4,1311.0,239.27000427
Southeast Asia,Sporting Goods,First Class,1,COMPLETE,4,1311.0,103.250003101
Southeast Asia,Sporting Goods,First Class,1,ON_HOLD,1,327.75,65.55000305
Southeast Asia,Sporting Goods,First Class,1,PENDING,3,983.25,111.440000534
Southeast Asia,Sporting Goods,First Class,1,PENDING_PAYMENT,5,1638.75,255.650007244
Southeast Asia,Sporting Goods,First Class,1,PROCESSING,1,327.75,6.559999943
Southeast Asia,Sporting Goods,Same Day,0,COMPLETE,1,327.75,32.77999878
Southeast Asia,Sporting Goods,Same Day,0,PENDING,2,655.5,59.0
Southeast Asia,Sporting Goods,Same Day,0,PENDING_PAYMENT,2,655.5,47.53000069
Southeast Asia,Sporting Goods,Second Class,2,CANCELED,1,327.75,81.94000244
Southeast Asia,Sporting Goods,Second Class,2,CLOSED,4,1311.0,170.43000412
Southeast Asia,Sporting Goods,Second Class,2,COMPLETE,3,983.25,68.82999802
Southeast Asia,Sporting Goods,Second Class,2,PAYMENT_REVIEW,1,327.75,16.38999939
Southeast Asia,Sporting Goods,Second Class,2,PENDING,2,655.5,124.55000305
Southeast Asia,Sporting Goods,Second Class,2,PENDING_PAYMENT,5,1638.75,201.58000374
Southeast Asia,Sporting Goods,Second Class,2,PROCESSING,3,983.25,114.710000994
Southeast Asia,Sporting Goods,Standard Class,4,CLOSED,7,2294.25,219.600007532
Southeast Asia,Sporting Goods,Standard Class,4,COMPLETE,24,7866.0,780.0800118459999
Southeast Asia,Sporting Goods,Standard Class,4,ON_HOLD,4,1311.0,219.60000229
Southeast Asia,Sporting Goods,Standard Class,4,PENDING,3,983.25,150.77000427000002
Southeast Asia,Sporting Goods,Standard Class,4,PENDING_PAYMENT,16,5244.0,453.960002905
Southeast Asia,Sporting Goods,Standard Class,4,PROCESSING,8,2622.0,227.800001156
Southeast Asia,Sporting Goods,Standard Class,4,SUSPECTED_FRAUD,3,983.25,186.82000351
Southeast Asia,Tennis & Racquet,First Class,1,ON_HOLD,1,44.99000168,15.75
Southeast Asia,Tennis & Racquet,Same Day,0,PENDING_PAYMENT,1,44.99000168,2.700000048
Southeast Asia,Tennis & Racquet,Second Class,2,COMPLETE,2,89.98000336,14.39999962
Southeast Asia,Tennis & Racquet,Standard Class,4,COMPLETE,6,269.94001008,62.099999905
Southeast Asia,Toys,First Class,1,CANCELED,3,34.619999879999995,3.01000002
Southeast Asia,Toys,First Class,1,CLOSED,1,11.53999996,0.810000002
Southeast Asia,Toys,First Class,1,COMPLETE,11,126.93999956,14.369999885
Southeast Asia,Toys,First Class,1,ON_HOLD,1,11.53999996,0.810000002
Southeast Asia,Toys,First Class,1,PAYMENT_REVIEW,1,11.53999996,1.039999962
Southeast Asia,Toys,First Class,1,PENDING,1,11.53999996,2.309999943
Southeast Asia,Toys,First Class,1,PENDING_PAYMENT,3,34.619999879999995,3.809999943
Southeast Asia,Toys,First Class,1,PROCESSING,3,34.619999879999995,2.199999921
Southeast Asia,Toys,Same Day,0,CLOSED,1,11.53999996,2.309999943
Southeast Asia,Toys,Same Day,0,COMPLETE,2,23.07999992,1.850000024
Southeast Asia,Toys,Same Day,0,PENDING,1,11.53999996,0.810000002
Southeast Asia,Toys,Same Day,0,PENDING_PAYMENT,2,23.07999992,1.039999962
Southeast Asia,Toys,Second Class,2,CANCELED,1,11.53999996,0.579999983
Southeast Asia,Toys,Second Class,2,CLOSED,5,57.6999998,4.509999908
Southeast Asia,Toys,Second Class,2,COMPLETE,16,184.63999936,16.679999804999998
Southeast Asia,Toys,Second Class,2,ON_HOLD,2,23.07999992,1.730000019
Southeast Asia,Toys,Second Class,2,PENDING,7,80.77999971999999,10.49999994
Southeast Asia,Toys,Second Class,2,PENDING_PAYMENT,5,57.6999998,7.740000039
Southeast Asia,Toys,Second Class,2,PROCESSING,2,23.07999992,3.010000102
Southeast Asia,Toys,Standard Class,4,CANCELED,3,34.619999879999995,4.050000064
Southeast Asia,Toys,Standard Class,4,CLOSED,10,115.3999996,8.999999925000001
Southeast Asia,Toys,Standard Class,4,COMPLETE,51,588.5399979599999,59.570000063
Southeast Asia,Toys,Standard Class,4,ON_HOLD,9,103.85999964,10.510000109
Southeast Asia,Toys,Standard Class,4,PENDING,16,184.63999936,26.1599999
Southeast Asia,Toys,Standard Class,4,PENDING_PAYMENT,31,357.73999876,29.889999936
Southeast Asia,Toys,Standard Class,4,PROCESSING,10,115.3999996,14.319999955
Southeast Asia,Toys,Standard Class,4,SUSPECTED_FRAUD,1,11.53999996,1.379999995
Southeast Asia,Trade-In,First Class,1,CLOSED,1,21.98999977,14.94999981
Southeast Asia,Trade-In,First Class,1,COMPLETE,3,53.969999310000006,18.310000186
Southeast Asia,Trade-In,First Class,1,PENDING_PAYMENT,1,21.98999977,15.82999992
Southeast Asia,Trade-In,Same Day,0,PENDING_PAYMENT,1,21.98999977,4.400000095
Southeast Asia,Trade-In,Second Class,2,COMPLETE,3,53.969999310000006,25.599999903
Southeast Asia,Trade-In,Standard Class,4,CLOSED,2,37.97999954,6.350000143
Southeast Asia,Trade-In,Standard Class,4,COMPLETE,6,119.93999862,26.06000018
Southeast Asia,Trade-In,Standard Class,4,ON_HOLD,1,15.98999977,1.440000057
Southeast Asia,Trade-In,Standard Class,4,PENDING,2,31.97999954,2.24000001
Southeast Asia,Trade-In,Standard Class,4,PENDING_PAYMENT,4,69.95999908,14.389999925
Southeast Asia,Trade-In,Standard Class,4,PROCESSING,4,69.95999908,28.030000207
Southeast Asia,Video Games,First Class,1,CANCELED,1,39.75,3.980000019
Southeast Asia,Video Games,First Class,1,CLOSED,1,39.75,4.769999981
Southeast Asia,Video Games,First Class,1,COMPLETE,7,278.25,22.660000145
Southeast Asia,Video Games,First Class,1,ON_HOLD,1,39.75,6.360000134
Southeast Asia,Video Games,First Class,1,PAYMENT_REVIEW,1,39.75,0.400000006
Southeast Asia,Video Games,First Class,1,PENDING,2,79.5,4.180000067
Southeast Asia,Video Games,First Class,1,PENDING_PAYMENT,4,159.0,20.669999956
Southeast Asia,Video Games,First Class,1,PROCESSING,1,39.75,6.760000229
Southeast Asia,Video Games,Same Day,0,COMPLETE,1,39.75,6.760000229
Southeast Asia,Video Games,Same Day,0,ON_HOLD,2,79.5,8.150000095000001
Southeast Asia,Video Games,Same Day,0,PAYMENT_REVIEW,1,39.75,7.159999847
Southeast Asia,Video Games,Same Day,0,PROCESSING,1,39.75,3.579999924
Southeast Asia,Video Games,Second Class,2,CLOSED,3,119.25,7.749999999
Southeast Asia,Video Games,Second Class,2,COMPLETE,14,556.5,45.140000432
Southeast Asia,Video Games,Second Class,2,ON_HOLD,6,238.5,23.060000241
Southeast Asia,Video Games,Second Class,2,PAYMENT_REVIEW,1,39.75,0.400000006
Southeast Asia,Video Games,Second Class,2,PENDING_PAYMENT,4,159.0,11.740000069
Southeast Asia,Video Games,Second Class,2,PROCESSING,1,39.75,5.170000076
Southeast Asia,Video Games,Standard Class,4,CANCELED,1,39.75,1.190000057
Southeast Asia,Video Games,Standard Class,4,CLOSED,9,357.75,33.200000076
Southeast Asia,Video Games,Standard Class,4,COMPLETE,48,1908.0,211.739999441
Southeast Asia,Video Games,Standard Class,4,ON_HOLD,6,238.5,18.689999968
Southeast Asia,Video Games,Standard Class,4,PAYMENT_REVIEW,2,79.5,11.929999828
Southeast Asia,Video Games,Standard Class,4,PENDING,6,238.5,27.040000319
Southeast Asia,Video Games,Standard Class,4,PENDING_PAYMENT,24,954.0,87.68000042599999
Southeast Asia,Video Games,Standard Class,4,PROCESSING,3,119.25,8.75
Southeast Asia,Video Games,Standard Class,4,SUSPECTED_FRAUD,1,39.75,2.779999971
Southeast Asia,Water Sports,First Class,1,CANCELED,1,199.9900055,10.0
Southeast Asia,Water Sports,First Class,1,CLOSED,16,3199.840088,293.0
Southeast Asia,Water Sports,First Class,1,COMPLETE,39,7799.610214499999,917.0
Southeast Asia,Water Sports,First Class,1,ON_HOLD,4,799.960022,106.0
Southeast Asia,Water Sports,First Class,1,PENDING,17,3399.8300935,381.0
Southeast Asia,Water Sports,First Class,1,PENDING_PAYMENT,27,5399.7301485,592.0
Southeast Asia,Water Sports,First Class,1,PROCESSING,9,1799.9100495,217.0
Southeast Asia,Water Sports,First Class,1,SUSPECTED_FRAUD,2,399.980011,52.0
Southeast Asia,Water Sports,Same Day,0,CANCELED,1,199.9900055,50.0
Southeast Asia,Water Sports,Same Day,0,CLOSED,5,999.9500275,48.0
Southeast Asia,Water Sports,Same Day,0,COMPLETE,9,1799.9100495,155.0
Southeast Asia,Water Sports,Same Day,0,ON_HOLD,2,399.980011,4.0
Southeast Asia,Water Sports,Same Day,0,PENDING,2,399.980011,29.0
Southeast Asia,Water Sports,Same Day,0,PENDING_PAYMENT,11,2199.8900605,209.0
Southeast Asia,Water Sports,Same Day,0,PROCESSING,2,399.980011,36.0
Southeast Asia,Water Sports,Same Day,0,SUSPECTED_FRAUD,1,199.9900055,2.0
Southeast Asia,Water Sports,Second Class,2,CANCELED,2,399.980011,44.0
Southeast Asia,Water Sports,Second Class,2,CLOSED,10,1999.900055,150.0
Southeast Asia,Water Sports,Second Class,2,COMPLETE,41,8199.5902255,583.0
Southeast Asia,Water Sports,Second Class,2,ON_HOLD,7,1399.9300385,100.0
Southeast Asia,Water Sports,Second Class,2,PENDING,7,1399.9300385,144.0
Southeast Asia,Water Sports,Second Class,2,PENDING_PAYMENT,32,6399.680176,472.0
Southeast Asia,Water Sports,Second Class,2,PROCESSING,22,4399.780121,549.0
Southeast Asia,Water Sports,Second Class,2,SUSPECTED_FRAUD,6,1199.940033,159.0
Southeast Asia,Water Sports,Standard Class,4,CANCELED,17,3399.8300935,348.0
Southeast Asia,Water Sports,Standard Class,4,CLOSED,41,8199.5902255,751.0
Southeast Asia,Water Sports,Standard Class,4,COMPLETE,122,24398.780671,2434.0
Southeast Asia,Water Sports,Standard Class,4,ON_HOLD,23,4599.7701265,359.0
Southeast Asia,Water Sports,Standard Class,4,PAYMENT_REVIEW,1,199.9900055,30.0
Southeast Asia,Water Sports,Standard Class,4,PENDING,56,11199.440308,1125.0
Southeast Asia,Water Sports,Standard Class,4,PENDING_PAYMENT,105,20998.9505775,2083.0
Southeast Asia,Water Sports,Standard Class,4,PROCESSING,39,7799.610214499999,760.0
Southeast Asia,Water Sports,Standard Class,4,SUSPECTED_FRAUD,3,599.9700164999999,100.0
Southeast Asia,Women's Apparel,First Class,1,CLOSED,13,650.0,182.5
Southeast Asia,Women's Apparel,First Class,1,COMPLETE,29,1450.0,494.75
Southeast Asia,Women's Apparel,First Class,1,ON_HOLD,6,300.0,89.0
Southeast Asia,Women's Apparel,First Class,1,PAYMENT_REVIEW,2,100.0,40.0
Southeast Asia,Women's Apparel,First Class,1,PENDING,11,550.0,234.0
Southeast Asia,Women's Apparel,First Class,1,PENDING_PAYMENT,28,1400.0,447.75
Southeast Asia,Women's Apparel,First Class,1,PROCESSING,4,200.0,46.25
Southeast Asia,Women's Apparel,Same Day,0,CLOSED,2,100.0,59.0
Southeast Asia,Women's Apparel,Same Day,0,COMPLETE,20,1000.0,265.0
Southeast Asia,Women's Apparel,Same Day,0,ON_HOLD,2,100.0,67.0
Southeast Asia,Women's Apparel,Same Day,0,PENDING,4,200.0,32.25
Southeast Asia,Women's Apparel,Same Day,0,PENDING_PAYMENT,9,450.0,154.5
Southeast Asia,Women's Apparel,Same Day,0,PROCESSING,3,150.0,12.0
Southeast Asia,Women's Apparel,Second Class,2,CLOSED,12,600.0,205.5
Southeast Asia,Women's Apparel,Second Class,2,COMPLETE,53,2650.0,887.75
Southeast Asia,Women's Apparel,Second Class,2,ON_HOLD,12,600.0,258.5
Southeast Asia,Women's Apparel,Second Class,2,PAYMENT_REVIEW,1,50.0,1.0
Southeast Asia,Women's Apparel,Second Class,2,PENDING,2,100.0,4.75
Southeast Asia,Women's Apparel,Second Class,2,PENDING_PAYMENT,41,2050.0,602.25
Southeast Asia,Women's Apparel,Second Class,2,PROCESSING,8,400.0,74.5
Southeast Asia,Women's Apparel,Second Class,2,SUSPECTED_FRAUD,3,150.0,43.5
Southeast Asia,Women's Apparel,Standard Class,4,CANCELED,4,200.0,105.0
Southeast Asia,Women's Apparel,Standard Class,4,CLOSED,50,2500.0,848.75
Southeast Asia,Women's Apparel,Standard Class,4,COMPLETE,99,4950.0,1464.25
Southeast Asia,Women's Apparel,Standard Class,4,ON_HOLD,17,850.0,310.5
Southeast Asia,Women's Apparel,Standard Class,4,PAYMENT_REVIEW,4,200.0,39.5
Southeast Asia,Women's Apparel,Standard Class,4,PENDING,23,1150.0,337.5
Southeast Asia,Women's Apparel,Standard Class,4,PENDING_PAYMENT,69,3450.0,925.75
Southeast Asia,Women's Apparel,Standard Class,4,PROCESSING,34,1700.0,653.5
Southeast Asia,Women's Apparel,Standard Class,4,SUSPECTED_FRAUD,4,200.0,81.0
Southeast Asia,Women's Clothing,First Class,1,CANCELED,1,215.8200073,25.89999962
Southeast Asia,Women's Clothing,First Class,1,CLOSED,1,215.8200073,36.68999863
Southeast Asia,Women's Clothing,First Class,1,COMPLETE,9,1942.3800657,274.079996114
Southeast Asia,Women's Clothing,First Class,1,ON_HOLD,3,647.4600218999999,34.529999966
Southeast Asia,Women's Clothing,First Class,1,PENDING,3,647.4600218999999,64.73999881
Southeast Asia,Women's Clothing,First Class,1,PENDING_PAYMENT,8,1726.5600584,260.06999302
Southeast Asia,Women's Clothing,First Class,1,PROCESSING,2,431.6400146,64.7499981
Southeast Asia,Women's Clothing,First Class,1,SUSPECTED_FRAUD,1,215.8200073,36.68999863
Southeast Asia,Women's Clothing,Same Day,0,COMPLETE,2,431.6400146,34.52999878
Southeast Asia,Women's Clothing,Same Day,0,ON_HOLD,3,647.4600218999999,62.589999204
Southeast Asia,Women's Clothing,Same Day,0,PENDING_PAYMENT,1,215.8200073,28.05999947
Southeast Asia,Women's Clothing,Same Day,0,PROCESSING,1,215.8200073,19.42000008
Southeast Asia,Women's Clothing,Second Class,2,CLOSED,4,863.2800292,45.320000166
Southeast Asia,Women's Clothing,Second Class,2,COMPLETE,14,3021.4801022,298.90999533
Southeast Asia,Women's Clothing,Second Class,2,ON_HOLD,2,431.6400146,43.15999985
Southeast Asia,Women's Clothing,Second Class,2,PAYMENT_REVIEW,1,215.8200073,21.57999992
Southeast Asia,Women's Clothing,Second Class,2,PENDING,1,215.8200073,8.630000114
Southeast Asia,Women's Clothing,Second Class,2,PENDING_PAYMENT,8,1726.5600584,176.95999719000002
Southeast Asia,Women's Clothing,Second Class,2,PROCESSING,3,647.4600218999999,78.76999760000001
Southeast Asia,Women's Clothing,Standard Class,4,CANCELED,1,215.8200073,8.630000114
Southeast Asia,Women's Clothing,Standard Class,4,CLOSED,9,1942.3800657,213.64999485
Southeast Asia,Women's Clothing,Standard Class,4,COMPLETE,29,6258.780211699999,707.8899877260001
Southeast Asia,Women's Clothing,Standard Class,4,ON_HOLD,3,647.4600218999999,87.40999889
Southeast Asia,Women's Clothing,Standard Class,4,PAYMENT_REVIEW,1,215.8200073,21.57999992
Southeast Asia,Women's Clothing,Standard Class,4,PENDING,4,863.2800292,120.84999848
Southeast Asia,Women's Clothing,Standard Class,4,PENDING_PAYMENT,18,3884.7601314,453.229990246
Southeast Asia,Women's Clothing,Standard Class,4,PROCESSING,7,1510.7400510999998,213.6799965
Southern Africa,Accessories,First Class,1,COMPLETE,1,24.98999977,4.5
Southern Africa,Accessories,First Class,1,ON_HOLD,1,24.98999977,22.48999977
Southern Africa,Accessories,First Class,1,PENDING_PAYMENT,2,49.97999954,25.48999977
Southern Africa,Accessories,Standard Class,4,COMPLETE,5,124.94999885,22.73999977
Southern Africa,Accessories,Standard Class,4,ON_HOLD,1,24.98999977,1.25
Southern Africa,Baseball & Softball,First Class,1,PROCESSING,1,59.99000168,19.20000076
Southern Africa,Baseball & Softball,Standard Class,4,CLOSED,2,94.98000336,73.99000168
Southern Africa,Camping & Hiking,First Class,1,CLOSED,1,299.980011,54.0
Southern Africa,Camping & Hiking,First Class,1,COMPLETE,2,599.960022,48.0
Southern Africa,Camping & Hiking,First Class,1,PENDING_PAYMENT,4,1199.920044,130.5
Southern Africa,Camping & Hiking,First Class,1,PROCESSING,1,299.980011,6.0
Southern Africa,Camping & Hiking,Same Day,0,COMPLETE,3,899.940033,90.0
Southern Africa,Camping & Hiking,Same Day,0,ON_HOLD,2,599.960022,57.0
Southern Africa,Camping & Hiking,Same Day,0,PENDING_PAYMENT,1,299.980011,9.0
Southern Africa,Camping & Hiking,Same Day,0,SUSPECTED_FRAUD,1,299.980011,48.0
Southern Africa,Camping & Hiking,Second Class,2,COMPLETE,3,899.940033,135.0
Southern Africa,Camping & Hiking,Second Class,2,ON_HOLD,1,299.980011,30.0
Southern Africa,Camping & Hiking,Second Class,2,PENDING_PAYMENT,1,299.980011,27.0
Southern Africa,Camping & Hiking,Standard Class,4,CLOSED,7,2099.860077,324.0
Southern Africa,Camping & Hiking,Standard Class,4,COMPLETE,24,7199.520264,766.5
Southern Africa,Camping & Hiking,Standard Class,4,ON_HOLD,5,1499.900055,129.0
Southern Africa,Camping & Hiking,Standard Class,4,PAYMENT_REVIEW,1,299.980011,36.0
Southern Africa,Camping & Hiking,Standard Class,4,PENDING_PAYMENT,8,2399.840088,261.0
Southern Africa,Cardio Equipment,First Class,1,CLOSED,2,199.97999572,129.98999786000002
Southern Africa,Cardio Equipment,First Class,1,COMPLETE,2,199.97999572,36.0
Southern Africa,Cardio Equipment,First Class,1,PAYMENT_REVIEW,1,99.98999786,50.0
Southern Africa,Cardio Equipment,First Class,1,PENDING_PAYMENT,2,199.97999572,50.0
Southern Africa,Cardio Equipment,Same Day,0,CLOSED,1,99.98999786,67.98999786
Southern Africa,Cardio Equipment,Same Day,0,COMPLETE,2,199.97999572,93.98999786
Southern Africa,Cardio Equipment,Same Day,0,ON_HOLD,1,99.98999786,9.0
Southern Africa,Cardio Equipment,Second Class,2,COMPLETE,5,499.9499893,136.0
Southern Africa,Cardio Equipment,Second Class,2,PAYMENT_REVIEW,1,99.98999786,63.99000168
Southern Africa,Cardio Equipment,Standard Class,4,CLOSED,5,499.9499893,265.97999576
Southern Africa,Cardio Equipment,Standard Class,4,COMPLETE,15,1499.8499679,427.9899979
Southern Africa,Cardio Equipment,Standard Class,4,ON_HOLD,2,199.97999572,62.0
Southern Africa,Cardio Equipment,Standard Class,4,PENDING,3,299.96999358,200.9899979
Southern Africa,Cardio Equipment,Standard Class,4,PENDING_PAYMENT,12,1129.88997646,333.98999786
Southern Africa,Cardio Equipment,Standard Class,4,PROCESSING,6,599.93998716,235.97999954
Southern Africa,Cleats,First Class,1,CLOSED,1,59.99000168,38.38999939
Southern Africa,Cleats,First Class,1,COMPLETE,5,299.9500084,98.079998732
Southern Africa,Cleats,First Class,1,ON_HOLD,2,119.98000336,15.000000476
Southern Africa,Cleats,First Class,1,PAYMENT_REVIEW,1,59.99000168,43.18999863
Southern Africa,Cleats,First Class,1,PENDING_PAYMENT,8,479.92001344,160.77000355799998
Southern Africa,Cleats,Same Day,0,COMPLETE,3,179.97000504,36.59999943
Southern Africa,Cleats,Same Day,0,ON_HOLD,1,59.99000168,16.20000076
Southern Africa,Cleats,Same Day,0,SUSPECTED_FRAUD,2,119.98000336,5.400000095
Southern Africa,Cleats,Second Class,2,CLOSED,2,119.98000336,12.599999905
Southern Africa,Cleats,Second Class,2,COMPLETE,5,299.9500084,44.399999619
Southern Africa,Cleats,Second Class,2,PENDING,2,119.98000336,34.790000435
Southern Africa,Cleats,Standard Class,4,CLOSED,6,359.94001008,143.380000595
Southern Africa,Cleats,Standard Class,4,COMPLETE,21,1259.79003528,298.160004142
Southern Africa,Cleats,Standard Class,4,ON_HOLD,6,359.94001008,55.200000047
Southern Africa,Cleats,Standard Class,4,PENDING,1,59.99000168,6.0
Southern Africa,Cleats,Standard Class,4,PENDING_PAYMENT,14,839.86002352,282.870002276
Southern Africa,Cleats,Standard Class,4,PROCESSING,4,239.96000672,107.980002399
Southern Africa,Cleats,Standard Class,4,SUSPECTED_FRAUD,1,59.99000168,8.399999619
Southern Africa,Electronics,First Class,1,COMPLETE,2,83.98000145,8.079999923
Southern Africa,Electronics,First Class,1,PENDING_PAYMENT,1,51.99000168,14.56000042
Southern Africa,Electronics,Second Class,2,CLOSED,1,51.99000168,5.71999979
Southern Africa,Electronics,Second Class,2,COMPLETE,1,51.99000168,15.60000038
Southern Africa,Electronics,Second Class,2,ON_HOLD,1,44.99000168,0.899999976
Southern Africa,Electronics,Second Class,2,PENDING,1,31.98999977,6.400000095
Southern Africa,Electronics,Second Class,2,PENDING_PAYMENT,1,31.98999977,5.119999886
Southern Africa,Electronics,Standard Class,4,CLOSED,2,63.97999954,48.61999893
Southern Africa,Electronics,Standard Class,4,COMPLETE,7,271.93000412,42.080000609
Southern Africa,Electronics,Standard Class,4,ON_HOLD,1,47.99000168,43.18999863
Southern Africa,Electronics,Standard Class,4,PENDING,1,31.98999977,20.79000092
Southern Africa,Electronics,Standard Class,4,PENDING_PAYMENT,1,31.98999977,0.319999993
Southern Africa,Electronics,Standard Class,4,PROCESSING,2,75.98000145,63.7800026
Southern Africa,Fitness Accessories,Standard Class,4,ON_HOLD,1,34.99000168,14.0
Southern Africa,Girls' Apparel,First Class,1,PENDING,1,70.0,9.800000191
Southern Africa,Girls' Apparel,First Class,1,PENDING_PAYMENT,4,204.99000168,68.95000004799999
Southern Africa,Girls' Apparel,Second Class,2,COMPLETE,1,25.0,18.75
Southern Africa,Girls' Apparel,Standard Class,4,COMPLETE,1,25.0,6.25
Southern Africa,Girls' Apparel,Standard Class,4,PENDING,1,30.0,8.399999619
Southern Africa,Golf Apparel,Second Class,2,PENDING,1,19.98999977,10.0
Southern Africa,Golf Apparel,Standard Class,4,PENDING_PAYMENT,1,19.98999977,1.600000024
Southern Africa,Golf Balls,Second Class,2,CLOSED,2,29.97999954,7.799999952
Southern Africa,Golf Balls,Standard Class,4,CLOSED,2,34.97999954,0.400000006
Southern Africa,Golf Balls,Standard Class,4,COMPLETE,1,14.98999977,0.0
Southern Africa,Golf Balls,Standard Class,4,PENDING_PAYMENT,2,29.97999954,10.639999568
Southern Africa,Golf Balls,Standard Class,4,PROCESSING,1,19.98999977,5.0
Southern Africa,Golf Balls,Standard Class,4,SUSPECTED_FRAUD,1,14.98999977,5.400000095
Southern Africa,Golf Gloves,First Class,1,COMPLETE,1,39.99000168,29.98999977
Southern Africa,Golf Gloves,Second Class,2,PENDING,1,24.98999977,16.98999977
Southern Africa,Golf Gloves,Standard Class,4,CLOSED,1,24.98999977,0.0
Southern Africa,Golf Gloves,Standard Class,4,COMPLETE,3,104.97000313,10.900000096
Southern Africa,Golf Gloves,Standard Class,4,PROCESSING,1,39.99000168,2.400000095
Southern Africa,Golf Shoes,Standard Class,4,CANCELED,1,65.0,48.75
Southern Africa,Golf Shoes,Standard Class,4,PENDING_PAYMENT,1,65.0,23.39999962
Southern Africa,Hockey,Standard Class,4,CLOSED,1,25.0,1.75
Southern Africa,Hockey,Standard Class,4,PENDING_PAYMENT,1,25.0,6.25
Southern Africa,Hunting & Shooting,Standard Class,4,PENDING_PAYMENT,1,29.98999977,25.48999977
Southern Africa,Indoor/Outdoor Games,First Class,1,COMPLETE,1,49.97999954,49.97999954
Southern Africa,Indoor/Outdoor Games,Same Day,0,COMPLETE,1,49.97999954,10.5
Southern Africa,Indoor/Outdoor Games,Same Day,0,PENDING_PAYMENT,1,49.97999954,6.5
Southern Africa,Indoor/Outdoor Games,Second Class,2,COMPLETE,1,49.97999954,6.0
Southern Africa,Indoor/Outdoor Games,Second Class,2,PROCESSING,1,49.97999954,35.99000168
Southern Africa,Indoor/Outdoor Games,Standard Class,4,CLOSED,2,99.95999908,47.97999954
Southern Africa,Indoor/Outdoor Games,Standard Class,4,COMPLETE,9,449.81999586,141.70000267
Southern Africa,Indoor/Outdoor Games,Standard Class,4,PENDING,3,149.93999862,14.0
Southern Africa,Indoor/Outdoor Games,Standard Class,4,PENDING_PAYMENT,2,99.95999908,22.5
Southern Africa,Indoor/Outdoor Games,Standard Class,4,PROCESSING,2,99.95999908,9.5
Southern Africa,Indoor/Outdoor Games,Standard Class,4,SUSPECTED_FRAUD,1,49.97999954,2.0
Southern Africa,Lacrosse,Standard Class,4,COMPLETE,1,24.98999977,4.5
Southern Africa,Men's Footwear,First Class,1,CLOSED,4,519.960022,55.249999524
Southern Africa,Men's Footwear,First Class,1,COMPLETE,9,1169.9100495,100.099999431
Southern Africa,Men's Footwear,First Class,1,PENDING,1,129.9900055,5.199999809
Southern Africa,Men's Footwear,First Class,1,PENDING_PAYMENT,6,779.940033,33.150000094
Southern Africa,Men's Footwear,First Class,1,PROCESSING,1,129.9900055,1.299999952
Southern Africa,Men's Footwear,Same Day,0,ON_HOLD,3,389.9700165,55.89999962
Southern Africa,Men's Footwear,Same Day,0,PENDING_PAYMENT,1,129.9900055,7.150000095
Southern Africa,Men's Footwear,Second Class,2,COMPLETE,3,389.9700165,23.39999962
Southern Africa,Men's Footwear,Second Class,2,PENDING_PAYMENT,2,259.980011,13.0
Southern Africa,Men's Footwear,Standard Class,4,CLOSED,13,1689.8700715,195.000000474
Southern Africa,Men's Footwear,Standard Class,4,COMPLETE,36,4679.640198,506.349998477
Southern Africa,Men's Footwear,Standard Class,4,ON_HOLD,3,389.9700165,41.600000381
Southern Africa,Men's Footwear,Standard Class,4,PENDING,2,259.980011,26.0
Southern Africa,Men's Footwear,Standard Class,4,PENDING_PAYMENT,20,2599.80011,220.999999287
Southern Africa,Men's Footwear,Standard Class,4,PROCESSING,5,649.9500275,46.800000428
Southern Africa,Shop By Sport,First Class,1,CLOSED,1,39.99000168,14.0
Southern Africa,Shop By Sport,First Class,1,COMPLETE,3,119.97000504,18.000000238
Southern Africa,Shop By Sport,First Class,1,ON_HOLD,1,39.99000168,2.799999952
Southern Africa,Shop By Sport,First Class,1,PENDING_PAYMENT,3,119.97000504,15.19999981
Southern Africa,Shop By Sport,Same Day,0,ON_HOLD,1,39.99000168,0.0
Southern Africa,Shop By Sport,Same Day,0,PENDING_PAYMENT,1,39.99000168,4.800000191
Southern Africa,Shop By Sport,Second Class,2,COMPLETE,2,79.98000336,41.98999977
Southern Africa,Shop By Sport,Second Class,2,PENDING_PAYMENT,1,39.99000168,4.400000095
Southern Africa,Shop By Sport,Standard Class,4,CLOSED,10,399.9000168,140.779999729
Southern Africa,Shop By Sport,Standard Class,4,COMPLETE,9,359.91001512,114.790002345
Southern Africa,Shop By Sport,Standard Class,4,ON_HOLD,2,79.98000336,14.0
Southern Africa,Shop By Sport,Standard Class,4,PENDING,1,39.99000168,20.38999939
Southern Africa,Shop By Sport,Standard Class,4,PENDING_PAYMENT,5,189.96000672,37.200000435
Southern Africa,Shop By Sport,Standard Class,4,PROCESSING,2,79.98000336,40.790001871
Southern Africa,Tennis & Racquet,Standard Class,4,ON_HOLD,1,44.99000168,2.700000048
Southern Africa,Trade-In,First Class,1,CLOSED,1,21.98999977,3.74000001
Southern Africa,Trade-In,First Class,1,ON_HOLD,1,15.98999977,9.590000153
Southern Africa,Trade-In,Standard Class,4,COMPLETE,1,21.98999977,4.400000095
Southern Africa,Trade-In,Standard Class,4,PENDING_PAYMENT,2,37.97999954,4.099999964
Southern Africa,Water Sports,First Class,1,CLOSED,2,399.980011,17.0
Southern Africa,Water Sports,First Class,1,COMPLETE,3,599.9700164999999,56.0
Southern Africa,Water Sports,First Class,1,ON_HOLD,2,399.980011,2.0
Southern Africa,Water Sports,First Class,1,PENDING,2,399.980011,2.0
Southern Africa,Water Sports,First Class,1,PENDING_PAYMENT,2,399.980011,46.0
Southern Africa,Water Sports,First Class,1,PROCESSING,2,399.980011,8.0
Southern Africa,Water Sports,First Class,1,SUSPECTED_FRAUD,1,199.9900055,10.0
Southern Africa,Water Sports,Same Day,0,CANCELED,1,199.9900055,30.0
Southern Africa,Water Sports,Same Day,0,COMPLETE,2,399.980011,10.0
Southern Africa,Water Sports,Same Day,0,ON_HOLD,1,199.9900055,8.0
Southern Africa,Water Sports,Same Day,0,PENDING,2,399.980011,62.0
Southern Africa,Water Sports,Same Day,0,PENDING_PAYMENT,1,199.9900055,34.0
Southern Africa,Water Sports,Second Class,2,CLOSED,3,599.9700164999999,81.0
Southern Africa,Water Sports,Second Class,2,COMPLETE,6,1199.940033,144.0
Southern Africa,Water Sports,Second Class,2,PENDING,3,599.9700164999999,30.0
Southern Africa,Water Sports,Second Class,2,PENDING_PAYMENT,3,599.9700164999999,70.0
Southern Africa,Water Sports,Second Class,2,PROCESSING,1,199.9900055,20.0
Southern Africa,Water Sports,Second Class,2,SUSPECTED_FRAUD,1,199.9900055,10.0
Southern Africa,Water Sports,Standard Class,4,CANCELED,1,199.9900055,36.0
Southern Africa,Water Sports,Standard Class,4,CLOSED,4,799.960022,57.0
Southern Africa,Water Sports,Standard Class,4,COMPLETE,19,3799.8101045,359.0
Southern Africa,Water Sports,Standard Class,4,ON_HOLD,2,399.980011,38.0
Southern Africa,Water Sports,Standard Class,4,PENDING,4,799.960022,104.0
Southern Africa,Water Sports,Standard Class,4,PENDING_PAYMENT,17,3399.8300935,243.0
Southern Africa,Water Sports,Standard Class,4,PROCESSING,8,1599.920044,166.0
Southern Africa,Water Sports,Standard Class,4,SUSPECTED_FRAUD,2,399.980011,21.0
Southern Africa,Women's Apparel,First Class,1,CLOSED,1,50.0,5.0
Southern Africa,Women's Apparel,First Class,1,COMPLETE,7,350.0,52.0
Southern Africa,Women's Apparel,First Class,1,PAYMENT_REVIEW,2,100.0,40.25
Southern Africa,Women's Apparel,First Class,1,PENDING_PAYMENT,9,450.0,136.5
Southern Africa,Women's Apparel,Same Day,0,ON_HOLD,4,200.0,55.5
Southern Africa,Women's Apparel,Same Day,0,PENDING_PAYMENT,1,50.0,4.0
Southern Africa,Women's Apparel,Second Class,2,CLOSED,2,100.0,22.0
Southern Africa,Women's Apparel,Second Class,2,COMPLETE,7,350.0,106.75
Southern Africa,Women's Apparel,Second Class,2,ON_HOLD,1,50.0,3.0
Southern Africa,Women's Apparel,Standard Class,4,CANCELED,1,50.0,2.5
Southern Africa,Women's Apparel,Standard Class,4,CLOSED,4,200.0,18.5
Southern Africa,Women's Apparel,Standard Class,4,COMPLETE,31,1550.0,571.25
Southern Africa,Women's Apparel,Standard Class,4,ON_HOLD,4,200.0,84.5
Southern Africa,Women's Apparel,Standard Class,4,PAYMENT_REVIEW,1,50.0,30.0
Southern Africa,Women's Apparel,Standard Class,4,PENDING,2,100.0,31.0
Southern Africa,Women's Apparel,Standard Class,4,PENDING_PAYMENT,5,250.0,86.25
Southern Africa,Women's Apparel,Standard Class,4,PROCESSING,1,50.0,7.5
Southern Africa,Women's Apparel,Standard Class,4,SUSPECTED_FRAUD,1,50.0,8.0
Southern Europe,Accessories,First Class,1,COMPLETE,4,99.95999908,39.72999954
Southern Europe,Accessories,First Class,1,PENDING_PAYMENT,4,99.95999908,25.23999977
Southern Europe,Accessories,First Class,1,PROCESSING,1,24.98999977,2.75
Southern Europe,Accessories,Same Day,0,COMPLETE,2,49.97999954,20.73999977
Southern Europe,Accessories,Second Class,2,CLOSED,2,49.97999954,7.5
Southern Europe,Accessories,Second Class,2,COMPLETE,4,99.95999908,37.98999977
Southern Europe,Accessories,Standard Class,4,CANCELED,1,24.98999977,0.5
Southern Europe,Accessories,Standard Class,4,CLOSED,2,49.97999954,9.75
Southern Europe,Accessories,Standard Class,4,COMPLETE,9,224.90999793,101.089999196
Southern Europe,Accessories,Standard Class,4,ON_HOLD,5,124.94999885,66.21999931
Southern Europe,Accessories,Standard Class,4,PENDING_PAYMENT,1,24.98999977,4.0
Southern Europe,Accessories,Standard Class,4,PROCESSING,3,74.96999931,32.48999977
Southern Europe,As Seen on  TV!,Second Class,2,COMPLETE,1,99.98999786,26.0
Southern Europe,As Seen on  TV!,Second Class,2,PENDING_PAYMENT,1,99.98999786,59.99000168
Southern Europe,As Seen on  TV!,Standard Class,4,PROCESSING,1,99.98999786,50.0
Southern Europe,Baby ,First Class,1,COMPLETE,2,118.16000366,8.570000172
Southern Europe,Baby ,First Class,1,PENDING,1,59.08000183,5.909999847
Southern Europe,Baby ,Same Day,0,COMPLETE,2,118.16000366,20.67000007
Southern Europe,Baby ,Same Day,0,PENDING,1,59.08000183,9.449999809
Southern Europe,Baby ,Second Class,2,COMPLETE,1,59.08000183,14.77000046
Southern Europe,Baby ,Standard Class,4,CLOSED,1,59.08000183,2.359999895
Southern Europe,Baby ,Standard Class,4,COMPLETE,7,413.56001281,55.529998782
Southern Europe,Baby ,Standard Class,4,ON_HOLD,1,59.08000183,1.769999981
Southern Europe,Baby ,Standard Class,4,PENDING_PAYMENT,3,177.24000549,25.399999858
Southern Europe,Baby ,Standard Class,4,PROCESSING,1,59.08000183,0.0
Southern Europe,Baseball & Softball,First Class,1,CLOSED,1,159.9900055,28.79999924
Southern Europe,Baseball & Softball,First Class,1,COMPLETE,1,34.99000168,16.79999924
Southern Europe,Baseball & Softball,First Class,1,ON_HOLD,1,59.99000168,24.0
Southern Europe,Baseball & Softball,Same Day,0,CLOSED,1,59.99000168,2.400000095
Southern Europe,Baseball & Softball,Same Day,0,COMPLETE,1,59.99000168,28.79999924
Southern Europe,Baseball & Softball,Same Day,0,PENDING,1,34.99000168,3.5
Southern Europe,Baseball & Softball,Second Class,2,CLOSED,2,194.98000718,9.700000286
Southern Europe,Baseball & Softball,Second Class,2,PENDING_PAYMENT,2,69.98000336,30.79999924
Southern Europe,Baseball & Softball,Standard Class,4,CLOSED,3,279.97000886,47.19000149
Southern Europe,Baseball & Softball,Standard Class,4,COMPLETE,4,214.96000672,28.799999833
Southern Europe,Baseball & Softball,Standard Class,4,ON_HOLD,2,319.980011,35.20000076
Southern Europe,Baseball & Softball,Standard Class,4,PENDING_PAYMENT,1,159.9900055,32.0
Southern Europe,Basketball,First Class,1,COMPLETE,1,299.9899902,39.0
Southern Europe,Basketball,First Class,1,PENDING_PAYMENT,1,299.9899902,54.0
Southern Europe,Basketball,Standard Class,4,COMPLETE,1,299.9899902,9.0
Southern Europe,Basketball,Standard Class,4,PENDING,3,899.9699706000001,105.0
Southern Europe,Basketball,Standard Class,4,PENDING_PAYMENT,3,899.9699706000001,144.0
Southern Europe,Books ,First Class,1,PENDING_PAYMENT,1,31.07999992,0.310000002
Southern Europe,Books ,Same Day,0,COMPLETE,1,31.07999992,0.0
Southern Europe,Books ,Same Day,0,PENDING_PAYMENT,1,31.07999992,2.799999952
Southern Europe,Books ,Second Class,2,CLOSED,1,31.07999992,6.21999979
Southern Europe,Books ,Second Class,2,COMPLETE,5,155.3999996,11.189999639
Southern Europe,Books ,Second Class,2,ON_HOLD,1,31.07999992,1.710000038
Southern Europe,Books ,Second Class,2,PENDING,1,31.07999992,0.930000007
Southern Europe,Books ,Second Class,2,PENDING_PAYMENT,2,62.15999984,7.769999981
Southern Europe,Books ,Standard Class,4,CLOSED,2,62.15999984,10.870000363
Southern Europe,Books ,Standard Class,4,COMPLETE,8,248.63999936,34.489999771
Southern Europe,Books ,Standard Class,4,PENDING_PAYMENT,6,186.47999952,31.389999628
Southern Europe,Books ,Standard Class,4,PROCESSING,1,31.07999992,1.24000001
Southern Europe,Boxing & MMA,First Class,1,COMPLETE,2,144.95999908,52.690000530000006
Southern Europe,Boxing & MMA,Same Day,0,COMPLETE,1,54.97000122,8.25
Southern Europe,Boxing & MMA,Same Day,0,ON_HOLD,1,54.97000122,4.949999809
Southern Europe,Boxing & MMA,Same Day,0,PENDING_PAYMENT,1,54.97000122,9.340000153
Southern Europe,Boxing & MMA,Second Class,2,CLOSED,1,54.97000122,13.73999977
Southern Europe,Boxing & MMA,Second Class,2,COMPLETE,3,239.94999694,98.98999977
Southern Europe,Boxing & MMA,Second Class,2,ON_HOLD,1,94.98999786,7.599999905
Southern Europe,Boxing & MMA,Second Class,2,PROCESSING,2,184.97999572,25.350000855
Southern Europe,Boxing & MMA,Second Class,2,SUSPECTED_FRAUD,1,89.98999786,22.5
Southern Europe,Boxing & MMA,Standard Class,4,CANCELED,1,89.98999786,10.80000019
Southern Europe,Boxing & MMA,Standard Class,4,COMPLETE,2,189.97999572,75.039997812
Southern Europe,Boxing & MMA,Standard Class,4,PENDING,1,94.98999786,13.30000019
Southern Europe,Boxing & MMA,Standard Class,4,PENDING_PAYMENT,1,89.98999786,13.5
Southern Europe,Boxing & MMA,Standard Class,4,PROCESSING,1,54.97000122,19.23999977
Southern Europe,Boxing & MMA,Standard Class,4,SUSPECTED_FRAUD,1,54.97000122,1.649999976
Southern Europe,CDs ,First Class,1,COMPLETE,3,33.869999879999995,4.849999888999999
Southern Europe,CDs ,Second Class,2,PENDING_PAYMENT,3,33.869999879999995,5.189999878
Southern Europe,CDs ,Standard Class,4,CLOSED,6,67.73999975999999,5.199999973000001
Southern Europe,CDs ,Standard Class,4,COMPLETE,5,56.4499998,8.240000009
Southern Europe,CDs ,Standard Class,4,PENDING_PAYMENT,3,33.869999879999995,4.629999935
Southern Europe,Cameras ,First Class,1,CLOSED,1,452.0400085,13.56000042
Southern Europe,Cameras ,First Class,1,COMPLETE,3,1356.1200255,185.34000397
Southern Europe,Cameras ,First Class,1,ON_HOLD,2,904.080017,171.78000641
Southern Europe,Cameras ,First Class,1,PAYMENT_REVIEW,1,452.0400085,72.33000183
Southern Europe,Cameras ,First Class,1,PENDING,3,1356.1200255,144.650002442
Southern Europe,Cameras ,First Class,1,PENDING_PAYMENT,7,3164.2800595,456.56001183
Southern Europe,Cameras ,Same Day,0,COMPLETE,2,904.080017,31.64000034
Southern Europe,Cameras ,Second Class,2,CLOSED,1,452.0400085,4.519999981
Southern Europe,Cameras ,Second Class,2,COMPLETE,13,5876.5201105,752.640009772
Southern Europe,Cameras ,Second Class,2,ON_HOLD,1,452.0400085,31.63999939
Southern Europe,Cameras ,Second Class,2,PENDING,1,452.0400085,113.0100021
Southern Europe,Cameras ,Second Class,2,PENDING_PAYMENT,4,1808.160034,219.24000168
Southern Europe,Cameras ,Second Class,2,PROCESSING,2,904.080017,131.09000015
Southern Europe,Cameras ,Standard Class,4,CLOSED,4,1808.160034,257.66000366
Southern Europe,Cameras ,Standard Class,4,COMPLETE,21,9492.8401785,797.860016794
Southern Europe,Cameras ,Standard Class,4,ON_HOLD,4,1808.160034,158.210004331
Southern Europe,Cameras ,Standard Class,4,PAYMENT_REVIEW,1,452.0400085,4.519999981
Southern Europe,Cameras ,Standard Class,4,PENDING,1,452.0400085,24.86000061
Southern Europe,Cameras ,Standard Class,4,PENDING_PAYMENT,10,4520.400085,415.880002501
Southern Europe,Cameras ,Standard Class,4,PROCESSING,1,452.0400085,9.039999962
Southern Europe,Camping & Hiking,First Class,1,CANCELED,2,599.960022,81.0
Southern Europe,Camping & Hiking,First Class,1,CLOSED,12,3599.760132,288.0
Southern Europe,Camping & Hiking,First Class,1,COMPLETE,27,8099.460297,850.5
Southern Europe,Camping & Hiking,First Class,1,ON_HOLD,3,899.940033,117.0
Southern Europe,Camping & Hiking,First Class,1,PAYMENT_REVIEW,3,899.940033,90.0
Southern Europe,Camping & Hiking,First Class,1,PENDING,5,1499.900055,109.5
Southern Europe,Camping & Hiking,First Class,1,PENDING_PAYMENT,30,8999.40033,1183.5
Southern Europe,Camping & Hiking,First Class,1,PROCESSING,7,2099.860077,276.0
Southern Europe,Camping & Hiking,First Class,1,SUSPECTED_FRAUD,3,899.940033,66.0
Southern Europe,Camping & Hiking,Same Day,0,CLOSED,4,1199.920044,165.0
Southern Europe,Camping & Hiking,Same Day,0,COMPLETE,14,4199.720154,343.5
Southern Europe,Camping & Hiking,Same Day,0,ON_HOLD,3,899.940033,90.0
Southern Europe,Camping & Hiking,Same Day,0,PENDING_PAYMENT,9,2699.820099,409.5
Southern Europe,Camping & Hiking,Same Day,0,PROCESSING,2,599.960022,48.0
Southern Europe,Camping & Hiking,Second Class,2,CLOSED,11,3299.780121,477.0
Southern Europe,Camping & Hiking,Second Class,2,COMPLETE,43,12899.140473,1270.5
Southern Europe,Camping & Hiking,Second Class,2,ON_HOLD,5,1499.900055,180.0
Southern Europe,Camping & Hiking,Second Class,2,PENDING,3,899.940033,96.0
Southern Europe,Camping & Hiking,Second Class,2,PENDING_PAYMENT,17,5099.660187,468.0
Southern Europe,Camping & Hiking,Second Class,2,PROCESSING,6,1799.880066,204.0
Southern Europe,Camping & Hiking,Standard Class,4,CANCELED,4,1199.920044,93.0
Southern Europe,Camping & Hiking,Standard Class,4,CLOSED,35,10499.300385,1215.0
Southern Europe,Camping & Hiking,Standard Class,4,COMPLETE,114,34197.721254,3384.0
Southern Europe,Camping & Hiking,Standard Class,4,ON_HOLD,22,6599.560242,823.5
Southern Europe,Camping & Hiking,Standard Class,4,PAYMENT_REVIEW,1,299.980011,30.0
Southern Europe,Camping & Hiking,Standard Class,4,PENDING,15,4499.700165,628.5
Southern Europe,Camping & Hiking,Standard Class,4,PENDING_PAYMENT,60,17998.80066,1911.0
Southern Europe,Camping & Hiking,Standard Class,4,PROCESSING,10,2999.80011,228.0
Southern Europe,Camping & Hiking,Standard Class,4,SUSPECTED_FRAUD,2,599.960022,93.0
Southern Europe,Cardio Equipment,First Class,1,CANCELED,1,99.98999786,27.0
Southern Europe,Cardio Equipment,First Class,1,CLOSED,12,1199.87997432,610.93999098
Southern Europe,Cardio Equipment,First Class,1,COMPLETE,23,2229.77995292,860.4099922
Southern Europe,Cardio Equipment,First Class,1,ON_HOLD,4,399.95999144,126.98999786
Southern Europe,Cardio Equipment,First Class,1,PAYMENT_REVIEW,2,199.97999572,55.0
Southern Europe,Cardio Equipment,First Class,1,PENDING,4,399.95999144,94.99000168
Southern Europe,Cardio Equipment,First Class,1,PENDING_PAYMENT,16,1599.83996576,284.99000168
Southern Europe,Cardio Equipment,First Class,1,PROCESSING,2,199.97999572,37.0
Southern Europe,Cardio Equipment,Same Day,0,CLOSED,2,199.97999572,110.98999786
Southern Europe,Cardio Equipment,Same Day,0,COMPLETE,11,1029.8999786,205.390001775
Southern Europe,Cardio Equipment,Same Day,0,ON_HOLD,1,99.98999786,1.0
Southern Europe,Cardio Equipment,Same Day,0,PENDING_PAYMENT,1,99.98999786,74.98999786
Southern Europe,Cardio Equipment,Second Class,2,CLOSED,16,1529.8499679,463.069993485
Southern Europe,Cardio Equipment,Second Class,2,COMPLETE,43,4229.57991012,1142.049997321
Southern Europe,Cardio Equipment,Second Class,2,ON_HOLD,3,229.97999572,121.58999824
Southern Europe,Cardio Equipment,Second Class,2,PENDING,4,399.95999144,49.0
Southern Europe,Cardio Equipment,Second Class,2,PENDING_PAYMENT,13,1299.86997218,188.99000168
Southern Europe,Cardio Equipment,Second Class,2,PROCESSING,6,529.9499893,189.99000168
Southern Europe,Cardio Equipment,Standard Class,4,CANCELED,3,299.96999358,90.0
Southern Europe,Cardio Equipment,Standard Class,4,CLOSED,29,2899.70993794,898.95999916
Southern Europe,Cardio Equipment,Standard Class,4,COMPLETE,85,8499.1498181,2655.31998058
Southern Europe,Cardio Equipment,Standard Class,4,ON_HOLD,19,1899.80995934,471.4699974
Southern Europe,Cardio Equipment,Standard Class,4,PAYMENT_REVIEW,1,99.98999786,79.98999786
Southern Europe,Cardio Equipment,Standard Class,4,PENDING,22,2199.77995292,733.4599914400001
Southern Europe,Cardio Equipment,Standard Class,4,PENDING_PAYMENT,37,3699.62992082,925.45999908
Southern Europe,Cardio Equipment,Standard Class,4,PROCESSING,13,1299.86997218,520.94999694
Southern Europe,Cardio Equipment,Standard Class,4,SUSPECTED_FRAUD,4,329.96999358,208.47999954
Southern Europe,Children's Clothing,First Class,1,COMPLETE,1,357.1000061,25.0
Southern Europe,Children's Clothing,First Class,1,PENDING_PAYMENT,3,1071.3000183,58.91999912
Southern Europe,Children's Clothing,Same Day,0,ON_HOLD,2,714.2000122,114.27999878
Southern Europe,Children's Clothing,Second Class,2,CLOSED,2,714.2000122,17.849999663
Southern Europe,Children's Clothing,Second Class,2,COMPLETE,4,1428.4000244,139.269996883
Southern Europe,Children's Clothing,Second Class,2,ON_HOLD,1,357.1000061,32.13999939
Southern Europe,Children's Clothing,Second Class,2,PAYMENT_REVIEW,1,357.1000061,32.13999939
Southern Europe,Children's Clothing,Second Class,2,PENDING,1,357.1000061,17.86000061
Southern Europe,Children's Clothing,Second Class,2,PENDING_PAYMENT,6,2142.6000366,162.479997156
Southern Europe,Children's Clothing,Standard Class,4,CANCELED,1,357.1000061,17.86000061
Southern Europe,Children's Clothing,Standard Class,4,CLOSED,2,714.2000122,21.419999596
Southern Europe,Children's Clothing,Standard Class,4,COMPLETE,25,8927.500152499999,769.539984208
Southern Europe,Children's Clothing,Standard Class,4,ON_HOLD,4,1428.4000244,185.69999695
Southern Europe,Children's Clothing,Standard Class,4,PENDING,4,1428.4000244,169.62999725999998
Southern Europe,Children's Clothing,Standard Class,4,PENDING_PAYMENT,8,2856.8000488,291.04999637000003
Southern Europe,Children's Clothing,Standard Class,4,PROCESSING,2,714.2000122,117.84999848
Southern Europe,Children's Clothing,Standard Class,4,SUSPECTED_FRAUD,1,357.1000061,10.71000004
Southern Europe,Cleats,First Class,1,CLOSED,23,1379.77003864,522.830011132
Southern Europe,Cleats,First Class,1,COMPLETE,44,2639.56007392,859.11001135
Southern Europe,Cleats,First Class,1,ON_HOLD,4,239.96000672,83.390000825
Southern Europe,Cleats,First Class,1,PAYMENT_REVIEW,1,59.99000168,12.0
Southern Europe,Cleats,First Class,1,PENDING,9,539.91001512,165.270001181
Southern Europe,Cleats,First Class,1,PENDING_PAYMENT,41,2699.5900574,839.290009736
Southern Europe,Cleats,First Class,1,PROCESSING,9,539.91001512,214.77000237
Southern Europe,Cleats,First Class,1,SUSPECTED_FRAUD,3,179.97000504,62.989999295
Southern Europe,Cleats,Same Day,0,CLOSED,2,119.98000336,28.800000189
Southern Europe,Cleats,Same Day,0,COMPLETE,17,1019.83002856,421.130005128
Southern Europe,Cleats,Same Day,0,ON_HOLD,5,299.9500084,92.39999867
Southern Europe,Cleats,Same Day,0,PENDING,2,119.98000336,31.200000048
Southern Europe,Cleats,Same Day,0,PENDING_PAYMENT,17,1259.83001708,373.450005778
Southern Europe,Cleats,Same Day,0,PROCESSING,3,179.97000504,104.99000168
Southern Europe,Cleats,Second Class,2,CANCELED,2,119.98000336,6.299999952
Southern Europe,Cleats,Second Class,2,CLOSED,26,1559.74004368,415.150002494
Southern Europe,Cleats,Second Class,2,COMPLETE,74,4919.26010136,1541.520011667
Southern Europe,Cleats,Second Class,2,ON_HOLD,3,179.97000504,75.60000038
Southern Europe,Cleats,Second Class,2,PENDING,12,959.88000868,208.180003159
Southern Europe,Cleats,Second Class,2,PENDING_PAYMENT,34,2279.66004564,741.219996683
Southern Europe,Cleats,Second Class,2,PROCESSING,12,719.88002016,254.360008241
Southern Europe,Cleats,Second Class,2,SUSPECTED_FRAUD,2,119.98000336,32.999999049
Southern Europe,Cleats,Standard Class,4,CANCELED,6,359.94001008,112.199999811
Southern Europe,Cleats,Standard Class,4,CLOSED,67,4019.33011256,1013.920007597
Southern Europe,Cleats,Standard Class,4,COMPLETE,167,10258.33026908,3206.920035282
Southern Europe,Cleats,Standard Class,4,ON_HOLD,36,2159.64006048,643.130001428
Southern Europe,Cleats,Standard Class,4,PAYMENT_REVIEW,2,119.98000336,24.600000024
Southern Europe,Cleats,Standard Class,4,PENDING,35,2339.65004732,630.830008756
Southern Europe,Cleats,Standard Class,4,PENDING_PAYMENT,91,5459.09015288,1268.310005565
Southern Europe,Cleats,Standard Class,4,PROCESSING,35,2099.6500588,977.230020543
Southern Europe,Cleats,Standard Class,4,SUSPECTED_FRAUD,14,839.86002352,335.350004922
Southern Europe,Computers,First Class,1,COMPLETE,5,7500.0,397.5
Southern Europe,Computers,First Class,1,ON_HOLD,1,1500.0,0.0
Southern Europe,Computers,First Class,1,PENDING_PAYMENT,1,1500.0,75.0
Southern Europe,Computers,Same Day,0,PENDING_PAYMENT,1,1500.0,255.0
Southern Europe,Computers,Second Class,2,COMPLETE,1,1500.0,0.0
Southern Europe,Computers,Second Class,2,PENDING_PAYMENT,2,3000.0,570.0
Southern Europe,Computers,Standard Class,4,CLOSED,5,7500.0,720.0
Southern Europe,Computers,Standard Class,4,COMPLETE,13,19500.0,2475.0
Southern Europe,Computers,Standard Class,4,ON_HOLD,2,3000.0,75.0
Southern Europe,Computers,Standard Class,4,PENDING,1,1500.0,15.0
Southern Europe,Computers,Standard Class,4,PENDING_PAYMENT,7,10500.0,1470.0
Southern Europe,Computers,Standard Class,4,PROCESSING,1,1500.0,180.0
Southern Europe,Computers,Standard Class,4,SUSPECTED_FRAUD,1,1500.0,45.0
Southern Europe,Consumer Electronics,First Class,1,CLOSED,2,505.7600098,55.63000202
Southern Europe,Consumer Electronics,First Class,1,COMPLETE,1,252.8800049,7.590000153
Southern Europe,Consumer Electronics,Same Day,0,CLOSED,1,252.8800049,30.35000038
Southern Europe,Consumer Electronics,Same Day,0,COMPLETE,3,758.6400146999999,53.099999661000005
Southern Europe,Consumer Electronics,Second Class,2,CLOSED,2,505.7600098,65.75
Southern Europe,Consumer Electronics,Second Class,2,COMPLETE,8,2023.0400392,118.860000854
Southern Europe,Consumer Electronics,Second Class,2,ON_HOLD,3,758.6400146999999,22.769999986
Southern Europe,Consumer Electronics,Second Class,2,PENDING_PAYMENT,1,252.8800049,5.059999943
Southern Europe,Consumer Electronics,Standard Class,4,CLOSED,2,505.7600098,30.350000383
Southern Europe,Consumer Electronics,Standard Class,4,COMPLETE,17,4298.9600833,389.44000506
Southern Europe,Consumer Electronics,Standard Class,4,PENDING,1,252.8800049,63.22000122
Southern Europe,Consumer Electronics,Standard Class,4,PENDING_PAYMENT,8,2023.0400392,189.66000271
Southern Europe,Consumer Electronics,Standard Class,4,PROCESSING,1,252.8800049,32.86999893
Southern Europe,Crafts,First Class,1,COMPLETE,1,461.480011,32.29999924
Southern Europe,Crafts,First Class,1,PENDING_PAYMENT,1,461.480011,41.52999878
Southern Europe,Crafts,Same Day,0,PAYMENT_REVIEW,1,461.480011,59.99000168
Southern Europe,Crafts,Second Class,2,CLOSED,1,461.480011,83.0699997
Southern Europe,Crafts,Second Class,2,COMPLETE,3,1384.440033,92.2899971
Southern Europe,Crafts,Second Class,2,PENDING_PAYMENT,2,922.960022,50.760001664
Southern Europe,Crafts,Standard Class,4,CLOSED,3,1384.440033,189.2100029
Southern Europe,Crafts,Standard Class,4,COMPLETE,7,3230.360077,392.259998282
Southern Europe,Crafts,Standard Class,4,ON_HOLD,1,461.480011,83.0699997
Southern Europe,Crafts,Standard Class,4,PAYMENT_REVIEW,1,461.480011,18.45999908
Southern Europe,Crafts,Standard Class,4,PENDING,2,922.960022,147.68000412
Southern Europe,Crafts,Standard Class,4,PENDING_PAYMENT,3,1384.440033,168.43999672
Southern Europe,Crafts,Standard Class,4,PROCESSING,2,922.960022,13.84000015
Southern Europe,DVDs,First Class,1,PENDING,1,164.3800049,4.929999828
Southern Europe,DVDs,Same Day,0,PENDING_PAYMENT,1,164.3800049,14.78999996
Southern Europe,DVDs,Second Class,2,COMPLETE,7,1150.6600343,124.119997494
Southern Europe,DVDs,Standard Class,4,CLOSED,1,164.3800049,32.88000107
Southern Europe,DVDs,Standard Class,4,COMPLETE,8,1315.0400392,112.600001329
Southern Europe,DVDs,Standard Class,4,PENDING,1,164.3800049,6.579999924
Southern Europe,DVDs,Standard Class,4,PENDING_PAYMENT,3,493.1400147,77.259999267
Southern Europe,Electronics,First Class,1,CLOSED,2,79.98000145,22.399999622
Southern Europe,Electronics,First Class,1,COMPLETE,4,163.9600029,94.750001915
Southern Europe,Electronics,First Class,1,ON_HOLD,2,76.98000145,48.190001728
Southern Europe,Electronics,First Class,1,PENDING_PAYMENT,4,156.9600029,29.499999881
Southern Europe,Electronics,First Class,1,PROCESSING,2,75.98000145,30.230000500000003
Southern Europe,Electronics,First Class,1,SUSPECTED_FRAUD,1,47.99000168,3.359999895
Southern Europe,Electronics,Same Day,0,COMPLETE,4,149.9600029,13.929999944
Southern Europe,Electronics,Second Class,2,CLOSED,1,51.99000168,4.679999828
Southern Europe,Electronics,Second Class,2,COMPLETE,8,307.92000389,111.069998264
Southern Europe,Electronics,Second Class,2,ON_HOLD,1,51.99000168,7.800000191
Southern Europe,Electronics,Second Class,2,PENDING_PAYMENT,3,121.97000313,27.790000554
Southern Europe,Electronics,Second Class,2,SUSPECTED_FRAUD,1,31.98999977,28.79000092
Southern Europe,Electronics,Standard Class,4,CLOSED,5,215.95000458,73.430001258
Southern Europe,Electronics,Standard Class,4,COMPLETE,17,625.83000755,239.270002967
Southern Europe,Electronics,Standard Class,4,ON_HOLD,3,95.96999931,10.559999943
Southern Europe,Electronics,Standard Class,4,PENDING,2,83.98000145,19.360000611
Southern Europe,Electronics,Standard Class,4,PENDING_PAYMENT,6,263.94000626,160.970002173
Southern Europe,Electronics,Standard Class,4,PROCESSING,2,63.97999954,4.160000085
Southern Europe,Electronics,Standard Class,4,SUSPECTED_FRAUD,2,83.98000145,38.229999541
Southern Europe,Fishing,First Class,1,CLOSED,6,2399.880066,194.0
Southern Europe,Fishing,First Class,1,COMPLETE,9,3599.820099,408.0
Southern Europe,Fishing,First Class,1,ON_HOLD,1,399.980011,12.0
Southern Europe,Fishing,First Class,1,PENDING,1,399.980011,72.0
Southern Europe,Fishing,First Class,1,PENDING_PAYMENT,16,6399.680176,550.0
Southern Europe,Fishing,First Class,1,PROCESSING,9,3599.820099,294.0
Southern Europe,Fishing,First Class,1,SUSPECTED_FRAUD,2,799.960022,64.0
Southern Europe,Fishing,Same Day,0,CLOSED,5,1999.900055,216.0
Southern Europe,Fishing,Same Day,0,COMPLETE,3,1199.940033,200.0
Southern Europe,Fishing,Same Day,0,PENDING_PAYMENT,8,3199.840088,384.0
Southern Europe,Fishing,Same Day,0,PROCESSING,1,399.980011,8.0
Southern Europe,Fishing,Second Class,2,CLOSED,8,3199.840088,312.0
Southern Europe,Fishing,Second Class,2,COMPLETE,24,9599.520264,1110.0
Southern Europe,Fishing,Second Class,2,ON_HOLD,2,799.960022,64.0
Southern Europe,Fishing,Second Class,2,PENDING,2,799.960022,4.0
Southern Europe,Fishing,Second Class,2,PENDING_PAYMENT,13,5199.740143,744.0
Southern Europe,Fishing,Second Class,2,PROCESSING,4,1599.920044,208.0
Southern Europe,Fishing,Standard Class,4,CLOSED,34,13599.320374,1354.0
Southern Europe,Fishing,Standard Class,4,COMPLETE,78,31198.440858,3456.0
Southern Europe,Fishing,Standard Class,4,ON_HOLD,14,5599.720154,570.0
Southern Europe,Fishing,Standard Class,4,PENDING,6,2399.880066,236.0
Southern Europe,Fishing,Standard Class,4,PENDING_PAYMENT,38,15199.240418,1604.0
Southern Europe,Fishing,Standard Class,4,PROCESSING,6,2399.880066,282.0
Southern Europe,Fishing,Standard Class,4,SUSPECTED_FRAUD,1,399.980011,16.0
Southern Europe,Fitness Accessories,First Class,1,CLOSED,1,599.9899902,96.0
Southern Europe,Fitness Accessories,First Class,1,COMPLETE,1,599.9899902,102.0
Southern Europe,Fitness Accessories,Standard Class,4,COMPLETE,2,69.98000336,21.869999886
Southern Europe,Fitness Accessories,Standard Class,4,PENDING_PAYMENT,1,34.99000168,8.399999619
Southern Europe,Girls' Apparel,First Class,1,COMPLETE,1,25.0,3.0
Southern Europe,Girls' Apparel,First Class,1,ON_HOLD,1,39.99000168,12.80000019
Southern Europe,Girls' Apparel,Same Day,0,COMPLETE,1,30.0,1.799999952
Southern Europe,Girls' Apparel,Second Class,2,COMPLETE,5,219.97000504,79.349997994
Southern Europe,Girls' Apparel,Second Class,2,PENDING_PAYMENT,2,109.99000168,9.599999905
Southern Europe,Girls' Apparel,Standard Class,4,COMPLETE,2,69.99000168,5.400000095
Southern Europe,Girls' Apparel,Standard Class,4,ON_HOLD,1,70.0,44.79999924
Southern Europe,Girls' Apparel,Standard Class,4,PENDING,1,30.0,1.200000048
Southern Europe,Girls' Apparel,Standard Class,4,PENDING_PAYMENT,5,234.99000168,70.530000932
Southern Europe,Golf Apparel,First Class,1,CLOSED,1,119.9899979,12.0
Southern Europe,Golf Apparel,First Class,1,COMPLETE,1,19.98999977,9.600000381
Southern Europe,Golf Apparel,First Class,1,PENDING_PAYMENT,4,299.96001054,25.290000674
Southern Europe,Golf Apparel,First Class,1,PROCESSING,1,19.98999977,0.800000012
Southern Europe,Golf Apparel,Same Day,0,PENDING_PAYMENT,1,129.9900055,6.5
Southern Europe,Golf Apparel,Same Day,0,PROCESSING,2,39.97999954,12.0
Southern Europe,Golf Apparel,Second Class,2,CLOSED,1,119.9899979,4.800000191
Southern Europe,Golf Apparel,Second Class,2,PENDING_PAYMENT,1,19.98999977,0.0
Southern Europe,Golf Apparel,Standard Class,4,CLOSED,2,39.97999954,10.700000405
Southern Europe,Golf Apparel,Standard Class,4,COMPLETE,4,289.96000294,46.789999678
Southern Europe,Golf Apparel,Standard Class,4,ON_HOLD,3,259.96999557000004,41.39999962
Southern Europe,Golf Apparel,Standard Class,4,PENDING,2,139.97999767000002,18.589999199
Southern Europe,Golf Apparel,Standard Class,4,PENDING_PAYMENT,1,119.9899979,18.0
Southern Europe,Golf Apparel,Standard Class,4,PROCESSING,2,139.97999767000002,15.599999428
Southern Europe,Golf Apparel,Standard Class,4,SUSPECTED_FRAUD,1,119.9899979,21.60000038
Southern Europe,Golf Bags & Carts,First Class,1,COMPLETE,1,169.9900055,15.30000019
Southern Europe,Golf Bags & Carts,First Class,1,PROCESSING,1,169.9900055,15.30000019
Southern Europe,Golf Bags & Carts,Second Class,2,PENDING_PAYMENT,2,339.980011,44.200000048
Southern Europe,Golf Bags & Carts,Standard Class,4,COMPLETE,2,339.980011,34.000000475
Southern Europe,Golf Bags & Carts,Standard Class,4,ON_HOLD,1,169.9900055,20.39999962
Southern Europe,Golf Bags & Carts,Standard Class,4,PENDING,2,339.980011,38.250000001
Southern Europe,Golf Bags & Carts,Standard Class,4,PENDING_PAYMENT,1,169.9900055,22.10000038
Southern Europe,Golf Balls,First Class,1,CLOSED,1,14.98999977,14.98999977
Southern Europe,Golf Balls,First Class,1,COMPLETE,2,37.97999954,9.899999857
Southern Europe,Golf Balls,First Class,1,ON_HOLD,1,14.98999977,2.099999905
Southern Europe,Golf Balls,First Class,1,PENDING,1,17.98999977,13.48999977
Southern Europe,Golf Balls,First Class,1,PENDING_PAYMENT,2,39.97999954,6.0
Southern Europe,Golf Balls,Same Day,0,CANCELED,1,14.98999977,1.799999952
Southern Europe,Golf Balls,Same Day,0,CLOSED,1,19.98999977,9.0
Southern Europe,Golf Balls,Second Class,2,CLOSED,1,14.98999977,4.5
Southern Europe,Golf Balls,Second Class,2,COMPLETE,5,87.94999885,20.429999828
Southern Europe,Golf Balls,Second Class,2,ON_HOLD,1,19.98999977,5.0
Southern Europe,Golf Balls,Second Class,2,PENDING,1,14.98999977,0.449999988
Southern Europe,Golf Balls,Second Class,2,PENDING_PAYMENT,3,52.969999310000006,8.589999973
Southern Europe,Golf Balls,Standard Class,4,CLOSED,6,107.93999862,22.889999746
Southern Europe,Golf Balls,Standard Class,4,COMPLETE,18,294.81999586,91.079999327
Southern Europe,Golf Balls,Standard Class,4,ON_HOLD,1,19.98999977,10.18999958
Southern Europe,Golf Balls,Standard Class,4,PENDING,2,37.97999954,21.749999999
Southern Europe,Golf Balls,Standard Class,4,PENDING_PAYMENT,5,90.94999885,29.77999973
Southern Europe,Golf Balls,Standard Class,4,PROCESSING,5,82.94999885,18.950000048
Southern Europe,Golf Gloves,First Class,1,CLOSED,1,299.9899902,51.0
Southern Europe,Golf Gloves,First Class,1,COMPLETE,2,274.98000527,5.0
Southern Europe,Golf Gloves,First Class,1,ON_HOLD,1,249.9900055,37.5
Southern Europe,Golf Gloves,First Class,1,PENDING_PAYMENT,1,79.98999786,22.39999962
Southern Europe,Golf Gloves,First Class,1,PROCESSING,1,249.9900055,7.5
Southern Europe,Golf Gloves,First Class,1,SUSPECTED_FRAUD,1,24.98999977,31.23999977
Southern Europe,Golf Gloves,Same Day,0,CANCELED,1,9.989999771,3.599999905
Southern Europe,Golf Gloves,Same Day,0,COMPLETE,2,104.97999763,14.44999981
Southern Europe,Golf Gloves,Same Day,0,ON_HOLD,1,9.989999771,7.489999771
Southern Europe,Golf Gloves,Second Class,2,CLOSED,1,299.9899902,60.0
Southern Europe,Golf Gloves,Second Class,2,COMPLETE,2,309.979989971,60.300000012
Southern Europe,Golf Gloves,Second Class,2,PENDING_PAYMENT,2,49.980001451,11.989999771
Southern Europe,Golf Gloves,Second Class,2,PROCESSING,1,24.98999977,1.5
Southern Europe,Golf Gloves,Standard Class,4,CLOSED,2,104.97999763,13.19999981
Southern Europe,Golf Gloves,Standard Class,4,COMPLETE,10,1099.9000015,126.059999465
Southern Europe,Golf Gloves,Standard Class,4,ON_HOLD,2,329.98000336,60.49000168
Southern Europe,Golf Gloves,Standard Class,4,PENDING,7,484.93000603,159.769999985
Southern Europe,Golf Gloves,Standard Class,4,PENDING_PAYMENT,7,629.929986911,192.470001221
Southern Europe,Golf Gloves,Standard Class,4,PROCESSING,6,654.9400081699999,58.750000001
Southern Europe,Golf Shoes,First Class,1,COMPLETE,1,65.0,13.0
Southern Europe,Golf Shoes,First Class,1,ON_HOLD,1,65.0,0.0
Southern Europe,Golf Shoes,First Class,1,PENDING_PAYMENT,1,65.0,0.0
Southern Europe,Golf Shoes,Same Day,0,ON_HOLD,1,80.0,16.79999924
Southern Europe,Golf Shoes,Same Day,0,PENDING,1,65.0,17.87999916
Southern Europe,Golf Shoes,Same Day,0,PENDING_PAYMENT,2,173.0,32.45000076
Southern Europe,Golf Shoes,Second Class,2,CLOSED,3,245.0,103.5
Southern Europe,Golf Shoes,Second Class,2,ON_HOLD,1,65.0,8.449999809
Southern Europe,Golf Shoes,Second Class,2,PENDING,2,130.0,39.0
Southern Europe,Golf Shoes,Second Class,2,PENDING_PAYMENT,1,100.0,27.5
Southern Europe,Golf Shoes,Standard Class,4,CLOSED,2,165.0,41.79999924
Southern Europe,Golf Shoes,Standard Class,4,COMPLETE,6,478.0,151.85000181499998
Southern Europe,Golf Shoes,Standard Class,4,ON_HOLD,2,165.0,101.25
Southern Europe,Golf Shoes,Standard Class,4,PENDING,2,173.0,20.119999887
Southern Europe,Golf Shoes,Standard Class,4,PENDING_PAYMENT,5,398.0,139.539999
Southern Europe,Golf Shoes,Standard Class,4,PROCESSING,2,145.0,21.54999924
Southern Europe,Golf Shoes,Standard Class,4,SUSPECTED_FRAUD,1,65.0,1.950000048
Southern Europe,Hockey,First Class,1,COMPLETE,1,25.0,18.75
Southern Europe,Hockey,First Class,1,ON_HOLD,1,22.0,0.219999999
Southern Europe,Hockey,First Class,1,PENDING,1,329.9899902,82.5
Southern Europe,Hockey,Second Class,2,CANCELED,1,25.0,0.5
Southern Europe,Hockey,Second Class,2,PENDING_PAYMENT,1,25.0,2.75
Southern Europe,Hockey,Standard Class,4,CANCELED,1,329.9899902,9.899999619
Southern Europe,Hockey,Standard Class,4,CLOSED,1,22.0,16.5
Southern Europe,Hockey,Standard Class,4,COMPLETE,12,276.0,76.660000566
Southern Europe,Hockey,Standard Class,4,ON_HOLD,2,44.0,8.580000162
Southern Europe,Hockey,Standard Class,4,PENDING,2,47.0,6.75
Southern Europe,Hockey,Standard Class,4,PENDING_PAYMENT,3,69.0,30.280000151
Southern Europe,Hockey,Standard Class,4,PROCESSING,1,329.9899902,29.70000076
Southern Europe,Hunting & Shooting,First Class,1,ON_HOLD,1,99.0,44.54999924
Southern Europe,Hunting & Shooting,First Class,1,PENDING_PAYMENT,1,149.9900055,13.5
Southern Europe,Hunting & Shooting,Second Class,2,COMPLETE,3,158.97999954,35.339999675
Southern Europe,Hunting & Shooting,Second Class,2,PENDING,1,29.98999977,0.600000024
Southern Europe,Hunting & Shooting,Second Class,2,PENDING_PAYMENT,1,29.98999977,9.600000381
Southern Europe,Hunting & Shooting,Standard Class,4,CLOSED,2,128.98999977,33.329999445
Southern Europe,Hunting & Shooting,Standard Class,4,COMPLETE,4,239.96000481,69.42000007
Southern Europe,Hunting & Shooting,Standard Class,4,PENDING_PAYMENT,2,128.98999977,79.650000095
Southern Europe,Hunting & Shooting,Standard Class,4,PROCESSING,1,29.98999977,0.300000012
Southern Europe,Indoor/Outdoor Games,First Class,1,CANCELED,1,49.97999954,2.0
Southern Europe,Indoor/Outdoor Games,First Class,1,CLOSED,7,349.85999678,72.21999931
Southern Europe,Indoor/Outdoor Games,First Class,1,COMPLETE,18,899.63999172,263.67000198
Southern Europe,Indoor/Outdoor Games,First Class,1,ON_HOLD,3,149.93999862,49.47999954
Southern Europe,Indoor/Outdoor Games,First Class,1,PAYMENT_REVIEW,2,99.95999908,15.98999977
Southern Europe,Indoor/Outdoor Games,First Class,1,PENDING,4,199.91999816,42.97999954
Southern Europe,Indoor/Outdoor Games,First Class,1,PENDING_PAYMENT,10,499.7999954,149.46000099
Southern Europe,Indoor/Outdoor Games,First Class,1,PROCESSING,4,199.91999816,127.95000076
Southern Europe,Indoor/Outdoor Games,First Class,1,SUSPECTED_FRAUD,3,149.93999862,62.469999310000006
Southern Europe,Indoor/Outdoor Games,Same Day,0,CLOSED,1,49.97999954,8.0
Southern Europe,Indoor/Outdoor Games,Same Day,0,COMPLETE,8,399.83999632,146.93999862
Southern Europe,Indoor/Outdoor Games,Same Day,0,ON_HOLD,1,49.97999954,23.98999977
Southern Europe,Indoor/Outdoor Games,Same Day,0,PENDING,2,99.95999908,11.0
Southern Europe,Indoor/Outdoor Games,Same Day,0,PENDING_PAYMENT,3,149.93999862,44.97999954
Southern Europe,Indoor/Outdoor Games,Same Day,0,PROCESSING,1,49.97999954,0.0
Southern Europe,Indoor/Outdoor Games,Same Day,0,SUSPECTED_FRAUD,1,49.97999954,10.5
Southern Europe,Indoor/Outdoor Games,Second Class,2,CANCELED,1,49.97999954,4.5
Southern Europe,Indoor/Outdoor Games,Second Class,2,CLOSED,10,499.7999954,270.64999961
Southern Europe,Indoor/Outdoor Games,Second Class,2,COMPLETE,21,1049.57999034,308.39000129
Southern Europe,Indoor/Outdoor Games,Second Class,2,ON_HOLD,1,49.97999954,0.0
Southern Europe,Indoor/Outdoor Games,Second Class,2,PENDING,3,149.93999862,70.96999931
Southern Europe,Indoor/Outdoor Games,Second Class,2,PENDING_PAYMENT,9,449.81999586,176.18999862
Southern Europe,Indoor/Outdoor Games,Second Class,2,PROCESSING,4,199.91999816,16.5
Southern Europe,Indoor/Outdoor Games,Standard Class,4,CANCELED,9,449.81999586,72.47999954
Southern Europe,Indoor/Outdoor Games,Standard Class,4,CLOSED,20,999.5999908,302.62999724
Southern Europe,Indoor/Outdoor Games,Standard Class,4,COMPLETE,53,2648.93997562,826.68999478
Southern Europe,Indoor/Outdoor Games,Standard Class,4,ON_HOLD,14,699.71999356,228.41999816
Southern Europe,Indoor/Outdoor Games,Standard Class,4,PAYMENT_REVIEW,5,249.8999977,74.46999931
Southern Europe,Indoor/Outdoor Games,Standard Class,4,PENDING,24,1199.51998896,526.56999968
Southern Europe,Indoor/Outdoor Games,Standard Class,4,PENDING_PAYMENT,33,1649.3399848200002,488.84000587
Southern Europe,Indoor/Outdoor Games,Standard Class,4,PROCESSING,27,1349.45998758,542.8200015900001
Southern Europe,Indoor/Outdoor Games,Standard Class,4,SUSPECTED_FRAUD,9,449.81999586,225.91999816
Southern Europe,Kids' Golf Clubs,First Class,1,COMPLETE,1,399.9899902,28.0
Southern Europe,Kids' Golf Clubs,First Class,1,ON_HOLD,1,199.9900055,40.0
Southern Europe,Kids' Golf Clubs,First Class,1,PROCESSING,2,498.9899902,83.87999916
Southern Europe,Kids' Golf Clubs,Second Class,2,PENDING_PAYMENT,2,499.93998715,45.5
Southern Europe,Kids' Golf Clubs,Second Class,2,PROCESSING,1,109.9499969,3.299999952
Southern Europe,Kids' Golf Clubs,Standard Class,4,CLOSED,3,798.9799957,113.949999809
Southern Europe,Kids' Golf Clubs,Standard Class,4,COMPLETE,12,2219.67995426,199.759999507
Southern Europe,Kids' Golf Clubs,Standard Class,4,ON_HOLD,2,289.98000336,66.40000153
Southern Europe,Kids' Golf Clubs,Standard Class,4,PENDING,2,308.9499969,36.240000245
Southern Europe,Kids' Golf Clubs,Standard Class,4,PENDING_PAYMENT,6,1499.85997,146.96999931
Southern Europe,Kids' Golf Clubs,Standard Class,4,SUSPECTED_FRAUD,1,109.9499969,14.28999996
Southern Europe,Lacrosse,First Class,1,COMPLETE,1,99.98999786,45.0
Southern Europe,Lacrosse,Second Class,2,COMPLETE,2,124.97999763,113.47999763
Southern Europe,Lacrosse,Standard Class,4,CLOSED,3,74.96999931,25.23999977
Southern Europe,Lacrosse,Standard Class,4,ON_HOLD,1,99.98999786,24.0
Southern Europe,Lacrosse,Standard Class,4,PENDING,1,24.98999977,9.0
Southern Europe,Lacrosse,Standard Class,4,PENDING_PAYMENT,2,124.97999763,27.98999977
Southern Europe,Lacrosse,Standard Class,4,PROCESSING,2,199.97999572,106.98999786
Southern Europe,Men's Footwear,First Class,1,CANCELED,2,259.980011,32.5
Southern Europe,Men's Footwear,First Class,1,CLOSED,20,2599.80011,281.449998385
Southern Europe,Men's Footwear,First Class,1,COMPLETE,39,5069.6102145,491.399998431
Southern Europe,Men's Footwear,First Class,1,ON_HOLD,3,389.9700165,33.150000096
Southern Europe,Men's Footwear,First Class,1,PAYMENT_REVIEW,2,259.980011,41.60000038
Southern Europe,Men's Footwear,First Class,1,PENDING,8,1039.920044,152.10000037999998
Southern Europe,Men's Footwear,First Class,1,PENDING_PAYMENT,37,4809.6302035,456.29999805
Southern Europe,Men's Footwear,First Class,1,PROCESSING,9,1169.9100495,102.699998859
Southern Europe,Men's Footwear,Same Day,0,CLOSED,3,389.9700165,44.19999981
Southern Europe,Men's Footwear,Same Day,0,COMPLETE,16,2079.840088,298.349997529
Southern Europe,Men's Footwear,Same Day,0,ON_HOLD,7,909.9300385,70.200000285
Southern Europe,Men's Footwear,Same Day,0,PAYMENT_REVIEW,2,259.980011,49.39999962
Southern Europe,Men's Footwear,Same Day,0,PENDING,1,129.9900055,13.0
Southern Europe,Men's Footwear,Same Day,0,PENDING_PAYMENT,13,1689.8700715,180.700000522
Southern Europe,Men's Footwear,Same Day,0,PROCESSING,4,519.960022,27.30000019
Southern Europe,Men's Footwear,Second Class,2,CLOSED,28,3639.720154,323.049998291
Southern Europe,Men's Footwear,Second Class,2,COMPLETE,58,7539.420319,746.20000005
Southern Europe,Men's Footwear,Second Class,2,ON_HOLD,10,1299.900055,131.299999714
Southern Europe,Men's Footwear,Second Class,2,PENDING,2,259.980011,41.600000381
Southern Europe,Men's Footwear,Second Class,2,PENDING_PAYMENT,29,3769.7101595,395.849999903
Southern Europe,Men's Footwear,Second Class,2,PROCESSING,5,649.9500275,42.90000057
Southern Europe,Men's Footwear,Second Class,2,SUSPECTED_FRAUD,1,129.9900055,5.199999809
Southern Europe,Men's Footwear,Standard Class,4,CANCELED,4,519.960022,67.60000038
Southern Europe,Men's Footwear,Standard Class,4,CLOSED,62,8059.380341,809.899997955
Southern Europe,Men's Footwear,Standard Class,4,COMPLETE,182,23658.181001,2363.399994158
Southern Europe,Men's Footwear,Standard Class,4,ON_HOLD,52,6759.480286,598.64999772
Southern Europe,Men's Footwear,Standard Class,4,PAYMENT_REVIEW,4,519.960022,61.099999192
Southern Europe,Men's Footwear,Standard Class,4,PENDING,31,4029.6901705,399.099998719
Southern Europe,Men's Footwear,Standard Class,4,PENDING_PAYMENT,124,16118.760682,1712.099992777
Southern Europe,Men's Footwear,Standard Class,4,PROCESSING,20,2599.80011,135.849999666
Southern Europe,Men's Footwear,Standard Class,4,SUSPECTED_FRAUD,3,389.9700165,20.800000427
Southern Europe,Men's Golf Clubs,First Class,1,COMPLETE,1,99.98999786,28.0
Southern Europe,Men's Golf Clubs,First Class,1,ON_HOLD,1,109.9899979,9.899999619
Southern Europe,Men's Golf Clubs,First Class,1,PENDING_PAYMENT,1,129.9900055,5.199999809
Southern Europe,Men's Golf Clubs,Same Day,0,CLOSED,2,239.9800034,50.10000038
Southern Europe,Men's Golf Clubs,Same Day,0,PENDING_PAYMENT,2,269.980011,28.350000024
Southern Europe,Men's Golf Clubs,Second Class,2,COMPLETE,2,264.980011,41.04999924
Southern Europe,Men's Golf Clubs,Second Class,2,PROCESSING,1,129.9900055,20.79999924
Southern Europe,Men's Golf Clubs,Standard Class,4,CLOSED,2,264.980011,29.10000038
Southern Europe,Men's Golf Clubs,Standard Class,4,COMPLETE,9,1009.9100037,146.44000149
Southern Europe,Men's Golf Clubs,Standard Class,4,ON_HOLD,1,134.9900055,16.20000076
Southern Europe,Men's Golf Clubs,Standard Class,4,PENDING,6,679.94000248,75.149998907
Southern Europe,Men's Golf Clubs,Standard Class,4,PENDING_PAYMENT,4,439.95999912,150.679995529
Southern Europe,Men's Golf Clubs,Standard Class,4,PROCESSING,5,594.9500047,66.59999942900001
Southern Europe,Shop By Sport,First Class,1,CANCELED,1,39.99000168,15.60000038
Southern Europe,Shop By Sport,First Class,1,CLOSED,6,239.94001008,40.000000476
Southern Europe,Shop By Sport,First Class,1,COMPLETE,26,1029.750042,263.770000457
Southern Europe,Shop By Sport,First Class,1,ON_HOLD,4,159.96000672,58.390001775
Southern Europe,Shop By Sport,First Class,1,PENDING,2,79.98000336,18.400000095
Southern Europe,Shop By Sport,First Class,1,PENDING_PAYMENT,16,639.84002688,158.370001841
Southern Europe,Shop By Sport,First Class,1,PROCESSING,5,199.9500084,95.98000049
Southern Europe,Shop By Sport,First Class,1,SUSPECTED_FRAUD,1,39.99000168,18.0
Southern Europe,Shop By Sport,Same Day,0,CLOSED,3,279.97000886,60.000000001
Southern Europe,Shop By Sport,Same Day,0,COMPLETE,8,319.92001344,134.380002028
Southern Europe,Shop By Sport,Same Day,0,PENDING,1,39.99000168,29.98999977
Southern Europe,Shop By Sport,Same Day,0,PENDING_PAYMENT,5,199.9500084,55.600000855000005
Southern Europe,Shop By Sport,Second Class,2,CLOSED,6,239.94001008,52.390001776
Southern Europe,Shop By Sport,Second Class,2,COMPLETE,45,1799.5500756,545.120008749
Southern Europe,Shop By Sport,Second Class,2,ON_HOLD,9,359.91001512,65.39000118199999
Southern Europe,Shop By Sport,Second Class,2,PENDING_PAYMENT,4,159.96000672,48.790001513
Southern Europe,Shop By Sport,Second Class,2,PROCESSING,3,119.97000504,58.37999916
Southern Europe,Shop By Sport,Second Class,2,SUSPECTED_FRAUD,2,79.98000336,30.390000341
Southern Europe,Shop By Sport,Standard Class,4,CANCELED,4,159.96000672,74.78999996
Southern Europe,Shop By Sport,Standard Class,4,CLOSED,16,639.84002688,309.140006961
Southern Europe,Shop By Sport,Standard Class,4,COMPLETE,65,2899.37011348,818.380009711
Southern Europe,Shop By Sport,Standard Class,4,ON_HOLD,14,559.86002352,215.55000425
Southern Europe,Shop By Sport,Standard Class,4,PAYMENT_REVIEW,3,119.97000504,43.990000008
Southern Europe,Shop By Sport,Standard Class,4,PENDING,15,599.8500252,183.980002639
Southern Europe,Shop By Sport,Standard Class,4,PENDING_PAYMENT,35,1389.66005712,314.180001506
Southern Europe,Shop By Sport,Standard Class,4,PROCESSING,13,519.8700218399999,165.180001381
Southern Europe,Shop By Sport,Standard Class,4,SUSPECTED_FRAUD,5,199.9500084,106.780003551
Southern Europe,Soccer,First Class,1,PENDING_PAYMENT,1,124.9899979,31.25
Southern Europe,Soccer,Second Class,2,COMPLETE,1,79.98999786,1.600000024
Southern Europe,Soccer,Second Class,2,PROCESSING,1,124.9899979,22.5
Southern Europe,Soccer,Standard Class,4,CLOSED,3,239.96999358,59.990001205
Southern Europe,Soccer,Standard Class,4,COMPLETE,5,444.94998934,137.3900013
Southern Europe,Strength Training,First Class,1,COMPLETE,1,399.9899902,100.0
Southern Europe,Strength Training,Second Class,2,COMPLETE,1,399.9899902,40.0
Southern Europe,Strength Training,Standard Class,4,CLOSED,1,189.0,1.889999986
Southern Europe,Strength Training,Standard Class,4,COMPLETE,2,2399.9799802,110.0
Southern Europe,Strength Training,Standard Class,4,ON_HOLD,1,1999.98999,240.0
Southern Europe,Tennis & Racquet,First Class,1,COMPLETE,1,44.99000168,7.199999809
Southern Europe,Tennis & Racquet,First Class,1,PAYMENT_REVIEW,1,44.99000168,2.25
Southern Europe,Tennis & Racquet,Same Day,0,PENDING_PAYMENT,1,44.99000168,13.5
Southern Europe,Tennis & Racquet,Second Class,2,COMPLETE,2,89.98000336,23.39999962
Southern Europe,Tennis & Racquet,Standard Class,4,COMPLETE,1,44.99000168,11.69999981
Southern Europe,Tennis & Racquet,Standard Class,4,PENDING_PAYMENT,2,89.98000336,1.799999952
Southern Europe,Tennis & Racquet,Standard Class,4,PROCESSING,1,44.99000168,6.75
Southern Europe,Trade-In,First Class,1,COMPLETE,1,15.98999977,2.640000105
Southern Europe,Trade-In,First Class,1,PENDING,1,21.98999977,19.79000092
Southern Europe,Trade-In,Second Class,2,CANCELED,1,15.98999977,0.319999993
Southern Europe,Trade-In,Second Class,2,COMPLETE,2,265.98000527,63.300000012
Southern Europe,Trade-In,Standard Class,4,CLOSED,4,69.95999908,3.040000081
Southern Europe,Trade-In,Standard Class,4,COMPLETE,9,1085.91002085,115.799999833
Southern Europe,Trade-In,Standard Class,4,PENDING,2,31.97999954,7.840000152
Southern Europe,Trade-In,Standard Class,4,PENDING_PAYMENT,1,249.9900055,45.0
Southern Europe,Water Sports,First Class,1,CANCELED,1,199.9900055,50.0
Southern Europe,Water Sports,First Class,1,CLOSED,13,2599.8700715,219.0
Southern Europe,Water Sports,First Class,1,COMPLETE,37,7549.6301882,694.5
Southern Europe,Water Sports,First Class,1,ON_HOLD,8,1599.920044,175.0
Southern Europe,Water Sports,First Class,1,PENDING,9,1799.9100495,138.0
Southern Europe,Water Sports,First Class,1,PENDING_PAYMENT,30,6149.7001497,484.0
Southern Europe,Water Sports,First Class,1,PROCESSING,16,3199.840088,390.0
Southern Europe,Water Sports,First Class,1,SUSPECTED_FRAUD,3,599.9700164999999,55.0
Southern Europe,Water Sports,Same Day,0,CANCELED,2,399.980011,34.0
Southern Europe,Water Sports,Same Day,0,CLOSED,1,199.9900055,20.0
Southern Europe,Water Sports,Same Day,0,COMPLETE,9,1799.9100495,142.0
Southern Europe,Water Sports,Same Day,0,ON_HOLD,1,199.9900055,4.0
Southern Europe,Water Sports,Same Day,0,PENDING,1,199.9900055,34.0
Southern Europe,Water Sports,Same Day,0,PENDING_PAYMENT,10,1999.900055,259.0
Southern Europe,Water Sports,Same Day,0,PROCESSING,6,1199.940033,139.0
Southern Europe,Water Sports,Second Class,2,CANCELED,1,199.9900055,36.0
Southern Europe,Water Sports,Second Class,2,CLOSED,15,2999.8500825,416.0
Southern Europe,Water Sports,Second Class,2,COMPLETE,38,7899.620178399999,869.0
Southern Europe,Water Sports,Second Class,2,ON_HOLD,11,2199.8900605,281.0
Southern Europe,Water Sports,Second Class,2,PAYMENT_REVIEW,1,199.9900055,40.0
Southern Europe,Water Sports,Second Class,2,PENDING,16,3199.840088,258.0
Southern Europe,Water Sports,Second Class,2,PENDING_PAYMENT,21,4199.7901155,387.0
Southern Europe,Water Sports,Second Class,2,PROCESSING,17,3399.8300935,366.0
Southern Europe,Water Sports,Second Class,2,SUSPECTED_FRAUD,2,399.980011,60.0
Southern Europe,Water Sports,Standard Class,4,CANCELED,4,799.960022,104.0
Southern Europe,Water Sports,Standard Class,4,CLOSED,49,9799.5102695,980.0
Southern Europe,Water Sports,Standard Class,4,COMPLETE,134,27098.6607064,2693.0
Southern Europe,Water Sports,Standard Class,4,ON_HOLD,31,6199.6901705,543.0
Southern Europe,Water Sports,Standard Class,4,PAYMENT_REVIEW,6,1199.940033,132.0
Southern Europe,Water Sports,Standard Class,4,PENDING,36,7349.6401827,688.5
Southern Europe,Water Sports,Standard Class,4,PENDING_PAYMENT,77,15549.2304082,1550.5
Southern Europe,Water Sports,Standard Class,4,PROCESSING,54,10949.4602817,1139.5
Southern Europe,Water Sports,Standard Class,4,SUSPECTED_FRAUD,18,3599.820099,307.0
Southern Europe,Women's Apparel,First Class,1,CANCELED,2,100.0,32.0
Southern Europe,Women's Apparel,First Class,1,CLOSED,14,700.0,175.5
Southern Europe,Women's Apparel,First Class,1,COMPLETE,40,2000.0,535.25
Southern Europe,Women's Apparel,First Class,1,ON_HOLD,3,150.0,27.0
Southern Europe,Women's Apparel,First Class,1,PENDING,2,100.0,16.25
Southern Europe,Women's Apparel,First Class,1,PENDING_PAYMENT,21,1050.0,289.5
Southern Europe,Women's Apparel,First Class,1,PROCESSING,8,400.0,180.5
Southern Europe,Women's Apparel,Same Day,0,CLOSED,2,100.0,53.0
Southern Europe,Women's Apparel,Same Day,0,COMPLETE,18,900.0,248.25
Southern Europe,Women's Apparel,Same Day,0,PENDING_PAYMENT,15,750.0,212.0
Southern Europe,Women's Apparel,Same Day,0,PROCESSING,1,50.0,5.0
Southern Europe,Women's Apparel,Second Class,2,CLOSED,23,1150.0,324.5
Southern Europe,Women's Apparel,Second Class,2,COMPLETE,61,3050.0,1030.75
Southern Europe,Women's Apparel,Second Class,2,ON_HOLD,16,800.0,243.5
Southern Europe,Women's Apparel,Second Class,2,PENDING,7,350.0,110.5
Southern Europe,Women's Apparel,Second Class,2,PENDING_PAYMENT,24,1200.0,279.0
Southern Europe,Women's Apparel,Second Class,2,PROCESSING,6,300.0,162.0
Southern Europe,Women's Apparel,Standard Class,4,CANCELED,6,300.0,165.0
Southern Europe,Women's Apparel,Standard Class,4,CLOSED,60,3000.0,783.25
Southern Europe,Women's Apparel,Standard Class,4,COMPLETE,159,7950.0,2270.25
Southern Europe,Women's Apparel,Standard Class,4,ON_HOLD,30,1500.0,287.0
Southern Europe,Women's Apparel,Standard Class,4,PAYMENT_REVIEW,3,150.0,44.5
Southern Europe,Women's Apparel,Standard Class,4,PENDING,31,1550.0,571.5
Southern Europe,Women's Apparel,Standard Class,4,PENDING_PAYMENT,81,4050.0,973.75
Southern Europe,Women's Apparel,Standard Class,4,PROCESSING,22,1100.0,448.25
Southern Europe,Women's Apparel,Standard Class,4,SUSPECTED_FRAUD,7,350.0,220.0
Southern Europe,Women's Golf Clubs,First Class,1,COMPLETE,1,99.98999786,36.0
Southern Europe,Women's Golf Clubs,Second Class,2,CLOSED,1,99.98999786,48.0
Southern Europe,Women's Golf Clubs,Second Class,2,COMPLETE,2,179.97999572,127.97999954
Southern Europe,Women's Golf Clubs,Second Class,2,PENDING_PAYMENT,1,209.9900055,33.59999847
Southern Europe,Women's Golf Clubs,Second Class,2,PROCESSING,1,79.98999786,36.0
Southern Europe,Women's Golf Clubs,Standard Class,4,CANCELED,1,99.98999786,40.0
Southern Europe,Women's Golf Clubs,Standard Class,4,CLOSED,2,199.97999572,69.99000168
Southern Europe,Women's Golf Clubs,Standard Class,4,COMPLETE,5,789.95001222,90.400000571
Southern Europe,Women's Golf Clubs,Standard Class,4,ON_HOLD,1,209.9900055,2.099999905
Southern Europe,Women's Golf Clubs,Standard Class,4,PENDING_PAYMENT,3,369.97000122,86.39999962
Southern Europe,Women's Golf Clubs,Standard Class,4,PROCESSING,1,79.98999786,10.39999962
Southern Europe,Women's Golf Clubs,Standard Class,4,SUSPECTED_FRAUD,1,99.98999786,10.0
US Center ,Accessories,First Class,1,COMPLETE,3,74.96999931,4.620000005
US Center ,Accessories,First Class,1,ON_HOLD,2,49.97999954,11.75
US Center ,Accessories,First Class,1,PENDING,1,24.98999977,3.75
US Center ,Accessories,First Class,1,PENDING_PAYMENT,1,24.98999977,17.98999977
US Center ,Accessories,First Class,1,PROCESSING,1,24.98999977,0.0
US Center ,Accessories,Same Day,0,COMPLETE,1,24.98999977,4.119999886
US Center ,Accessories,Second Class,2,CLOSED,1,24.98999977,1.370000005
US Center ,Accessories,Second Class,2,COMPLETE,9,224.90999793,40.23999977
US Center ,Accessories,Second Class,2,PENDING_PAYMENT,5,124.94999885,70.46999931
US Center ,Accessories,Second Class,2,SUSPECTED_FRAUD,1,24.98999977,4.119999886
US Center ,Accessories,Standard Class,4,CANCELED,1,24.98999977,7.0
US Center ,Accessories,Standard Class,4,CLOSED,2,49.97999954,13.5
US Center ,Accessories,Standard Class,4,COMPLETE,15,374.84999655,148.94999885
US Center ,Accessories,Standard Class,4,ON_HOLD,3,74.96999931,11.75
US Center ,Accessories,Standard Class,4,PENDING,2,49.97999954,9.0
US Center ,Accessories,Standard Class,4,PENDING_PAYMENT,4,99.95999908,11.25
US Center ,Accessories,Standard Class,4,PROCESSING,3,74.96999931,35.73999977
US Center ,Accessories,Standard Class,4,SUSPECTED_FRAUD,1,24.98999977,0.75
US Center ,Baseball & Softball,First Class,1,COMPLETE,2,69.98000336,25.54000092
US Center ,Baseball & Softball,First Class,1,PENDING_PAYMENT,1,34.99000168,8.75
US Center ,Baseball & Softball,Same Day,0,PENDING_PAYMENT,1,59.99000168,28.79999924
US Center ,Baseball & Softball,Second Class,2,COMPLETE,1,34.99000168,1.919999957
US Center ,Baseball & Softball,Second Class,2,PENDING_PAYMENT,1,59.99000168,35.99000168
US Center ,Baseball & Softball,Standard Class,4,CANCELED,2,94.98000336,30.590000151
US Center ,Baseball & Softball,Standard Class,4,COMPLETE,3,129.97000504,64.440001489
US Center ,Baseball & Softball,Standard Class,4,ON_HOLD,1,34.99000168,5.25
US Center ,Baseball & Softball,Standard Class,4,PAYMENT_REVIEW,1,59.99000168,38.99000168
US Center ,Baseball & Softball,Standard Class,4,PENDING,1,34.99000168,9.619999886
US Center ,Baseball & Softball,Standard Class,4,PROCESSING,1,34.99000168,8.75
US Center ,Boxing & MMA,First Class,1,PENDING_PAYMENT,1,54.97000122,6.599999905
US Center ,Boxing & MMA,Second Class,2,COMPLETE,1,54.97000122,1.100000024
US Center ,Boxing & MMA,Second Class,2,PENDING,1,54.97000122,16.48999977
US Center ,Boxing & MMA,Standard Class,4,CLOSED,1,54.97000122,4.949999809
US Center ,Camping & Hiking,First Class,1,CANCELED,1,299.980011,75.0
US Center ,Camping & Hiking,First Class,1,CLOSED,2,599.960022,45.0
US Center ,Camping & Hiking,First Class,1,COMPLETE,18,5399.640198,661.5
US Center ,Camping & Hiking,First Class,1,ON_HOLD,3,899.940033,132.0
US Center ,Camping & Hiking,First Class,1,PENDING,3,899.940033,42.0
US Center ,Camping & Hiking,First Class,1,PENDING_PAYMENT,22,6599.560242,630.0
US Center ,Camping & Hiking,First Class,1,SUSPECTED_FRAUD,1,299.980011,12.0
US Center ,Camping & Hiking,Same Day,0,CLOSED,2,599.960022,48.0
US Center ,Camping & Hiking,Same Day,0,COMPLETE,6,1799.880066,198.0
US Center ,Camping & Hiking,Same Day,0,ON_HOLD,1,299.980011,16.5
US Center ,Camping & Hiking,Same Day,0,PENDING_PAYMENT,5,1499.900055,81.0
US Center ,Camping & Hiking,Second Class,2,CANCELED,1,299.980011,16.5
US Center ,Camping & Hiking,Second Class,2,CLOSED,5,1499.900055,133.5
US Center ,Camping & Hiking,Second Class,2,COMPLETE,28,8399.440308,853.5
US Center ,Camping & Hiking,Second Class,2,ON_HOLD,3,899.940033,105.0
US Center ,Camping & Hiking,Second Class,2,PAYMENT_REVIEW,1,299.980011,75.0
US Center ,Camping & Hiking,Second Class,2,PENDING,1,299.980011,21.0
US Center ,Camping & Hiking,Second Class,2,PENDING_PAYMENT,21,6299.580231,706.5
US Center ,Camping & Hiking,Second Class,2,PROCESSING,1,299.980011,45.0
US Center ,Camping & Hiking,Second Class,2,SUSPECTED_FRAUD,2,599.960022,63.0
US Center ,Camping & Hiking,Standard Class,4,CLOSED,26,7799.480286,714.0
US Center ,Camping & Hiking,Standard Class,4,COMPLETE,63,18898.740693,1890.0
US Center ,Camping & Hiking,Standard Class,4,ON_HOLD,7,2099.860077,199.5
US Center ,Camping & Hiking,Standard Class,4,PAYMENT_REVIEW,1,299.980011,45.0
US Center ,Camping & Hiking,Standard Class,4,PENDING,6,1799.880066,234.0
US Center ,Camping & Hiking,Standard Class,4,PENDING_PAYMENT,51,15298.980561,1294.5
US Center ,Camping & Hiking,Standard Class,4,PROCESSING,7,2099.860077,198.0
US Center ,Camping & Hiking,Standard Class,4,SUSPECTED_FRAUD,3,899.940033,171.0
US Center ,Cardio Equipment,First Class,1,CANCELED,3,299.96999358,76.99000168
US Center ,Cardio Equipment,First Class,1,CLOSED,5,499.9499893,190.97999954
US Center ,Cardio Equipment,First Class,1,COMPLETE,21,2099.78995506,684.94999312
US Center ,Cardio Equipment,First Class,1,ON_HOLD,3,299.96999358,54.5
US Center ,Cardio Equipment,First Class,1,PENDING,1,99.98999786,9.0
US Center ,Cardio Equipment,First Class,1,PENDING_PAYMENT,11,1099.88997646,346.97000122
US Center ,Cardio Equipment,First Class,1,PROCESSING,1,99.98999786,11.0
US Center ,Cardio Equipment,First Class,1,SUSPECTED_FRAUD,1,99.98999786,6.0
US Center ,Cardio Equipment,Same Day,0,CLOSED,1,99.98999786,51.99000168
US Center ,Cardio Equipment,Same Day,0,COMPLETE,2,199.97999572,108.98999786
US Center ,Cardio Equipment,Same Day,0,PENDING,3,299.96999358,123.98999786
US Center ,Cardio Equipment,Same Day,0,PENDING_PAYMENT,7,699.92998502,241.99000168
US Center ,Cardio Equipment,Second Class,2,CLOSED,3,229.97999572,38.0
US Center ,Cardio Equipment,Second Class,2,COMPLETE,28,2799.71994008,823.92999652
US Center ,Cardio Equipment,Second Class,2,ON_HOLD,2,199.97999572,39.0
US Center ,Cardio Equipment,Second Class,2,PAYMENT_REVIEW,2,199.97999572,29.0
US Center ,Cardio Equipment,Second Class,2,PENDING,1,99.98999786,48.0
US Center ,Cardio Equipment,Second Class,2,PENDING_PAYMENT,13,1299.86997218,539.96999358
US Center ,Cardio Equipment,Second Class,2,PROCESSING,2,129.98999786000002,90.48999786
US Center ,Cardio Equipment,Second Class,2,SUSPECTED_FRAUD,1,99.98999786,20.0
US Center ,Cardio Equipment,Standard Class,4,CANCELED,3,299.96999358,167.97999954
US Center ,Cardio Equipment,Standard Class,4,CLOSED,13,1299.86997218,450.95999526
US Center ,Cardio Equipment,Standard Class,4,COMPLETE,42,4129.58991226,1171.309992335
US Center ,Cardio Equipment,Standard Class,4,ON_HOLD,4,399.95999144,132.98999786000002
US Center ,Cardio Equipment,Standard Class,4,PAYMENT_REVIEW,1,99.98999786,10.0
US Center ,Cardio Equipment,Standard Class,4,PENDING,7,699.92998502,231.97999572
US Center ,Cardio Equipment,Standard Class,4,PENDING_PAYMENT,22,2129.78995506,775.530000681
US Center ,Cardio Equipment,Standard Class,4,PROCESSING,15,1499.8499679,488.4699974
US Center ,Cardio Equipment,Standard Class,4,SUSPECTED_FRAUD,2,199.97999572,91.98999786
US Center ,Cleats,First Class,1,CLOSED,15,899.8500252,345.560002813
US Center ,Cleats,First Class,1,COMPLETE,34,2039.66005712,615.840001358
US Center ,Cleats,First Class,1,ON_HOLD,3,179.97000504,1.799999952
US Center ,Cleats,First Class,1,PENDING,10,599.9000168,124.180000063
US Center ,Cleats,First Class,1,PENDING_PAYMENT,23,1379.77003864,436.150005817
US Center ,Cleats,First Class,1,PROCESSING,1,59.99000168,0.600000024
US Center ,Cleats,Same Day,0,CLOSED,6,359.94001008,88.190001965
US Center ,Cleats,Same Day,0,COMPLETE,9,539.91001512,116.690002204
US Center ,Cleats,Same Day,0,ON_HOLD,2,119.98000336,9.0
US Center ,Cleats,Same Day,0,PENDING,4,239.96000672,94.190001966
US Center ,Cleats,Same Day,0,PENDING_PAYMENT,13,779.8700218399999,247.750005727
US Center ,Cleats,Second Class,2,CANCELED,1,59.99000168,4.800000191
US Center ,Cleats,Second Class,2,CLOSED,13,779.8700218399999,318.570001252
US Center ,Cleats,Second Class,2,COMPLETE,71,4259.29011928,1535.540014042
US Center ,Cleats,Second Class,2,ON_HOLD,6,359.94001008,156.579996585
US Center ,Cleats,Second Class,2,PAYMENT_REVIEW,3,179.97000504,25.200000286
US Center ,Cleats,Second Class,2,PENDING,4,239.96000672,59.39999962
US Center ,Cleats,Second Class,2,PENDING_PAYMENT,21,1259.79003528,492.260001189
US Center ,Cleats,Second Class,2,PROCESSING,6,359.94001008,96.000000951
US Center ,Cleats,Second Class,2,SUSPECTED_FRAUD,2,119.98000336,65.99000168
US Center ,Cleats,Standard Class,4,CANCELED,7,419.93001176,131.389999865
US Center ,Cleats,Standard Class,4,CLOSED,35,2099.6500588,731.000017168
US Center ,Cleats,Standard Class,4,COMPLETE,85,5099.1501428,1611.730021728
US Center ,Cleats,Standard Class,4,ON_HOLD,17,1019.83002856,405.850004209
US Center ,Cleats,Standard Class,4,PAYMENT_REVIEW,3,179.97000504,85.18000221
US Center ,Cleats,Standard Class,4,PENDING,23,1379.77003864,512.030009877
US Center ,Cleats,Standard Class,4,PENDING_PAYMENT,47,2819.53007896,754.110003723
US Center ,Cleats,Standard Class,4,PROCESSING,28,1679.72004704,620.3100032780001
US Center ,Cleats,Standard Class,4,SUSPECTED_FRAUD,4,239.96000672,37.19999981
US Center ,Electronics,First Class,1,CANCELED,1,31.98999977,1.279999971
US Center ,Electronics,First Class,1,CLOSED,2,99.98000336,33.990000729
US Center ,Electronics,First Class,1,COMPLETE,4,147.96000099,34.39999962
US Center ,Electronics,First Class,1,ON_HOLD,2,96.98000336,60.77000237
US Center ,Electronics,First Class,1,PENDING_PAYMENT,5,188.95000267,39.02000058
US Center ,Electronics,First Class,1,PROCESSING,1,47.99000168,0.0
US Center ,Electronics,Same Day,0,CLOSED,1,31.98999977,6.400000095
US Center ,Electronics,Same Day,0,COMPLETE,1,47.99000168,28.79000092
US Center ,Electronics,Same Day,0,PENDING,1,51.99000168,13.0
US Center ,Electronics,Same Day,0,PROCESSING,1,51.99000168,3.119999886
US Center ,Electronics,Second Class,2,CLOSED,3,131.97000313,17.599999426
US Center ,Electronics,Second Class,2,COMPLETE,4,203.96000672,30.879999643
US Center ,Electronics,Second Class,2,ON_HOLD,2,63.97999954,19.839999677
US Center ,Electronics,Second Class,2,PAYMENT_REVIEW,1,47.99000168,32.63000107
US Center ,Electronics,Second Class,2,SUSPECTED_FRAUD,1,47.99000168,1.440000057
US Center ,Electronics,Standard Class,4,CLOSED,5,195.95000267,40.350000499
US Center ,Electronics,Standard Class,4,COMPLETE,17,680.83001137,168.119998921
US Center ,Electronics,Standard Class,4,ON_HOLD,3,115.97000122,84.62000251399999
US Center ,Electronics,Standard Class,4,PENDING,2,75.98000145,21.749999764
US Center ,Electronics,Standard Class,4,PENDING_PAYMENT,16,620.84000778,154.260000292
US Center ,Electronics,Standard Class,4,PROCESSING,7,239.9300003,56.39999902
US Center ,Electronics,Standard Class,4,SUSPECTED_FRAUD,3,144.97000504,75.54000092
US Center ,Fitness Accessories,First Class,1,PENDING_PAYMENT,1,34.99000168,25.19000053
US Center ,Fitness Accessories,Second Class,2,COMPLETE,2,69.98000336,28.69999886
US Center ,Fitness Accessories,Second Class,2,PROCESSING,1,34.99000168,29.73999977
US Center ,Fitness Accessories,Standard Class,4,COMPLETE,2,69.98000336,27.989999295
US Center ,Fitness Accessories,Standard Class,4,PENDING_PAYMENT,1,34.99000168,0.349999994
US Center ,Girls' Apparel,First Class,1,COMPLETE,1,25.0,0.0
US Center ,Girls' Apparel,First Class,1,ON_HOLD,1,30.0,0.600000024
US Center ,Girls' Apparel,First Class,1,PENDING_PAYMENT,2,100.0,38.60000038
US Center ,Girls' Apparel,Same Day,0,COMPLETE,1,39.99000168,19.20000076
US Center ,Girls' Apparel,Same Day,0,PENDING_PAYMENT,1,39.99000168,31.98999977
US Center ,Girls' Apparel,Second Class,2,CLOSED,1,25.0,1.379999995
US Center ,Girls' Apparel,Second Class,2,COMPLETE,2,55.0,25.5
US Center ,Girls' Apparel,Second Class,2,PENDING_PAYMENT,1,70.0,3.5
US Center ,Girls' Apparel,Second Class,2,PROCESSING,1,25.0,4.0
US Center ,Girls' Apparel,Standard Class,4,CLOSED,4,209.99000168,42.500000356
US Center ,Girls' Apparel,Standard Class,4,COMPLETE,8,389.97000504,170.590001495
US Center ,Girls' Apparel,Standard Class,4,ON_HOLD,2,79.98000336,46.590001585
US Center ,Girls' Apparel,Standard Class,4,PENDING,1,25.0,2.0
US Center ,Girls' Apparel,Standard Class,4,PROCESSING,2,140.0,10.5
US Center ,Golf Apparel,First Class,1,COMPLETE,1,19.98999977,9.0
US Center ,Golf Apparel,First Class,1,PENDING,1,19.98999977,2.200000048
US Center ,Golf Apparel,Second Class,2,CLOSED,2,39.97999954,16.199999809
US Center ,Golf Apparel,Second Class,2,PENDING,1,19.98999977,1.799999952
US Center ,Golf Apparel,Standard Class,4,COMPLETE,4,79.95999908,29.979999303
US Center ,Golf Apparel,Standard Class,4,PENDING,1,19.98999977,1.100000024
US Center ,Golf Apparel,Standard Class,4,PENDING_PAYMENT,2,39.97999954,17.199999809
US Center ,Golf Balls,First Class,1,ON_HOLD,1,14.98999977,0.0
US Center ,Golf Balls,First Class,1,PENDING,2,29.97999954,17.459999799000002
US Center ,Golf Balls,First Class,1,PENDING_PAYMENT,4,72.95999908,18.230000076
US Center ,Golf Balls,First Class,1,PROCESSING,1,14.98999977,2.25
US Center ,Golf Balls,Same Day,0,COMPLETE,5,90.94999885,15.799999953
US Center ,Golf Balls,Same Day,0,PENDING,1,14.98999977,3.150000095
US Center ,Golf Balls,Same Day,0,PENDING_PAYMENT,2,32.97999954,24.27999973
US Center ,Golf Balls,Second Class,2,CLOSED,3,49.969999310000006,22.439999818
US Center ,Golf Balls,Second Class,2,COMPLETE,3,44.969999310000006,20.839999734
US Center ,Golf Balls,Second Class,2,ON_HOLD,1,19.98999977,1.200000048
US Center ,Golf Balls,Second Class,2,PENDING,1,19.98999977,13.59000015
US Center ,Golf Balls,Second Class,2,PENDING_PAYMENT,3,44.969999310000006,34.779999492
US Center ,Golf Balls,Standard Class,4,CANCELED,1,19.98999977,19.98999977
US Center ,Golf Balls,Standard Class,4,CLOSED,6,97.93999862,34.929999707
US Center ,Golf Balls,Standard Class,4,COMPLETE,7,119.92999839,49.069999216
US Center ,Golf Balls,Standard Class,4,ON_HOLD,2,39.97999954,5.600000143000001
US Center ,Golf Balls,Standard Class,4,PENDING_PAYMENT,6,89.93999862000001,25.189999581
US Center ,Golf Balls,Standard Class,4,PROCESSING,5,85.94999885,28.870000184
US Center ,Golf Gloves,First Class,1,COMPLETE,1,39.99000168,14.39999962
US Center ,Golf Gloves,First Class,1,PENDING_PAYMENT,1,24.98999977,4.5
US Center ,Golf Gloves,First Class,1,PROCESSING,1,24.98999977,5.0
US Center ,Golf Gloves,Same Day,0,COMPLETE,1,9.989999771,0.899999976
US Center ,Golf Gloves,Same Day,0,PENDING_PAYMENT,2,49.980001451,14.100000001
US Center ,Golf Gloves,Second Class,2,CANCELED,1,9.989999771,1.600000024
US Center ,Golf Gloves,Second Class,2,CLOSED,1,24.98999977,9.75
US Center ,Golf Gloves,Second Class,2,COMPLETE,2,34.979999541,4.75
US Center ,Golf Gloves,Second Class,2,PAYMENT_REVIEW,1,9.989999771,1.5
US Center ,Golf Gloves,Second Class,2,PENDING_PAYMENT,2,79.98000336,15.199999809
US Center ,Golf Gloves,Second Class,2,PROCESSING,2,64.98000145,28.589999675
US Center ,Golf Gloves,Standard Class,4,COMPLETE,9,284.910009392,88.88000011
US Center ,Golf Gloves,Standard Class,4,PAYMENT_REVIEW,1,9.989999771,12.48999977
US Center ,Golf Gloves,Standard Class,4,PENDING,3,74.970001221,9.450000048
US Center ,Golf Gloves,Standard Class,4,PENDING_PAYMENT,5,79.95000076400001,14.7000003
US Center ,Golf Gloves,Standard Class,4,PROCESSING,1,24.98999977,7.5
US Center ,Golf Gloves,Standard Class,4,SUSPECTED_FRAUD,1,39.99000168,8.0
US Center ,Golf Shoes,First Class,1,COMPLETE,1,65.0,1.299999952
US Center ,Golf Shoes,First Class,1,PENDING,2,130.0,26.000000356
US Center ,Golf Shoes,First Class,1,PENDING_PAYMENT,2,130.0,54.599999905
US Center ,Golf Shoes,Same Day,0,CLOSED,1,65.0,19.5
US Center ,Golf Shoes,Same Day,0,COMPLETE,1,65.0,32.5
US Center ,Golf Shoes,Second Class,2,COMPLETE,1,65.0,65.0
US Center ,Golf Shoes,Second Class,2,PENDING_PAYMENT,2,130.0,9.099999904
US Center ,Golf Shoes,Standard Class,4,COMPLETE,2,130.0,17.55000019
US Center ,Golf Shoes,Standard Class,4,PROCESSING,2,130.0,18.849999905
US Center ,Hockey,First Class,1,CLOSED,2,47.0,16.149999619
US Center ,Hockey,First Class,1,PENDING_PAYMENT,1,25.0,25.0
US Center ,Hockey,First Class,1,PROCESSING,1,22.0,22.0
US Center ,Hockey,Same Day,0,COMPLETE,1,25.0,9.0
US Center ,Hockey,Second Class,2,COMPLETE,1,25.0,15.0
US Center ,Hockey,Second Class,2,PENDING_PAYMENT,2,50.0,10.5
US Center ,Hockey,Standard Class,4,CLOSED,1,22.0,4.400000095
US Center ,Hockey,Standard Class,4,COMPLETE,7,172.0,19.640000105
US Center ,Hockey,Standard Class,4,ON_HOLD,2,44.0,5.170000076
US Center ,Hockey,Standard Class,4,PENDING,2,47.0,21.85000038
US Center ,Hockey,Standard Class,4,PENDING_PAYMENT,8,182.0,34.880000115
US Center ,Hockey,Standard Class,4,PROCESSING,3,66.0,10.340000034
US Center ,Hunting & Shooting,First Class,1,COMPLETE,1,29.98999977,6.0
US Center ,Hunting & Shooting,Second Class,2,COMPLETE,1,29.98999977,8.25
US Center ,Hunting & Shooting,Standard Class,4,PENDING,1,29.98999977,4.949999809
US Center ,Indoor/Outdoor Games,First Class,1,CANCELED,1,49.97999954,32.49000168
US Center ,Indoor/Outdoor Games,First Class,1,CLOSED,11,549.77999494,145.71999931
US Center ,Indoor/Outdoor Games,First Class,1,COMPLETE,25,1249.4999885,381.37999915
US Center ,Indoor/Outdoor Games,First Class,1,ON_HOLD,3,149.93999862,43.98999977
US Center ,Indoor/Outdoor Games,First Class,1,PAYMENT_REVIEW,1,49.97999954,23.98999977
US Center ,Indoor/Outdoor Games,First Class,1,PENDING,16,799.67999264,268.86999701
US Center ,Indoor/Outdoor Games,First Class,1,PENDING_PAYMENT,26,1299.47998804,408.83999632
US Center ,Indoor/Outdoor Games,First Class,1,PROCESSING,11,549.77999494,200.4300003
US Center ,Indoor/Outdoor Games,Same Day,0,CLOSED,1,49.97999954,17.48999977
US Center ,Indoor/Outdoor Games,Same Day,0,COMPLETE,12,599.75999448,161.43000030000002
US Center ,Indoor/Outdoor Games,Same Day,0,ON_HOLD,2,99.95999908,16.0
US Center ,Indoor/Outdoor Games,Same Day,0,PAYMENT_REVIEW,2,99.95999908,29.48999977
US Center ,Indoor/Outdoor Games,Same Day,0,PENDING,6,299.87999724,147.95000267
US Center ,Indoor/Outdoor Games,Same Day,0,PENDING_PAYMENT,6,299.87999724,82.47999954
US Center ,Indoor/Outdoor Games,Same Day,0,PROCESSING,3,149.93999862,37.72999954
US Center ,Indoor/Outdoor Games,Same Day,0,SUSPECTED_FRAUD,1,49.97999954,0.5
US Center ,Indoor/Outdoor Games,Second Class,2,CANCELED,1,49.97999954,16.98999977
US Center ,Indoor/Outdoor Games,Second Class,2,CLOSED,12,599.75999448,209.65999793
US Center ,Indoor/Outdoor Games,Second Class,2,COMPLETE,37,1849.25998298,631.02000235
US Center ,Indoor/Outdoor Games,Second Class,2,ON_HOLD,7,349.85999678,127.46000099
US Center ,Indoor/Outdoor Games,Second Class,2,PAYMENT_REVIEW,4,199.91999816,82.95999908
US Center ,Indoor/Outdoor Games,Second Class,2,PENDING,13,649.73999402,272.64999961
US Center ,Indoor/Outdoor Games,Second Class,2,PENDING_PAYMENT,19,949.61999126,296.14000129
US Center ,Indoor/Outdoor Games,Second Class,2,PROCESSING,15,749.6999931,264.39999770000003
US Center ,Indoor/Outdoor Games,Second Class,2,SUSPECTED_FRAUD,2,99.95999908,38.98999977
US Center ,Indoor/Outdoor Games,Standard Class,4,CANCELED,6,299.87999724,98.46999931
US Center ,Indoor/Outdoor Games,Standard Class,4,CLOSED,37,1849.25998298,554.82000541
US Center ,Indoor/Outdoor Games,Standard Class,4,COMPLETE,112,5597.75994848,1799.13999743
US Center ,Indoor/Outdoor Games,Standard Class,4,ON_HOLD,25,1249.4999885,338.63999938
US Center ,Indoor/Outdoor Games,Standard Class,4,PAYMENT_REVIEW,9,449.81999586,197.9300003
US Center ,Indoor/Outdoor Games,Standard Class,4,PENDING,27,1349.45998758,381.63999938
US Center ,Indoor/Outdoor Games,Standard Class,4,PENDING_PAYMENT,88,4398.23995952,1440.4799995
US Center ,Indoor/Outdoor Games,Standard Class,4,PROCESSING,45,2249.0999793,747.23999784
US Center ,Indoor/Outdoor Games,Standard Class,4,SUSPECTED_FRAUD,7,349.85999678,113.46999931
US Center ,Lacrosse,First Class,1,CLOSED,1,24.98999977,1.0
US Center ,Lacrosse,Same Day,0,PENDING_PAYMENT,1,24.98999977,2.5
US Center ,Lacrosse,Second Class,2,CLOSED,1,24.98999977,7.5
US Center ,Lacrosse,Second Class,2,COMPLETE,1,24.98999977,9.75
US Center ,Lacrosse,Standard Class,4,CLOSED,1,24.98999977,12.73999977
US Center ,Lacrosse,Standard Class,4,COMPLETE,2,49.97999954,2.75
US Center ,Lacrosse,Standard Class,4,PROCESSING,1,24.98999977,8.75
US Center ,Lacrosse,Standard Class,4,SUSPECTED_FRAUD,1,24.98999977,8.75
US Center ,Men's Footwear,First Class,1,CANCELED,1,129.9900055,0.0
US Center ,Men's Footwear,First Class,1,CLOSED,11,1429.8900605,161.850000381
US Center ,Men's Footwear,First Class,1,COMPLETE,31,4029.6901705,376.999999524
US Center ,Men's Footwear,First Class,1,ON_HOLD,9,1169.9100495,133.899998432
US Center ,Men's Footwear,First Class,1,PENDING,3,389.9700165,52.000000001
US Center ,Men's Footwear,First Class,1,PENDING_PAYMENT,29,3769.7101595,387.399998191
US Center ,Men's Footwear,First Class,1,PROCESSING,7,909.9300385,72.799999003
US Center ,Men's Footwear,Same Day,0,CLOSED,5,649.9500275,46.149999619
US Center ,Men's Footwear,Same Day,0,COMPLETE,11,1429.8900605,162.49999905
US Center ,Men's Footwear,Same Day,0,ON_HOLD,3,389.9700165,53.29999924
US Center ,Men's Footwear,Same Day,0,PENDING,2,259.980011,58.5
US Center ,Men's Footwear,Same Day,0,PENDING_PAYMENT,8,1039.920044,122.199999811
US Center ,Men's Footwear,Second Class,2,CLOSED,15,1949.8500825,232.699998622
US Center ,Men's Footwear,Second Class,2,COMPLETE,58,7539.420319,778.049998287
US Center ,Men's Footwear,Second Class,2,ON_HOLD,4,519.960022,40.949999335
US Center ,Men's Footwear,Second Class,2,PENDING,4,519.960022,63.699999572
US Center ,Men's Footwear,Second Class,2,PENDING_PAYMENT,17,2209.8300935,224.249999287
US Center ,Men's Footwear,Second Class,2,PROCESSING,4,519.960022,61.749999524
US Center ,Men's Footwear,Second Class,2,SUSPECTED_FRAUD,2,259.980011,32.500000001
US Center ,Men's Footwear,Standard Class,4,CANCELED,3,389.9700165,58.499999049
US Center ,Men's Footwear,Standard Class,4,CLOSED,33,4289.6701815,459.549999478
US Center ,Men's Footwear,Standard Class,4,COMPLETE,134,17418.660737,1897.349992537
US Center ,Men's Footwear,Standard Class,4,ON_HOLD,16,2079.840088,217.099998955
US Center ,Men's Footwear,Standard Class,4,PAYMENT_REVIEW,4,519.960022,58.499999525
US Center ,Men's Footwear,Standard Class,4,PENDING,13,1689.8700715,177.450001473
US Center ,Men's Footwear,Standard Class,4,PENDING_PAYMENT,68,8839.320373999999,808.5999968149999
US Center ,Men's Footwear,Standard Class,4,PROCESSING,26,3379.740143,281.449998382
US Center ,Men's Footwear,Standard Class,4,SUSPECTED_FRAUD,1,129.9900055,26.0
US Center ,Shop By Sport,First Class,1,CANCELED,2,69.99000168,17.400000808
US Center ,Shop By Sport,First Class,1,CLOSED,7,279.93001176,81.180000785
US Center ,Shop By Sport,First Class,1,COMPLETE,19,759.81003192,269.950003858
US Center ,Shop By Sport,First Class,1,ON_HOLD,1,39.99000168,4.0
US Center ,Shop By Sport,First Class,1,PAYMENT_REVIEW,1,39.99000168,20.79000092
US Center ,Shop By Sport,First Class,1,PENDING,1,39.99000168,23.98999977
US Center ,Shop By Sport,First Class,1,PENDING_PAYMENT,11,439.89001848,129.970001101
US Center ,Shop By Sport,First Class,1,PROCESSING,1,39.99000168,2.400000095
US Center ,Shop By Sport,Same Day,0,CLOSED,1,39.99000168,6.0
US Center ,Shop By Sport,Same Day,0,COMPLETE,5,199.9500084,77.97000050700001
US Center ,Shop By Sport,Same Day,0,ON_HOLD,1,39.99000168,23.98999977
US Center ,Shop By Sport,Same Day,0,PENDING,1,39.99000168,18.0
US Center ,Shop By Sport,Same Day,0,PENDING_PAYMENT,2,79.98000336,27.990000245
US Center ,Shop By Sport,Second Class,2,CLOSED,7,279.93001176,119.97000122
US Center ,Shop By Sport,Second Class,2,COMPLETE,29,1149.72004704,299.249999161
US Center ,Shop By Sport,Second Class,2,ON_HOLD,1,39.99000168,16.0
US Center ,Shop By Sport,Second Class,2,PAYMENT_REVIEW,3,119.97000504,13.19999981
US Center ,Shop By Sport,Second Class,2,PENDING_PAYMENT,7,279.93001176,102.790001394
US Center ,Shop By Sport,Second Class,2,PROCESSING,6,239.94001008,64.799999953
US Center ,Shop By Sport,Second Class,2,SUSPECTED_FRAUD,1,39.99000168,4.800000191
US Center ,Shop By Sport,Standard Class,4,CANCELED,2,79.98000336,34.389999389
US Center ,Shop By Sport,Standard Class,4,CLOSED,21,809.8200302399999,205.580002068
US Center ,Shop By Sport,Standard Class,4,COMPLETE,47,1849.56007392,450.410004642
US Center ,Shop By Sport,Standard Class,4,ON_HOLD,8,319.92001344,104.580002246
US Center ,Shop By Sport,Standard Class,4,PAYMENT_REVIEW,3,119.97000504,23.200000048
US Center ,Shop By Sport,Standard Class,4,PENDING,5,199.9500084,71.18000053899999
US Center ,Shop By Sport,Standard Class,4,PENDING_PAYMENT,7,269.94001008,70.05000173500001
US Center ,Shop By Sport,Standard Class,4,PROCESSING,8,319.92001344,111.969999549
US Center ,Shop By Sport,Standard Class,4,SUSPECTED_FRAUD,3,119.97000504,27.200000048
US Center ,Tennis & Racquet,First Class,1,PENDING_PAYMENT,1,44.99000168,8.100000381
US Center ,Tennis & Racquet,Same Day,0,COMPLETE,1,44.99000168,13.5
US Center ,Tennis & Racquet,Second Class,2,CLOSED,1,44.99000168,35.99000168
US Center ,Tennis & Racquet,Second Class,2,PENDING_PAYMENT,1,44.99000168,35.99000168
US Center ,Tennis & Racquet,Standard Class,4,CLOSED,2,89.98000336,33.75
US Center ,Tennis & Racquet,Standard Class,4,COMPLETE,1,44.99000168,12.36999989
US Center ,Tennis & Racquet,Standard Class,4,ON_HOLD,1,44.99000168,20.25
US Center ,Tennis & Racquet,Standard Class,4,PENDING_PAYMENT,2,89.98000336,36.659999846
US Center ,Trade-In,First Class,1,PENDING_PAYMENT,2,31.97999954,3.680000037
US Center ,Trade-In,Same Day,0,COMPLETE,1,21.98999977,14.0699997
US Center ,Trade-In,Same Day,0,ON_HOLD,1,15.98999977,0.0
US Center ,Trade-In,Second Class,2,COMPLETE,4,75.95999908,35.450000759
US Center ,Trade-In,Second Class,2,PENDING_PAYMENT,1,15.98999977,12.78999996
US Center ,Trade-In,Second Class,2,SUSPECTED_FRAUD,1,15.98999977,8.0
US Center ,Trade-In,Standard Class,4,CLOSED,1,15.98999977,8.0
US Center ,Trade-In,Standard Class,4,COMPLETE,8,139.91999816,41.839999495
US Center ,Trade-In,Standard Class,4,PENDING,2,37.97999954,11.130000115
US Center ,Trade-In,Standard Class,4,PENDING_PAYMENT,2,31.97999954,8.960000277
US Center ,Trade-In,Standard Class,4,PROCESSING,1,15.98999977,0.0
US Center ,Trade-In,Standard Class,4,SUSPECTED_FRAUD,2,31.97999954,12.079999923
US Center ,Water Sports,First Class,1,CANCELED,1,199.9900055,40.0
US Center ,Water Sports,First Class,1,CLOSED,14,2799.860077,354.0
US Center ,Water Sports,First Class,1,COMPLETE,21,4199.7901155,279.0
US Center ,Water Sports,First Class,1,ON_HOLD,5,999.9500275,56.0
US Center ,Water Sports,First Class,1,PAYMENT_REVIEW,1,199.9900055,2.0
US Center ,Water Sports,First Class,1,PENDING,5,999.9500275,106.0
US Center ,Water Sports,First Class,1,PENDING_PAYMENT,21,4199.7901155,536.0
US Center ,Water Sports,First Class,1,PROCESSING,6,1199.940033,153.0
US Center ,Water Sports,First Class,1,SUSPECTED_FRAUD,1,199.9900055,20.0
US Center ,Water Sports,Same Day,0,CLOSED,2,399.980011,45.0
US Center ,Water Sports,Same Day,0,COMPLETE,6,1199.940033,74.0
US Center ,Water Sports,Same Day,0,ON_HOLD,1,199.9900055,30.0
US Center ,Water Sports,Same Day,0,PAYMENT_REVIEW,2,399.980011,44.0
US Center ,Water Sports,Same Day,0,PENDING,3,599.9700164999999,92.0
US Center ,Water Sports,Same Day,0,PENDING_PAYMENT,10,1999.900055,251.0
US Center ,Water Sports,Same Day,0,PROCESSING,1,199.9900055,8.0
US Center ,Water Sports,Second Class,2,CANCELED,1,199.9900055,20.0
US Center ,Water Sports,Second Class,2,CLOSED,7,1399.9300385,165.0
US Center ,Water Sports,Second Class,2,COMPLETE,42,8399.580231,861.0
US Center ,Water Sports,Second Class,2,ON_HOLD,6,1199.940033,106.0
US Center ,Water Sports,Second Class,2,PAYMENT_REVIEW,2,399.980011,29.0
US Center ,Water Sports,Second Class,2,PENDING,8,1599.920044,135.0
US Center ,Water Sports,Second Class,2,PENDING_PAYMENT,25,4999.7501375,676.0
US Center ,Water Sports,Second Class,2,PROCESSING,15,2999.8500825,320.0
US Center ,Water Sports,Standard Class,4,CANCELED,4,799.960022,40.0
US Center ,Water Sports,Standard Class,4,CLOSED,32,6399.680176,627.0
US Center ,Water Sports,Standard Class,4,COMPLETE,93,18599.0705115,1965.0
US Center ,Water Sports,Standard Class,4,ON_HOLD,21,4199.7901155,335.0
US Center ,Water Sports,Standard Class,4,PAYMENT_REVIEW,1,199.9900055,40.0
US Center ,Water Sports,Standard Class,4,PENDING,28,5599.720154,647.0
US Center ,Water Sports,Standard Class,4,PENDING_PAYMENT,57,11399.4303135,1085.0
US Center ,Water Sports,Standard Class,4,PROCESSING,42,8399.580231,759.0
US Center ,Water Sports,Standard Class,4,SUSPECTED_FRAUD,4,799.960022,81.0
US Center ,Women's Apparel,First Class,1,CANCELED,1,50.0,18.0
US Center ,Women's Apparel,First Class,1,CLOSED,11,550.0,93.5
US Center ,Women's Apparel,First Class,1,COMPLETE,33,1650.0,495.75
US Center ,Women's Apparel,First Class,1,ON_HOLD,3,150.0,13.0
US Center ,Women's Apparel,First Class,1,PENDING,5,250.0,84.25
US Center ,Women's Apparel,First Class,1,PENDING_PAYMENT,37,1850.0,478.5
US Center ,Women's Apparel,First Class,1,PROCESSING,8,400.0,121.75
US Center ,Women's Apparel,First Class,1,SUSPECTED_FRAUD,1,50.0,7.5
US Center ,Women's Apparel,Same Day,0,CLOSED,2,100.0,34.0
US Center ,Women's Apparel,Same Day,0,COMPLETE,7,350.0,112.5
US Center ,Women's Apparel,Same Day,0,ON_HOLD,2,100.0,29.5
US Center ,Women's Apparel,Same Day,0,PENDING,5,250.0,156.0
US Center ,Women's Apparel,Same Day,0,PENDING_PAYMENT,2,100.0,7.5
US Center ,Women's Apparel,Second Class,2,CANCELED,1,50.0,10.5
US Center ,Women's Apparel,Second Class,2,CLOSED,12,600.0,127.0
US Center ,Women's Apparel,Second Class,2,COMPLETE,62,3100.0,881.75
US Center ,Women's Apparel,Second Class,2,ON_HOLD,4,200.0,80.0
US Center ,Women's Apparel,Second Class,2,PAYMENT_REVIEW,2,100.0,5.0
US Center ,Women's Apparel,Second Class,2,PENDING,1,50.0,8.0
US Center ,Women's Apparel,Second Class,2,PENDING_PAYMENT,22,1100.0,308.75
US Center ,Women's Apparel,Second Class,2,PROCESSING,5,250.0,125.5
US Center ,Women's Apparel,Second Class,2,SUSPECTED_FRAUD,2,100.0,50.5
US Center ,Women's Apparel,Standard Class,4,CANCELED,1,50.0,10.0
US Center ,Women's Apparel,Standard Class,4,CLOSED,24,1200.0,346.0
US Center ,Women's Apparel,Standard Class,4,COMPLETE,84,4200.0,1153.75
US Center ,Women's Apparel,Standard Class,4,ON_HOLD,18,900.0,265.5
US Center ,Women's Apparel,Standard Class,4,PAYMENT_REVIEW,6,300.0,27.0
US Center ,Women's Apparel,Standard Class,4,PENDING,22,1100.0,297.25
US Center ,Women's Apparel,Standard Class,4,PENDING_PAYMENT,47,2350.0,716.0
US Center ,Women's Apparel,Standard Class,4,PROCESSING,27,1350.0,476.25
US Center ,Women's Apparel,Standard Class,4,SUSPECTED_FRAUD,2,100.0,20.0
West Africa,Accessories,First Class,1,COMPLETE,1,24.98999977,7.0
West Africa,Accessories,First Class,1,PENDING_PAYMENT,1,24.98999977,17.98999977
West Africa,Accessories,Same Day,0,COMPLETE,1,24.98999977,1.0
West Africa,Accessories,Second Class,2,COMPLETE,1,24.98999977,17.98999977
West Africa,Accessories,Second Class,2,PENDING_PAYMENT,3,74.96999931,27.48999977
West Africa,Accessories,Standard Class,4,CANCELED,1,24.98999977,19.98999977
West Africa,Accessories,Standard Class,4,CLOSED,3,74.96999931,13.0
West Africa,Accessories,Standard Class,4,COMPLETE,9,224.90999793,69.23999977
West Africa,Accessories,Standard Class,4,ON_HOLD,2,49.97999954,11.25
West Africa,Accessories,Standard Class,4,PENDING,2,49.97999954,12.0
West Africa,Accessories,Standard Class,4,PENDING_PAYMENT,6,149.93999862,31.48999977
West Africa,Baseball & Softball,First Class,1,CLOSED,1,34.99000168,8.75
West Africa,Baseball & Softball,Second Class,2,COMPLETE,2,94.98000336,22.949999809
West Africa,Baseball & Softball,Standard Class,4,CLOSED,1,34.99000168,4.199999809
West Africa,Baseball & Softball,Standard Class,4,COMPLETE,1,59.99000168,12.0
West Africa,Baseball & Softball,Standard Class,4,PENDING,1,59.99000168,0.0
West Africa,Baseball & Softball,Standard Class,4,PENDING_PAYMENT,1,59.99000168,7.800000191
West Africa,Boxing & MMA,Second Class,2,COMPLETE,1,54.97000122,10.98999977
West Africa,Boxing & MMA,Standard Class,4,PENDING_PAYMENT,2,109.94000244,48.37999916
West Africa,Camping & Hiking,First Class,1,CLOSED,1,299.980011,36.0
West Africa,Camping & Hiking,First Class,1,COMPLETE,14,4199.720154,597.0
West Africa,Camping & Hiking,First Class,1,ON_HOLD,2,599.960022,75.0
West Africa,Camping & Hiking,First Class,1,PENDING,2,599.960022,55.5
West Africa,Camping & Hiking,First Class,1,PENDING_PAYMENT,7,2099.860077,324.0
West Africa,Camping & Hiking,First Class,1,PROCESSING,2,599.960022,69.0
West Africa,Camping & Hiking,Same Day,0,COMPLETE,8,2399.840088,246.0
West Africa,Camping & Hiking,Same Day,0,PENDING_PAYMENT,1,299.980011,30.0
West Africa,Camping & Hiking,Second Class,2,CLOSED,5,1499.900055,157.5
West Africa,Camping & Hiking,Second Class,2,COMPLETE,21,6299.580231,610.5
West Africa,Camping & Hiking,Second Class,2,ON_HOLD,2,599.960022,66.0
West Africa,Camping & Hiking,Second Class,2,PENDING,2,599.960022,102.0
West Africa,Camping & Hiking,Second Class,2,PENDING_PAYMENT,5,1499.900055,156.0
West Africa,Camping & Hiking,Standard Class,4,CLOSED,14,4199.720154,430.5
West Africa,Camping & Hiking,Standard Class,4,COMPLETE,44,13199.120484,1353.0
West Africa,Camping & Hiking,Standard Class,4,ON_HOLD,10,2999.80011,232.5
West Africa,Camping & Hiking,Standard Class,4,PENDING,6,1799.880066,273.0
West Africa,Camping & Hiking,Standard Class,4,PENDING_PAYMENT,33,9899.340363,835.5
West Africa,Camping & Hiking,Standard Class,4,PROCESSING,13,3899.740143,396.0
West Africa,Cardio Equipment,First Class,1,CLOSED,2,199.97999572,9.0
West Africa,Cardio Equipment,First Class,1,COMPLETE,11,1099.88997646,195.49000168
West Africa,Cardio Equipment,First Class,1,PENDING,1,99.98999786,10.0
West Africa,Cardio Equipment,First Class,1,PENDING_PAYMENT,7,699.92998502,256.97999572000003
West Africa,Cardio Equipment,First Class,1,PROCESSING,1,99.98999786,0.0
West Africa,Cardio Equipment,Same Day,0,CLOSED,3,299.96999358,73.99000168
West Africa,Cardio Equipment,Same Day,0,COMPLETE,6,599.93998716,316.97999576
West Africa,Cardio Equipment,Same Day,0,PENDING,1,99.98999786,8.0
West Africa,Cardio Equipment,Same Day,0,PENDING_PAYMENT,5,499.9499893,147.0
West Africa,Cardio Equipment,Second Class,2,CLOSED,3,299.96999358,30.0
West Africa,Cardio Equipment,Second Class,2,COMPLETE,22,2199.77995292,934.41998674
West Africa,Cardio Equipment,Second Class,2,ON_HOLD,1,99.98999786,24.0
West Africa,Cardio Equipment,Second Class,2,PENDING_PAYMENT,10,999.8999786,268.9899979
West Africa,Cardio Equipment,Second Class,2,PROCESSING,1,99.98999786,15.0
West Africa,Cardio Equipment,Standard Class,4,CLOSED,10,999.8999786,323.97999954
West Africa,Cardio Equipment,Standard Class,4,COMPLETE,38,3729.62992082,814.94999312
West Africa,Cardio Equipment,Standard Class,4,ON_HOLD,6,529.9499893,194.679999588
West Africa,Cardio Equipment,Standard Class,4,PENDING,6,599.93998716,121.99000168
West Africa,Cardio Equipment,Standard Class,4,PENDING_PAYMENT,15,1499.8499679,521.44999694
West Africa,Cardio Equipment,Standard Class,4,PROCESSING,11,1099.88997646,382.46999744
West Africa,Cleats,First Class,1,CLOSED,4,239.96000672,101.98999977
West Africa,Cleats,First Class,1,COMPLETE,23,1379.77003864,395.350002537
West Africa,Cleats,First Class,1,ON_HOLD,2,119.98000336,68.99000168
West Africa,Cleats,First Class,1,PENDING,3,179.97000504,57.0
West Africa,Cleats,First Class,1,PENDING_PAYMENT,7,419.93001176,85.19000244
West Africa,Cleats,First Class,1,PROCESSING,3,179.97000504,5.400000095
West Africa,Cleats,First Class,1,SUSPECTED_FRAUD,1,59.99000168,35.99000168
West Africa,Cleats,Same Day,0,CLOSED,1,59.99000168,0.0
West Africa,Cleats,Same Day,0,COMPLETE,5,299.9500084,122.379999636
West Africa,Cleats,Same Day,0,PENDING_PAYMENT,5,299.9500084,87.0
West Africa,Cleats,Same Day,0,PROCESSING,1,59.99000168,18.0
West Africa,Cleats,Second Class,2,CLOSED,7,419.93001176,224.36000348
West Africa,Cleats,Second Class,2,COMPLETE,33,1979.67005544,534.560002346
West Africa,Cleats,Second Class,2,ON_HOLD,3,179.97000504,47.390001775
West Africa,Cleats,Second Class,2,PENDING,5,299.9500084,75.290001632
West Africa,Cleats,Second Class,2,PENDING_PAYMENT,17,1019.83002856,331.750002156
West Africa,Cleats,Second Class,2,PROCESSING,2,119.98000336,32.40000057
West Africa,Cleats,Standard Class,4,CLOSED,25,1499.750042,526.440005081
West Africa,Cleats,Standard Class,4,COMPLETE,75,4499.250126,964.430009372
West Africa,Cleats,Standard Class,4,ON_HOLD,20,1199.8000336,330.25000286
West Africa,Cleats,Standard Class,4,PENDING,9,539.91001512,134.080003145
West Africa,Cleats,Standard Class,4,PENDING_PAYMENT,36,2159.64006048,614.930001734
West Africa,Cleats,Standard Class,4,PROCESSING,8,479.92001344,164.980004311
West Africa,Cleats,Standard Class,4,SUSPECTED_FRAUD,4,239.96000672,13.199999809
West Africa,Electronics,First Class,1,COMPLETE,4,175.96000481,69.430001498
West Africa,Electronics,Same Day,0,CLOSED,1,44.99000168,44.99000168
West Africa,Electronics,Same Day,0,COMPLETE,2,79.98000145,16.959999559
West Africa,Electronics,Same Day,0,PENDING_PAYMENT,2,63.97999954,11.52000046
West Africa,Electronics,Second Class,2,CLOSED,2,63.97999954,8.640000104999999
West Africa,Electronics,Second Class,2,COMPLETE,3,115.97000122,39.839999671
West Africa,Electronics,Second Class,2,ON_HOLD,2,83.98000145,3.839999914
West Africa,Electronics,Second Class,2,PENDING,1,47.99000168,1.919999957
West Africa,Electronics,Second Class,2,PENDING_PAYMENT,2,92.98000336,41.85000038
West Africa,Electronics,Second Class,2,PROCESSING,1,51.99000168,7.800000191
West Africa,Electronics,Standard Class,4,CLOSED,4,155.9600029,5.759999871
West Africa,Electronics,Standard Class,4,COMPLETE,10,415.90000725,77.799999055
West Africa,Electronics,Standard Class,4,PENDING_PAYMENT,5,201.95000458,51.700000945
West Africa,Electronics,Standard Class,4,PROCESSING,2,75.98000145,40.190001489
West Africa,Fitness Accessories,First Class,1,COMPLETE,2,69.98000336,46.1800003
West Africa,Fitness Accessories,First Class,1,PENDING_PAYMENT,2,69.98000336,17.5
West Africa,Fitness Accessories,Second Class,2,COMPLETE,1,34.99000168,7.0
West Africa,Fitness Accessories,Second Class,2,PENDING_PAYMENT,1,34.99000168,15.75
West Africa,Fitness Accessories,Standard Class,4,COMPLETE,1,34.99000168,3.5
West Africa,Fitness Accessories,Standard Class,4,ON_HOLD,1,34.99000168,2.099999905
West Africa,Fitness Accessories,Standard Class,4,PROCESSING,1,34.99000168,17.5
West Africa,Girls' Apparel,First Class,1,COMPLETE,3,90.0,25.5
West Africa,Girls' Apparel,First Class,1,PENDING,1,70.0,17.5
West Africa,Girls' Apparel,Second Class,2,CLOSED,1,30.0,0.899999976
West Africa,Girls' Apparel,Second Class,2,COMPLETE,3,139.99000168,57.79999827900001
West Africa,Girls' Apparel,Second Class,2,ON_HOLD,1,30.0,8.25
West Africa,Girls' Apparel,Second Class,2,PROCESSING,1,70.0,12.60000038
West Africa,Girls' Apparel,Standard Class,4,COMPLETE,2,140.0,70.70000076
West Africa,Girls' Apparel,Standard Class,4,PENDING_PAYMENT,2,140.0,77.0
West Africa,Girls' Apparel,Standard Class,4,PROCESSING,2,95.0,1.899999976
West Africa,Golf Apparel,First Class,1,COMPLETE,1,19.98999977,0.800000012
West Africa,Golf Apparel,Same Day,0,COMPLETE,1,19.98999977,2.0
West Africa,Golf Apparel,Same Day,0,PENDING_PAYMENT,1,19.98999977,24.98999977
West Africa,Golf Apparel,Second Class,2,COMPLETE,2,39.97999954,17.78999996
West Africa,Golf Apparel,Second Class,2,PENDING,1,19.98999977,1.799999952
West Africa,Golf Apparel,Standard Class,4,COMPLETE,2,39.97999954,8.600000142999999
West Africa,Golf Apparel,Standard Class,4,PAYMENT_REVIEW,1,19.98999977,5.599999905
West Africa,Golf Apparel,Standard Class,4,PENDING_PAYMENT,3,59.969999310000006,18.589999675
West Africa,Golf Balls,First Class,1,CLOSED,1,14.98999977,14.98999977
West Africa,Golf Balls,First Class,1,COMPLETE,3,52.969999310000006,17.910000084
West Africa,Golf Balls,Same Day,0,PENDING_PAYMENT,1,19.98999977,14.39000034
West Africa,Golf Balls,Same Day,0,PROCESSING,1,14.98999977,18.73999977
West Africa,Golf Balls,Second Class,2,CLOSED,1,17.98999977,10.78999996
West Africa,Golf Balls,Second Class,2,COMPLETE,3,52.969999310000006,15.240000248
West Africa,Golf Balls,Second Class,2,PENDING_PAYMENT,2,34.97999954,5.900000095
West Africa,Golf Balls,Second Class,2,PROCESSING,1,14.98999977,5.400000095
West Africa,Golf Balls,Standard Class,4,CANCELED,1,14.98999977,8.989999771
West Africa,Golf Balls,Standard Class,4,CLOSED,2,34.97999954,14.389999865
West Africa,Golf Balls,Standard Class,4,COMPLETE,4,72.95999908,17.929999468
West Africa,Golf Balls,Standard Class,4,ON_HOLD,2,39.97999954,3.0
West Africa,Golf Balls,Standard Class,4,PENDING,1,14.98999977,7.5
West Africa,Golf Balls,Standard Class,4,PENDING_PAYMENT,5,79.94999885,11.900000215
West Africa,Golf Balls,Standard Class,4,PROCESSING,2,32.97999954,8.850000381
West Africa,Golf Gloves,First Class,1,CLOSED,1,24.98999977,7.0
West Africa,Golf Gloves,First Class,1,COMPLETE,1,9.989999771,5.090000153
West Africa,Golf Gloves,Same Day,0,CLOSED,1,39.99000168,0.0
West Africa,Golf Gloves,Same Day,0,COMPLETE,1,9.989999771,2.5
West Africa,Golf Gloves,Second Class,2,COMPLETE,2,19.979999542,13.479999542
West Africa,Golf Gloves,Second Class,2,PENDING,1,24.98999977,0.0
West Africa,Golf Gloves,Second Class,2,PENDING_PAYMENT,4,114.960002901,15.999999822
West Africa,Golf Gloves,Second Class,2,PROCESSING,1,9.989999771,4.800000191
West Africa,Golf Gloves,Standard Class,4,CANCELED,1,24.98999977,3.25
West Africa,Golf Gloves,Standard Class,4,CLOSED,2,19.979999542,7.039999842
West Africa,Golf Gloves,Standard Class,4,COMPLETE,5,124.950002672,34.939999728000004
West Africa,Golf Gloves,Standard Class,4,ON_HOLD,1,9.989999771,7.989999771
West Africa,Golf Gloves,Standard Class,4,PENDING,1,39.99000168,2.400000095
West Africa,Golf Gloves,Standard Class,4,PENDING_PAYMENT,5,139.950004582,30.399999739
West Africa,Golf Gloves,Standard Class,4,PROCESSING,1,24.98999977,10.0
West Africa,Golf Shoes,Second Class,2,PENDING_PAYMENT,1,65.0,4.550000191
West Africa,Golf Shoes,Standard Class,4,COMPLETE,5,325.0,93.599999192
West Africa,Golf Shoes,Standard Class,4,PENDING_PAYMENT,2,130.0,27.29999924
West Africa,Hockey,First Class,1,COMPLETE,1,22.0,8.800000191
West Africa,Hockey,Second Class,2,COMPLETE,1,22.0,2.859999895
West Africa,Hockey,Standard Class,4,CLOSED,2,47.0,1.879999995
West Africa,Hockey,Standard Class,4,COMPLETE,3,69.0,24.5
West Africa,Hockey,Standard Class,4,PENDING,1,25.0,16.0
West Africa,Hockey,Standard Class,4,PENDING_PAYMENT,5,113.0,34.839999671
West Africa,Hockey,Standard Class,4,PROCESSING,2,47.0,35.25
West Africa,Hunting & Shooting,First Class,1,CLOSED,1,29.98999977,10.80000019
West Africa,Hunting & Shooting,First Class,1,PENDING_PAYMENT,1,29.98999977,7.199999809
West Africa,Hunting & Shooting,Second Class,2,PENDING_PAYMENT,1,29.98999977,6.0
West Africa,Hunting & Shooting,Standard Class,4,CLOSED,1,29.98999977,2.400000095
West Africa,Hunting & Shooting,Standard Class,4,COMPLETE,1,29.98999977,2.700000048
West Africa,Hunting & Shooting,Standard Class,4,ON_HOLD,1,29.98999977,3.0
West Africa,Indoor/Outdoor Games,First Class,1,CLOSED,2,99.95999908,24.98999977
West Africa,Indoor/Outdoor Games,First Class,1,COMPLETE,2,99.95999908,15.48999977
West Africa,Indoor/Outdoor Games,First Class,1,PENDING_PAYMENT,1,49.97999954,42.47999954
West Africa,Indoor/Outdoor Games,First Class,1,PROCESSING,2,99.95999908,33.22999954
West Africa,Indoor/Outdoor Games,Same Day,0,COMPLETE,1,49.97999954,8.0
West Africa,Indoor/Outdoor Games,Same Day,0,PENDING_PAYMENT,1,49.97999954,37.49000168
West Africa,Indoor/Outdoor Games,Second Class,2,COMPLETE,3,149.93999862,51.47999954
West Africa,Indoor/Outdoor Games,Second Class,2,PENDING_PAYMENT,1,49.97999954,17.98999977
West Africa,Indoor/Outdoor Games,Second Class,2,PROCESSING,3,149.93999862,60.97999954
West Africa,Indoor/Outdoor Games,Second Class,2,SUSPECTED_FRAUD,1,49.97999954,26.98999977
West Africa,Indoor/Outdoor Games,Standard Class,4,CANCELED,1,49.97999954,37.49000168
West Africa,Indoor/Outdoor Games,Standard Class,4,CLOSED,4,199.91999816,107.22000122
West Africa,Indoor/Outdoor Games,Standard Class,4,COMPLETE,14,699.71999356,233.66999816
West Africa,Indoor/Outdoor Games,Standard Class,4,ON_HOLD,2,99.95999908,67.96999931
West Africa,Indoor/Outdoor Games,Standard Class,4,PENDING,2,99.95999908,43.97999954
West Africa,Indoor/Outdoor Games,Standard Class,4,PENDING_PAYMENT,10,499.7999954,112.97000122
West Africa,Indoor/Outdoor Games,Standard Class,4,PROCESSING,3,149.93999862,54.47999954
West Africa,Lacrosse,First Class,1,COMPLETE,3,74.96999931,28.73999977
West Africa,Lacrosse,Standard Class,4,COMPLETE,3,74.96999931,16.0
West Africa,Lacrosse,Standard Class,4,PENDING_PAYMENT,2,49.97999954,19.73999977
West Africa,Men's Footwear,First Class,1,CLOSED,5,649.9500275,74.75000047500001
West Africa,Men's Footwear,First Class,1,COMPLETE,13,1689.8700715,136.499999524
West Africa,Men's Footwear,First Class,1,ON_HOLD,1,129.9900055,19.5
West Africa,Men's Footwear,First Class,1,PENDING,2,259.980011,49.39999962
West Africa,Men's Footwear,First Class,1,PENDING_PAYMENT,7,909.9300385,141.700000761
West Africa,Men's Footwear,First Class,1,PROCESSING,9,1169.9100495,113.750000714
West Africa,Men's Footwear,First Class,1,SUSPECTED_FRAUD,1,129.9900055,22.10000038
West Africa,Men's Footwear,Same Day,0,CLOSED,1,129.9900055,9.100000381
West Africa,Men's Footwear,Same Day,0,COMPLETE,11,1429.8900605,78.649999619
West Africa,Men's Footwear,Same Day,0,PENDING,1,129.9900055,13.0
West Africa,Men's Footwear,Same Day,0,PENDING_PAYMENT,6,779.940033,66.300000189
West Africa,Men's Footwear,Same Day,0,PROCESSING,2,259.980011,8.450000047
West Africa,Men's Footwear,Second Class,2,CLOSED,8,1039.920044,75.40000057
West Africa,Men's Footwear,Second Class,2,COMPLETE,30,3899.700165,466.049999243
West Africa,Men's Footwear,Second Class,2,ON_HOLD,7,909.9300385,93.599999905
West Africa,Men's Footwear,Second Class,2,PENDING,1,129.9900055,3.900000095
West Africa,Men's Footwear,Second Class,2,PENDING_PAYMENT,12,1559.880066,143.64999962000002
West Africa,Men's Footwear,Second Class,2,PROCESSING,2,259.980011,49.39999962
West Africa,Men's Footwear,Second Class,2,SUSPECTED_FRAUD,1,129.9900055,16.89999962
West Africa,Men's Footwear,Standard Class,4,CANCELED,1,129.9900055,1.299999952
West Africa,Men's Footwear,Standard Class,4,CLOSED,29,3769.7101595,346.449998147
West Africa,Men's Footwear,Standard Class,4,COMPLETE,78,10139.220429,1036.749995249
West Africa,Men's Footwear,Standard Class,4,ON_HOLD,15,1949.8500825,262.599998956
West Africa,Men's Footwear,Standard Class,4,PENDING,5,649.9500275,103.99999905
West Africa,Men's Footwear,Standard Class,4,PENDING_PAYMENT,31,4029.6901705,373.099999431
West Africa,Men's Footwear,Standard Class,4,PROCESSING,14,1819.860077,162.500000476
West Africa,Shop By Sport,First Class,1,CLOSED,4,159.96000672,103.18000126
West Africa,Shop By Sport,First Class,1,COMPLETE,6,239.94001008,79.39000183499999
West Africa,Shop By Sport,First Class,1,PENDING,3,119.97000504,41.98999977
West Africa,Shop By Sport,First Class,1,PENDING_PAYMENT,1,39.99000168,20.0
West Africa,Shop By Sport,First Class,1,PROCESSING,2,79.98000336,7.200000048
West Africa,Shop By Sport,Same Day,0,COMPLETE,2,79.98000336,27.20000076
West Africa,Shop By Sport,Same Day,0,PENDING_PAYMENT,2,79.98000336,43.99000168
West Africa,Shop By Sport,Same Day,0,PROCESSING,1,39.99000168,31.98999977
West Africa,Shop By Sport,Second Class,2,CLOSED,1,39.99000168,39.99000168
West Africa,Shop By Sport,Second Class,2,COMPLETE,14,559.86002352,161.990002749
West Africa,Shop By Sport,Second Class,2,ON_HOLD,3,119.97000504,14.400000006
West Africa,Shop By Sport,Second Class,2,PENDING_PAYMENT,6,239.94001008,73.979999064
West Africa,Shop By Sport,Second Class,2,PROCESSING,2,79.98000336,5.600000024
West Africa,Shop By Sport,Second Class,2,SUSPECTED_FRAUD,1,39.99000168,23.98999977
West Africa,Shop By Sport,Standard Class,4,CANCELED,2,79.98000336,8.000000239
West Africa,Shop By Sport,Standard Class,4,CLOSED,6,239.94001008,82.779999731
West Africa,Shop By Sport,Standard Class,4,COMPLETE,51,2019.51008232,551.21000898
West Africa,Shop By Sport,Standard Class,4,ON_HOLD,8,319.92001344,147.55000275400002
West Africa,Shop By Sport,Standard Class,4,PAYMENT_REVIEW,1,30.0,22.5
West Africa,Shop By Sport,Standard Class,4,PENDING,5,199.9500084,59.189999581
West Africa,Shop By Sport,Standard Class,4,PENDING_PAYMENT,16,639.84002688,186.170002703
West Africa,Shop By Sport,Standard Class,4,PROCESSING,5,199.9500084,113.17000198
West Africa,Shop By Sport,Standard Class,4,SUSPECTED_FRAUD,2,79.98000336,27.590001111
West Africa,Tennis & Racquet,First Class,1,CLOSED,1,44.99000168,2.700000048
West Africa,Tennis & Racquet,Same Day,0,PENDING_PAYMENT,2,89.98000336,23.400000095
West Africa,Tennis & Racquet,Standard Class,4,COMPLETE,2,89.98000336,23.38999939
West Africa,Tennis & Racquet,Standard Class,4,ON_HOLD,1,44.99000168,38.24000168
West Africa,Trade-In,First Class,1,COMPLETE,2,31.97999954,27.97999954
West Africa,Trade-In,First Class,1,PENDING_PAYMENT,2,31.97999954,6.400000095
West Africa,Trade-In,First Class,1,PROCESSING,1,21.98999977,2.200000048
West Africa,Trade-In,Second Class,2,COMPLETE,2,31.97999954,9.120000124
West Africa,Trade-In,Second Class,2,PENDING_PAYMENT,1,21.98999977,1.980000019
West Africa,Trade-In,Standard Class,4,CLOSED,1,15.98999977,6.400000095
West Africa,Trade-In,Standard Class,4,COMPLETE,5,85.94999885,36.780000175
West Africa,Trade-In,Standard Class,4,PENDING,2,31.97999954,8.559999823
West Africa,Trade-In,Standard Class,4,PENDING_PAYMENT,1,15.98999977,2.400000095
West Africa,Trade-In,Standard Class,4,PROCESSING,2,43.97999954,18.69000053
West Africa,Water Sports,First Class,1,CLOSED,4,799.960022,120.0
West Africa,Water Sports,First Class,1,COMPLETE,13,2599.8700715,328.0
West Africa,Water Sports,First Class,1,PENDING,3,599.9700164999999,90.0
West Africa,Water Sports,First Class,1,PENDING_PAYMENT,5,999.9500275,138.0
West Africa,Water Sports,First Class,1,PROCESSING,6,1199.940033,92.0
West Africa,Water Sports,Same Day,0,CLOSED,3,599.9700164999999,29.0
West Africa,Water Sports,Same Day,0,COMPLETE,11,2199.8900605,226.0
West Africa,Water Sports,Same Day,0,PENDING,1,199.9900055,20.0
West Africa,Water Sports,Same Day,0,PENDING_PAYMENT,3,599.9700164999999,54.0
West Africa,Water Sports,Same Day,0,PROCESSING,4,799.960022,42.0
West Africa,Water Sports,Same Day,0,SUSPECTED_FRAUD,1,199.9900055,32.0
West Africa,Water Sports,Second Class,2,CANCELED,1,199.9900055,8.0
West Africa,Water Sports,Second Class,2,CLOSED,4,799.960022,62.0
West Africa,Water Sports,Second Class,2,COMPLETE,27,5399.7301485,478.0
West Africa,Water Sports,Second Class,2,ON_HOLD,5,999.9500275,68.0
West Africa,Water Sports,Second Class,2,PAYMENT_REVIEW,3,599.9700164999999,12.0
West Africa,Water Sports,Second Class,2,PENDING,5,999.9500275,77.0
West Africa,Water Sports,Second Class,2,PENDING_PAYMENT,18,3599.820099,390.0
West Africa,Water Sports,Second Class,2,PROCESSING,13,2599.8700715,334.0
West Africa,Water Sports,Second Class,2,SUSPECTED_FRAUD,1,199.9900055,11.0
West Africa,Water Sports,Standard Class,4,CANCELED,3,599.9700164999999,112.0
West Africa,Water Sports,Standard Class,4,CLOSED,23,4599.7701265,408.0
West Africa,Water Sports,Standard Class,4,COMPLETE,63,12599.3703465,1367.0
West Africa,Water Sports,Standard Class,4,ON_HOLD,17,3399.8300935,250.0
West Africa,Water Sports,Standard Class,4,PENDING,24,4799.760131999999,526.0
West Africa,Water Sports,Standard Class,4,PENDING_PAYMENT,49,9799.5102695,897.0
West Africa,Water Sports,Standard Class,4,PROCESSING,20,3999.80011,385.0
West Africa,Water Sports,Standard Class,4,SUSPECTED_FRAUD,6,1199.940033,112.0
West Africa,Women's Apparel,First Class,1,CLOSED,15,750.0,187.25
West Africa,Women's Apparel,First Class,1,COMPLETE,13,650.0,184.0
West Africa,Women's Apparel,First Class,1,ON_HOLD,1,50.0,8.5
West Africa,Women's Apparel,First Class,1,PENDING,1,50.0,0.0
West Africa,Women's Apparel,First Class,1,PENDING_PAYMENT,12,600.0,268.5
West Africa,Women's Apparel,First Class,1,PROCESSING,7,350.0,126.0
West Africa,Women's Apparel,Same Day,0,CLOSED,2,100.0,27.0
West Africa,Women's Apparel,Same Day,0,COMPLETE,12,600.0,196.75
West Africa,Women's Apparel,Same Day,0,ON_HOLD,1,50.0,32.5
West Africa,Women's Apparel,Same Day,0,PENDING,1,50.0,45.0
West Africa,Women's Apparel,Same Day,0,PENDING_PAYMENT,3,150.0,55.5
West Africa,Women's Apparel,Same Day,0,PROCESSING,1,50.0,10.0
West Africa,Women's Apparel,Second Class,2,CLOSED,3,150.0,28.0
West Africa,Women's Apparel,Second Class,2,COMPLETE,34,1700.0,602.25
West Africa,Women's Apparel,Second Class,2,ON_HOLD,6,300.0,130.0
West Africa,Women's Apparel,Second Class,2,PENDING,3,150.0,21.75
West Africa,Women's Apparel,Second Class,2,PENDING_PAYMENT,12,600.0,149.0
West Africa,Women's Apparel,Second Class,2,PROCESSING,3,150.0,24.5
West Africa,Women's Apparel,Second Class,2,SUSPECTED_FRAUD,1,50.0,0.0
West Africa,Women's Apparel,Standard Class,4,CANCELED,2,100.0,10.5
West Africa,Women's Apparel,Standard Class,4,CLOSED,25,1250.0,415.0
West Africa,Women's Apparel,Standard Class,4,COMPLETE,83,4150.0,1254.25
West Africa,Women's Apparel,Standard Class,4,ON_HOLD,14,700.0,165.25
West Africa,Women's Apparel,Standard Class,4,PAYMENT_REVIEW,2,100.0,25.5
West Africa,Women's Apparel,Standard Class,4,PENDING,8,400.0,136.0
West Africa,Women's Apparel,Standard Class,4,PENDING_PAYMENT,28,1400.0,334.25
West Africa,Women's Apparel,Standard Class,4,PROCESSING,17,850.0,221.5
West Africa,Women's Apparel,Standard Class,4,SUSPECTED_FRAUD,2,100.0,95.0
West Asia,Accessories,First Class,1,CLOSED,1,24.98999977,3.25
West Asia,Accessories,First Class,1,COMPLETE,4,99.95999908,44.22999954
West Asia,Accessories,First Class,1,PENDING_PAYMENT,2,49.97999954,12.25
West Asia,Accessories,First Class,1,PROCESSING,1,24.98999977,16.23999977
West Asia,Accessories,Same Day,0,PENDING,1,24.98999977,7.5
West Asia,Accessories,Same Day,0,PENDING_PAYMENT,1,24.98999977,4.5
West Asia,Accessories,Second Class,2,COMPLETE,7,174.92999839,53.48999977
West Asia,Accessories,Second Class,2,PENDING_PAYMENT,3,74.96999931,27.48999977
West Asia,Accessories,Standard Class,4,CANCELED,1,24.98999977,2.75
West Asia,Accessories,Standard Class,4,CLOSED,6,149.93999862,37.48999977
West Asia,Accessories,Standard Class,4,COMPLETE,7,174.92999839,50.22999954
West Asia,Accessories,Standard Class,4,ON_HOLD,2,49.97999954,6.5
West Asia,Accessories,Standard Class,4,PENDING,2,49.97999954,16.0
West Asia,Accessories,Standard Class,4,PENDING_PAYMENT,5,124.94999885,30.97999954
West Asia,Accessories,Standard Class,4,PROCESSING,1,24.98999977,2.5
West Asia,Baseball & Softball,First Class,1,PENDING_PAYMENT,1,34.99000168,8.75
West Asia,Baseball & Softball,First Class,1,PROCESSING,1,34.99000168,1.399999976
West Asia,Baseball & Softball,Second Class,2,COMPLETE,2,94.98000336,32.139999865
West Asia,Baseball & Softball,Second Class,2,ON_HOLD,1,34.99000168,7.699999809
West Asia,Baseball & Softball,Second Class,2,PENDING_PAYMENT,3,129.97000504,18.350000143000003
West Asia,Baseball & Softball,Standard Class,4,COMPLETE,1,59.99000168,20.39999962
West Asia,Baseball & Softball,Standard Class,4,PENDING_PAYMENT,1,59.99000168,3.0
West Asia,Boxing & MMA,First Class,1,ON_HOLD,2,109.94000244,32.4300003
West Asia,Boxing & MMA,First Class,1,PENDING_PAYMENT,1,54.97000122,27.48999977
West Asia,Boxing & MMA,Same Day,0,COMPLETE,1,54.97000122,32.97999954
West Asia,Boxing & MMA,Second Class,2,CLOSED,1,54.97000122,17.59000015
West Asia,Boxing & MMA,Second Class,2,PROCESSING,1,54.97000122,15.39000034
West Asia,Boxing & MMA,Standard Class,4,CLOSED,2,109.94000244,40.679999349
West Asia,Boxing & MMA,Standard Class,4,COMPLETE,1,54.97000122,21.98999977
West Asia,Camping & Hiking,First Class,1,CLOSED,8,2399.840088,198.0
West Asia,Camping & Hiking,First Class,1,COMPLETE,17,5099.660187,423.0
West Asia,Camping & Hiking,First Class,1,ON_HOLD,4,1199.920044,90.0
West Asia,Camping & Hiking,First Class,1,PENDING,1,299.980011,30.0
West Asia,Camping & Hiking,First Class,1,PENDING_PAYMENT,13,3899.740143,336.0
West Asia,Camping & Hiking,First Class,1,PROCESSING,12,3599.760132,346.5
West Asia,Camping & Hiking,First Class,1,SUSPECTED_FRAUD,1,299.980011,9.0
West Asia,Camping & Hiking,Same Day,0,CLOSED,2,599.960022,51.0
West Asia,Camping & Hiking,Same Day,0,COMPLETE,7,2099.860077,270.0
West Asia,Camping & Hiking,Same Day,0,PENDING_PAYMENT,4,1199.920044,69.0
West Asia,Camping & Hiking,Same Day,0,PROCESSING,1,299.980011,27.0
West Asia,Camping & Hiking,Second Class,2,CLOSED,5,1499.900055,183.0
West Asia,Camping & Hiking,Second Class,2,COMPLETE,25,7499.500274999999,907.5
West Asia,Camping & Hiking,Second Class,2,ON_HOLD,3,899.940033,66.0
West Asia,Camping & Hiking,Second Class,2,PAYMENT_REVIEW,2,599.960022,36.0
West Asia,Camping & Hiking,Second Class,2,PENDING,4,1199.920044,63.0
West Asia,Camping & Hiking,Second Class,2,PENDING_PAYMENT,12,3599.760132,447.0
West Asia,Camping & Hiking,Second Class,2,PROCESSING,4,1199.920044,51.0
West Asia,Camping & Hiking,Standard Class,4,CANCELED,4,1199.920044,42.0
West Asia,Camping & Hiking,Standard Class,4,CLOSED,22,6599.560242,648.0
West Asia,Camping & Hiking,Standard Class,4,COMPLETE,69,20698.620759,2004.0
West Asia,Camping & Hiking,Standard Class,4,ON_HOLD,20,5999.60022,616.5
West Asia,Camping & Hiking,Standard Class,4,PAYMENT_REVIEW,2,599.960022,87.0
West Asia,Camping & Hiking,Standard Class,4,PENDING,8,2399.840088,228.0
West Asia,Camping & Hiking,Standard Class,4,PENDING_PAYMENT,34,10199.320374,984.0
West Asia,Camping & Hiking,Standard Class,4,PROCESSING,4,1199.920044,100.5
West Asia,Camping & Hiking,Standard Class,4,SUSPECTED_FRAUD,2,599.960022,70.5
West Asia,Cardio Equipment,First Class,1,CLOSED,5,499.9499893,197.98999786
West Asia,Cardio Equipment,First Class,1,COMPLETE,17,1699.82996362,443.47000504
West Asia,Cardio Equipment,First Class,1,ON_HOLD,3,299.96999358,122.98999786
West Asia,Cardio Equipment,First Class,1,PAYMENT_REVIEW,1,99.98999786,16.0
West Asia,Cardio Equipment,First Class,1,PENDING_PAYMENT,10,999.8999786,159.99000168
West Asia,Cardio Equipment,First Class,1,PROCESSING,5,499.9499893,145.98999786000002
West Asia,Cardio Equipment,Same Day,0,CLOSED,2,199.97999572,65.99000168
West Asia,Cardio Equipment,Same Day,0,COMPLETE,5,429.95999144,138.5
West Asia,Cardio Equipment,Same Day,0,ON_HOLD,1,99.98999786,16.0
West Asia,Cardio Equipment,Same Day,0,PENDING_PAYMENT,2,199.97999572,26.5
West Asia,Cardio Equipment,Second Class,2,CLOSED,9,899.90998074,255.9899979
West Asia,Cardio Equipment,Second Class,2,COMPLETE,20,1999.7999572,439.47999572
West Asia,Cardio Equipment,Second Class,2,ON_HOLD,1,99.98999786,9.0
West Asia,Cardio Equipment,Second Class,2,PAYMENT_REVIEW,3,299.96999358,85.0
West Asia,Cardio Equipment,Second Class,2,PENDING,2,199.97999572,9.0
West Asia,Cardio Equipment,Second Class,2,PENDING_PAYMENT,17,1629.83996576,571.159991528
West Asia,Cardio Equipment,Second Class,2,PROCESSING,5,429.95999144,184.97999572
West Asia,Cardio Equipment,Standard Class,4,CANCELED,2,199.97999572,68.98999786
West Asia,Cardio Equipment,Standard Class,4,CLOSED,17,1629.83996576,599.94999694
West Asia,Cardio Equipment,Standard Class,4,COMPLETE,51,4889.51989728,1451.799994492
West Asia,Cardio Equipment,Standard Class,4,ON_HOLD,11,1099.88997646,317.96999358
West Asia,Cardio Equipment,Standard Class,4,PAYMENT_REVIEW,2,199.97999572,71.98999786
West Asia,Cardio Equipment,Standard Class,4,PENDING,10,999.8999786,357.47999572000003
West Asia,Cardio Equipment,Standard Class,4,PENDING_PAYMENT,28,2729.72994222,774.33999824
West Asia,Cardio Equipment,Standard Class,4,PROCESSING,13,1299.86997218,698.41999052
West Asia,Cardio Equipment,Standard Class,4,SUSPECTED_FRAUD,1,99.98999786,71.98999786
West Asia,Cleats,First Class,1,CLOSED,9,539.91001512,128.37999821
West Asia,Cleats,First Class,1,COMPLETE,28,1679.72004704,546.540001862
West Asia,Cleats,First Class,1,ON_HOLD,7,419.93001176,137.989999295
West Asia,Cleats,First Class,1,PENDING_PAYMENT,28,1679.72004704,394.780001874
West Asia,Cleats,First Class,1,PROCESSING,13,779.8700218399999,214.170003414
West Asia,Cleats,First Class,1,SUSPECTED_FRAUD,1,59.99000168,47.99000168
West Asia,Cleats,Same Day,0,CLOSED,3,179.97000504,108.58999824
West Asia,Cleats,Same Day,0,COMPLETE,5,299.9500084,93.29000092
West Asia,Cleats,Same Day,0,ON_HOLD,2,119.98000336,113.98000336
West Asia,Cleats,Same Day,0,PENDING,6,359.94001008,93.590001823
West Asia,Cleats,Same Day,0,PENDING_PAYMENT,9,539.91001512,70.200000406
West Asia,Cleats,Same Day,0,PROCESSING,2,119.98000336,7.799999952
West Asia,Cleats,Second Class,2,CANCELED,2,119.98000336,44.39999962
West Asia,Cleats,Second Class,2,CLOSED,9,539.91001512,134.699999929
West Asia,Cleats,Second Class,2,COMPLETE,44,2639.56007392,702.520014986
West Asia,Cleats,Second Class,2,ON_HOLD,8,479.92001344,177.570003986
West Asia,Cleats,Second Class,2,PAYMENT_REVIEW,1,59.99000168,18.0
West Asia,Cleats,Second Class,2,PENDING,1,59.99000168,21.60000038
West Asia,Cleats,Second Class,2,PENDING_PAYMENT,25,1499.750042,470.07999527
West Asia,Cleats,Second Class,2,PROCESSING,5,299.9500084,53.999999524
West Asia,Cleats,Standard Class,4,CANCELED,3,179.97000504,80.380002979
West Asia,Cleats,Standard Class,4,CLOSED,28,1679.72004704,512.6600029489999
West Asia,Cleats,Standard Class,4,COMPLETE,113,6778.87018984,2066.45002429
West Asia,Cleats,Standard Class,4,ON_HOLD,15,899.8500252,165.29000282
West Asia,Cleats,Standard Class,4,PAYMENT_REVIEW,6,359.94001008,40.200000048
West Asia,Cleats,Standard Class,4,PENDING,21,1259.79003528,531.520010366
West Asia,Cleats,Standard Class,4,PENDING_PAYMENT,67,4019.33011256,1234.08001352
West Asia,Cleats,Standard Class,4,PROCESSING,27,1619.73004536,632.640005118
West Asia,Cleats,Standard Class,4,SUSPECTED_FRAUD,4,239.96000672,190.77999878
West Asia,Electronics,First Class,1,CLOSED,1,51.99000168,2.079999924
West Asia,Electronics,First Class,1,COMPLETE,6,259.94000626,57.270001651
West Asia,Electronics,First Class,1,ON_HOLD,1,31.98999977,23.03000069
West Asia,Electronics,First Class,1,PENDING_PAYMENT,3,108.97000122,50.060001257
West Asia,Electronics,First Class,1,PROCESSING,1,47.99000168,15.35999966
West Asia,Electronics,Same Day,0,CLOSED,2,83.98000145,3.920000076
West Asia,Electronics,Same Day,0,PENDING_PAYMENT,2,83.98000145,10.0
West Asia,Electronics,Second Class,2,CLOSED,1,47.99000168,10.07999992
West Asia,Electronics,Second Class,2,COMPLETE,7,288.93000603,109.469998834
West Asia,Electronics,Second Class,2,ON_HOLD,2,83.98000145,5.159999848
West Asia,Electronics,Second Class,2,PAYMENT_REVIEW,1,31.98999977,20.79000092
West Asia,Electronics,Second Class,2,PENDING,1,31.98999977,6.400000095
West Asia,Electronics,Second Class,2,PENDING_PAYMENT,3,127.97000313,82.380002019
West Asia,Electronics,Second Class,2,PROCESSING,1,31.98999977,5.119999886
West Asia,Electronics,Standard Class,4,CANCELED,1,27.98999977,7.699999809
West Asia,Electronics,Standard Class,4,CLOSED,7,279.93000412,102.019998791
West Asia,Electronics,Standard Class,4,COMPLETE,16,665.84001351,227.320001721
West Asia,Electronics,Standard Class,4,ON_HOLD,4,163.9600029,43.669998224
West Asia,Electronics,Standard Class,4,PENDING,2,99.98000336,1.559999943
West Asia,Electronics,Standard Class,4,PENDING_PAYMENT,4,143.96000099,51.190000417
West Asia,Electronics,Standard Class,4,PROCESSING,4,155.9600029,41.560000419
West Asia,Electronics,Standard Class,4,SUSPECTED_FRAUD,1,51.99000168,0.0
West Asia,Fitness Accessories,First Class,1,PROCESSING,1,34.99000168,27.98999977
West Asia,Fitness Accessories,Standard Class,4,CLOSED,2,69.98000336,6.650000185
West Asia,Fitness Accessories,Standard Class,4,COMPLETE,1,34.99000168,1.75
West Asia,Fitness Accessories,Standard Class,4,ON_HOLD,2,69.98000336,33.23999977
West Asia,Fitness Accessories,Standard Class,4,PENDING_PAYMENT,1,34.99000168,10.5
West Asia,Fitness Accessories,Standard Class,4,SUSPECTED_FRAUD,1,34.99000168,0.0
West Asia,Girls' Apparel,First Class,1,CLOSED,1,39.99000168,6.400000095
West Asia,Girls' Apparel,First Class,1,COMPLETE,4,209.99000168,47.400000095
West Asia,Girls' Apparel,Same Day,0,CLOSED,1,70.0,22.39999962
West Asia,Girls' Apparel,Same Day,0,COMPLETE,1,30.0,0.300000012
West Asia,Girls' Apparel,Second Class,2,COMPLETE,5,199.99000168,41.64999962
West Asia,Girls' Apparel,Second Class,2,ON_HOLD,1,30.0,22.5
West Asia,Girls' Apparel,Second Class,2,PENDING,1,30.0,7.5
West Asia,Girls' Apparel,Standard Class,4,CANCELED,1,39.99000168,25.98999977
West Asia,Girls' Apparel,Standard Class,4,CLOSED,1,39.99000168,7.199999809
West Asia,Girls' Apparel,Standard Class,4,COMPLETE,4,119.99000168,26.599999905
West Asia,Girls' Apparel,Standard Class,4,ON_HOLD,2,50.0,32.5
West Asia,Girls' Apparel,Standard Class,4,PENDING,5,219.97000504,148.08000135499998
West Asia,Girls' Apparel,Standard Class,4,PENDING_PAYMENT,3,134.99000168,29.900000571
West Asia,Girls' Apparel,Standard Class,4,SUSPECTED_FRAUD,1,25.0,5.5
West Asia,Golf Apparel,First Class,1,PENDING_PAYMENT,3,59.969999310000006,11.399999917
West Asia,Golf Apparel,First Class,1,PROCESSING,1,19.98999977,9.600000381
West Asia,Golf Apparel,Second Class,2,COMPLETE,2,39.97999954,19.189999579
West Asia,Golf Apparel,Second Class,2,ON_HOLD,1,19.98999977,4.199999809
West Asia,Golf Apparel,Standard Class,4,COMPLETE,2,39.97999954,6.799999952
West Asia,Golf Apparel,Standard Class,4,PENDING,2,39.97999954,2.0000000300000003
West Asia,Golf Apparel,Standard Class,4,PENDING_PAYMENT,1,19.98999977,0.0
West Asia,Golf Balls,First Class,1,CLOSED,1,17.98999977,9.170000076
West Asia,Golf Balls,First Class,1,COMPLETE,4,65.95999908,30.850000021
West Asia,Golf Balls,First Class,1,ON_HOLD,3,52.969999310000006,13.140000343
West Asia,Golf Balls,First Class,1,PENDING,1,19.98999977,3.0
West Asia,Golf Balls,First Class,1,PENDING_PAYMENT,3,54.969999310000006,17.189999818
West Asia,Golf Balls,First Class,1,PROCESSING,3,55.969999310000006,7.740000128
West Asia,Golf Balls,Same Day,0,COMPLETE,1,14.98999977,0.0
West Asia,Golf Balls,Same Day,0,PENDING,1,14.98999977,0.449999988
West Asia,Golf Balls,Same Day,0,PENDING_PAYMENT,1,14.98999977,7.199999809
West Asia,Golf Balls,Second Class,2,CLOSED,2,29.97999954,4.200000107
West Asia,Golf Balls,Second Class,2,PENDING,1,14.98999977,0.899999976
West Asia,Golf Balls,Second Class,2,PENDING_PAYMENT,3,59.969999310000006,17.990000008
West Asia,Golf Balls,Second Class,2,PROCESSING,1,14.98999977,7.199999809
West Asia,Golf Balls,Standard Class,4,CANCELED,1,14.98999977,4.050000191
West Asia,Golf Balls,Standard Class,4,CLOSED,1,14.98999977,0.150000006
West Asia,Golf Balls,Standard Class,4,COMPLETE,10,170.8999977,58.160000205
West Asia,Golf Balls,Standard Class,4,ON_HOLD,2,32.97999954,16.550000189
West Asia,Golf Balls,Standard Class,4,PENDING,2,29.97999954,4.5
West Asia,Golf Balls,Standard Class,4,PENDING_PAYMENT,3,44.969999310000006,15.2900002
West Asia,Golf Balls,Standard Class,4,PROCESSING,2,34.97999954,21.589999675
West Asia,Golf Balls,Standard Class,4,SUSPECTED_FRAUD,1,14.98999977,8.989999771
West Asia,Golf Gloves,First Class,1,PENDING_PAYMENT,1,9.989999771,2.5
West Asia,Golf Gloves,First Class,1,PROCESSING,1,9.989999771,5.989999771
West Asia,Golf Gloves,First Class,1,SUSPECTED_FRAUD,1,39.99000168,8.0
West Asia,Golf Gloves,Same Day,0,COMPLETE,1,9.989999771,0.400000006
West Asia,Golf Gloves,Second Class,2,CLOSED,1,39.99000168,6.400000095
West Asia,Golf Gloves,Second Class,2,COMPLETE,3,119.97000504,25.199999809
West Asia,Golf Gloves,Second Class,2,PENDING,1,9.989999771,0.600000024
West Asia,Golf Gloves,Second Class,2,PENDING_PAYMENT,1,39.99000168,8.0
West Asia,Golf Gloves,Second Class,2,PROCESSING,3,89.970003131,43.190001728
West Asia,Golf Gloves,Standard Class,4,CANCELED,2,34.979999541,4.349999905
West Asia,Golf Gloves,Standard Class,4,CLOSED,1,39.99000168,4.800000191
West Asia,Golf Gloves,Standard Class,4,COMPLETE,13,264.87000083600003,94.789998959
West Asia,Golf Gloves,Standard Class,4,ON_HOLD,4,129.960004811,43.49000168
West Asia,Golf Gloves,Standard Class,4,PENDING,1,39.99000168,49.99000168
West Asia,Golf Gloves,Standard Class,4,PENDING_PAYMENT,4,114.960002901,62.280001403
West Asia,Golf Gloves,Standard Class,4,PROCESSING,1,9.989999771,1.600000024
West Asia,Golf Shoes,First Class,1,COMPLETE,1,65.0,9.75
West Asia,Golf Shoes,Second Class,2,ON_HOLD,1,65.0,15.60000038
West Asia,Golf Shoes,Second Class,2,PENDING,1,65.0,22.10000038
West Asia,Golf Shoes,Second Class,2,PENDING_PAYMENT,1,65.0,2.599999905
West Asia,Golf Shoes,Standard Class,4,CLOSED,2,130.0,32.5
West Asia,Golf Shoes,Standard Class,4,COMPLETE,2,130.0,35.100001578
West Asia,Golf Shoes,Standard Class,4,PENDING,1,65.0,13.0
West Asia,Golf Shoes,Standard Class,4,PENDING_PAYMENT,2,130.0,22.75
West Asia,Golf Shoes,Standard Class,4,PROCESSING,2,130.0,22.099999905
West Asia,Hockey,First Class,1,COMPLETE,1,25.0,1.0
West Asia,Hockey,First Class,1,PENDING_PAYMENT,2,44.0,5.060000121
West Asia,Hockey,Same Day,0,COMPLETE,2,50.0,11.25
West Asia,Hockey,Same Day,0,PROCESSING,1,22.0,7.920000076
West Asia,Hockey,Second Class,2,COMPLETE,1,22.0,5.5
West Asia,Hockey,Second Class,2,ON_HOLD,2,47.0,20.800000191
West Asia,Hockey,Second Class,2,PENDING,1,22.0,7.920000076
West Asia,Hockey,Second Class,2,PENDING_PAYMENT,1,25.0,6.5
West Asia,Hockey,Second Class,2,PROCESSING,1,25.0,5.5
West Asia,Hockey,Standard Class,4,CANCELED,2,44.0,30.58000087
West Asia,Hockey,Standard Class,4,CLOSED,1,25.0,5.25
West Asia,Hockey,Standard Class,4,COMPLETE,6,141.0,54.399999857
West Asia,Hockey,Standard Class,4,ON_HOLD,1,22.0,0.0
West Asia,Hockey,Standard Class,4,PENDING,2,44.0,8.800000190999999
West Asia,Hockey,Standard Class,4,PENDING_PAYMENT,4,94.0,38.960000038
West Asia,Hockey,Standard Class,4,PROCESSING,2,47.0,5.390000105
West Asia,Hunting & Shooting,First Class,1,COMPLETE,1,29.98999977,3.900000095
West Asia,Hunting & Shooting,First Class,1,PENDING_PAYMENT,1,29.98999977,0.300000012
West Asia,Hunting & Shooting,Same Day,0,ON_HOLD,1,29.98999977,0.899999976
West Asia,Hunting & Shooting,Second Class,2,COMPLETE,1,29.98999977,6.599999905
West Asia,Hunting & Shooting,Second Class,2,PENDING_PAYMENT,1,29.98999977,19.48999977
West Asia,Hunting & Shooting,Standard Class,4,CLOSED,1,29.98999977,23.98999977
West Asia,Hunting & Shooting,Standard Class,4,COMPLETE,3,89.96999931,47.99000168
West Asia,Hunting & Shooting,Standard Class,4,PENDING_PAYMENT,2,59.97999954,3.899999857
West Asia,Indoor/Outdoor Games,First Class,1,CLOSED,3,149.93999862,44.47999954
West Asia,Indoor/Outdoor Games,First Class,1,COMPLETE,4,199.91999816,29.48999977
West Asia,Indoor/Outdoor Games,First Class,1,ON_HOLD,3,149.93999862,78.21999931
West Asia,Indoor/Outdoor Games,First Class,1,PENDING,1,49.97999954,19.98999977
West Asia,Indoor/Outdoor Games,First Class,1,PROCESSING,2,99.95999908,5.5
West Asia,Indoor/Outdoor Games,First Class,1,SUSPECTED_FRAUD,1,49.97999954,4.5
West Asia,Indoor/Outdoor Games,Same Day,0,COMPLETE,1,49.97999954,39.97999954
West Asia,Indoor/Outdoor Games,Same Day,0,PAYMENT_REVIEW,1,49.97999954,1.5
West Asia,Indoor/Outdoor Games,Same Day,0,PENDING,1,49.97999954,1.0
West Asia,Indoor/Outdoor Games,Same Day,0,PROCESSING,1,49.97999954,14.98999977
West Asia,Indoor/Outdoor Games,Second Class,2,CLOSED,1,49.97999954,24.98999977
West Asia,Indoor/Outdoor Games,Second Class,2,COMPLETE,12,599.75999448,158.46000099
West Asia,Indoor/Outdoor Games,Second Class,2,ON_HOLD,1,49.97999954,22.48999977
West Asia,Indoor/Outdoor Games,Second Class,2,PENDING,5,249.8999977,74.46999931
West Asia,Indoor/Outdoor Games,Second Class,2,PENDING_PAYMENT,8,399.83999632,152.45000076
West Asia,Indoor/Outdoor Games,Second Class,2,PROCESSING,3,149.93999862,70.96999931
West Asia,Indoor/Outdoor Games,Second Class,2,SUSPECTED_FRAUD,2,99.95999908,32.48999977
West Asia,Indoor/Outdoor Games,Standard Class,4,CLOSED,3,149.93999862,41.97999954
West Asia,Indoor/Outdoor Games,Standard Class,4,COMPLETE,20,999.5999908,160.94999885
West Asia,Indoor/Outdoor Games,Standard Class,4,ON_HOLD,6,299.87999724,98.44999885
West Asia,Indoor/Outdoor Games,Standard Class,4,PAYMENT_REVIEW,1,49.97999954,8.25
West Asia,Indoor/Outdoor Games,Standard Class,4,PENDING,7,349.85999678,66.47999954
West Asia,Indoor/Outdoor Games,Standard Class,4,PENDING_PAYMENT,17,849.65999218,195.43999862
West Asia,Indoor/Outdoor Games,Standard Class,4,PROCESSING,6,299.87999724,129.96000099
West Asia,Indoor/Outdoor Games,Standard Class,4,SUSPECTED_FRAUD,1,49.97999954,1.5
West Asia,Lacrosse,First Class,1,PENDING_PAYMENT,2,49.97999954,17.98999977
West Asia,Lacrosse,Second Class,2,COMPLETE,1,24.98999977,0.75
West Asia,Lacrosse,Standard Class,4,COMPLETE,1,24.98999977,4.119999886
West Asia,Lacrosse,Standard Class,4,PENDING_PAYMENT,1,24.98999977,0.0
West Asia,Men's Footwear,First Class,1,CLOSED,10,1299.900055,149.499998576
West Asia,Men's Footwear,First Class,1,COMPLETE,28,3639.720154,352.95000052
West Asia,Men's Footwear,First Class,1,ON_HOLD,12,1559.880066,145.599999904
West Asia,Men's Footwear,First Class,1,PAYMENT_REVIEW,1,129.9900055,7.150000095
West Asia,Men's Footwear,First Class,1,PENDING,7,909.9300385,36.399999857
West Asia,Men's Footwear,First Class,1,PENDING_PAYMENT,21,2729.7901155,399.099998242
West Asia,Men's Footwear,First Class,1,PROCESSING,11,1429.8900605,128.049999715
West Asia,Men's Footwear,First Class,1,SUSPECTED_FRAUD,2,259.980011,16.89999962
West Asia,Men's Footwear,Same Day,0,CLOSED,2,259.980011,28.60000038
West Asia,Men's Footwear,Same Day,0,COMPLETE,12,1559.880066,162.499998813
West Asia,Men's Footwear,Same Day,0,ON_HOLD,1,129.9900055,19.5
West Asia,Men's Footwear,Same Day,0,PENDING,1,129.9900055,0.0
West Asia,Men's Footwear,Same Day,0,PENDING_PAYMENT,1,129.9900055,5.199999809
West Asia,Men's Footwear,Second Class,2,CANCELED,1,129.9900055,16.89999962
West Asia,Men's Footwear,Second Class,2,CLOSED,5,649.9500275,81.24999952499999
West Asia,Men's Footwear,Second Class,2,COMPLETE,65,8449.3503575,852.14999914
West Asia,Men's Footwear,Second Class,2,ON_HOLD,15,1949.8500825,150.799999952
West Asia,Men's Footwear,Second Class,2,PENDING,2,259.980011,19.499999525
West Asia,Men's Footwear,Second Class,2,PENDING_PAYMENT,25,3249.7501375,418.599998007
West Asia,Men's Footwear,Second Class,2,PROCESSING,4,519.960022,80.60000038
West Asia,Men's Footwear,Standard Class,4,CANCELED,4,519.960022,46.799999715
West Asia,Men's Footwear,Standard Class,4,CLOSED,37,4809.6302035,539.4999942979999
West Asia,Men's Footwear,Standard Class,4,COMPLETE,141,18328.5907755,1786.199996953
West Asia,Men's Footwear,Standard Class,4,ON_HOLD,18,2339.820099,308.09999966600003
West Asia,Men's Footwear,Standard Class,4,PAYMENT_REVIEW,3,389.9700165,22.099999667
West Asia,Men's Footwear,Standard Class,4,PENDING,14,1819.860077,220.999999999
West Asia,Men's Footwear,Standard Class,4,PENDING_PAYMENT,66,8579.340363,878.1499989069999
West Asia,Men's Footwear,Standard Class,4,PROCESSING,5,649.9500275,48.749999762
West Asia,Men's Footwear,Standard Class,4,SUSPECTED_FRAUD,3,389.9700165,36.400000096
West Asia,Shop By Sport,First Class,1,CLOSED,3,119.97000504,52.989999295
West Asia,Shop By Sport,First Class,1,COMPLETE,11,439.89001848,124.980002402
West Asia,Shop By Sport,First Class,1,ON_HOLD,3,109.98000336,21.200000286
West Asia,Shop By Sport,First Class,1,PENDING,2,79.98000336,2.0000000300000003
West Asia,Shop By Sport,First Class,1,PENDING_PAYMENT,10,399.9000168,99.390001894
West Asia,Shop By Sport,First Class,1,PROCESSING,8,309.93001176,74.789999484
West Asia,Shop By Sport,Same Day,0,CLOSED,3,119.97000504,8.000000239
West Asia,Shop By Sport,Same Day,0,COMPLETE,4,159.96000672,34.0
West Asia,Shop By Sport,Same Day,0,PENDING,1,39.99000168,11.19999981
West Asia,Shop By Sport,Same Day,0,PROCESSING,1,39.99000168,10.39999962
West Asia,Shop By Sport,Second Class,2,CLOSED,2,79.98000336,37.98999977
West Asia,Shop By Sport,Second Class,2,COMPLETE,28,1119.72004704,334.530002362
West Asia,Shop By Sport,Second Class,2,ON_HOLD,9,349.92001344,99.989999533
West Asia,Shop By Sport,Second Class,2,PENDING,1,39.99000168,39.99000168
West Asia,Shop By Sport,Second Class,2,PENDING_PAYMENT,13,509.88002016,184.780002443
West Asia,Shop By Sport,Second Class,2,PROCESSING,3,119.97000504,17.599999904
West Asia,Shop By Sport,Standard Class,4,CANCELED,2,69.99000168,14.400000095
West Asia,Shop By Sport,Standard Class,4,CLOSED,23,919.77003864,148.580000311
West Asia,Shop By Sport,Standard Class,4,COMPLETE,48,1899.54007728,577.310008974
West Asia,Shop By Sport,Standard Class,4,ON_HOLD,5,199.9500084,61.990000245
West Asia,Shop By Sport,Standard Class,4,PAYMENT_REVIEW,1,39.99000168,25.98999977
West Asia,Shop By Sport,Standard Class,4,PENDING,6,229.9500084,120.46999931
West Asia,Shop By Sport,Standard Class,4,PENDING_PAYMENT,22,879.78003696,187.969998837
West Asia,Shop By Sport,Standard Class,4,PROCESSING,6,229.9500084,49.590000625
West Asia,Shop By Sport,Standard Class,4,SUSPECTED_FRAUD,4,159.96000672,93.980003598
West Asia,Tennis & Racquet,First Class,1,PAYMENT_REVIEW,1,44.99000168,1.799999952
West Asia,Tennis & Racquet,First Class,1,PENDING_PAYMENT,1,44.99000168,4.949999809
West Asia,Tennis & Racquet,First Class,1,SUSPECTED_FRAUD,1,44.99000168,18.0
West Asia,Tennis & Racquet,Second Class,2,CLOSED,1,44.99000168,9.0
West Asia,Tennis & Racquet,Second Class,2,COMPLETE,1,44.99000168,9.899999619
West Asia,Tennis & Racquet,Standard Class,4,CLOSED,2,89.98000336,25.650000095
West Asia,Tennis & Racquet,Standard Class,4,COMPLETE,1,44.99000168,11.69999981
West Asia,Tennis & Racquet,Standard Class,4,PENDING,1,44.99000168,22.5
West Asia,Trade-In,First Class,1,CLOSED,1,15.98999977,4.320000172
West Asia,Trade-In,First Class,1,COMPLETE,2,31.97999954,2.24000001
West Asia,Trade-In,First Class,1,PENDING_PAYMENT,2,31.97999954,4.319999993
West Asia,Trade-In,Same Day,0,COMPLETE,1,21.98999977,4.840000153
West Asia,Trade-In,Second Class,2,COMPLETE,5,85.94999885,17.400000214
West Asia,Trade-In,Second Class,2,PENDING_PAYMENT,3,47.969999310000006,2.0800000130000003
West Asia,Trade-In,Standard Class,4,CANCELED,1,15.98999977,1.919999957
West Asia,Trade-In,Standard Class,4,CLOSED,1,15.98999977,5.119999886
West Asia,Trade-In,Standard Class,4,COMPLETE,8,139.91999816,48.380000467
West Asia,Trade-In,Standard Class,4,PENDING,4,69.95999908,12.560000419
West Asia,Trade-In,Standard Class,4,PENDING_PAYMENT,1,15.98999977,1.919999957
West Asia,Trade-In,Standard Class,4,PROCESSING,3,65.96999931,32.329999684
West Asia,Trade-In,Standard Class,4,SUSPECTED_FRAUD,1,21.98999977,3.960000038
West Asia,Water Sports,First Class,1,CANCELED,1,199.9900055,6.0
West Asia,Water Sports,First Class,1,CLOSED,11,2199.8900605,269.0
West Asia,Water Sports,First Class,1,COMPLETE,28,5599.720154,704.0
West Asia,Water Sports,First Class,1,ON_HOLD,5,999.9500275,104.0
West Asia,Water Sports,First Class,1,PENDING,8,1599.920044,194.0
West Asia,Water Sports,First Class,1,PENDING_PAYMENT,28,5599.720154,619.0
West Asia,Water Sports,First Class,1,PROCESSING,15,2999.8500825,346.0
West Asia,Water Sports,First Class,1,SUSPECTED_FRAUD,1,199.9900055,8.0
West Asia,Water Sports,Same Day,0,CLOSED,3,599.9700164999999,42.0
West Asia,Water Sports,Same Day,0,COMPLETE,11,2199.8900605,222.0
West Asia,Water Sports,Same Day,0,PENDING,2,399.980011,44.0
West Asia,Water Sports,Same Day,0,PENDING_PAYMENT,3,599.9700164999999,76.0
West Asia,Water Sports,Same Day,0,PROCESSING,1,199.9900055,6.0
West Asia,Water Sports,Second Class,2,CANCELED,3,599.9700164999999,96.0
West Asia,Water Sports,Second Class,2,CLOSED,9,1799.9100495,140.0
West Asia,Water Sports,Second Class,2,COMPLETE,32,6399.680176,829.0
West Asia,Water Sports,Second Class,2,ON_HOLD,4,799.960022,102.0
West Asia,Water Sports,Second Class,2,PAYMENT_REVIEW,4,799.960022,53.0
West Asia,Water Sports,Second Class,2,PENDING,12,2399.880066,160.0
West Asia,Water Sports,Second Class,2,PENDING_PAYMENT,26,5199.740143,551.0
West Asia,Water Sports,Second Class,2,PROCESSING,12,2399.880066,274.0
West Asia,Water Sports,Second Class,2,SUSPECTED_FRAUD,2,399.980011,70.0
West Asia,Water Sports,Standard Class,4,CANCELED,3,599.9700164999999,68.0
West Asia,Water Sports,Standard Class,4,CLOSED,30,5999.700165,610.0
West Asia,Water Sports,Standard Class,4,COMPLETE,99,19799.0105445,2125.0
West Asia,Water Sports,Standard Class,4,ON_HOLD,23,4599.7701265,572.0
West Asia,Water Sports,Standard Class,4,PAYMENT_REVIEW,5,999.9500275,97.0
West Asia,Water Sports,Standard Class,4,PENDING,40,7999.60022,1014.0
West Asia,Water Sports,Standard Class,4,PENDING_PAYMENT,60,11999.40033,1283.0
West Asia,Water Sports,Standard Class,4,PROCESSING,43,8599.5702365,975.0
West Asia,Water Sports,Standard Class,4,SUSPECTED_FRAUD,9,1799.9100495,176.0
West Asia,Women's Apparel,First Class,1,CLOSED,13,650.0,177.5
West Asia,Women's Apparel,First Class,1,COMPLETE,35,1750.0,484.5
West Asia,Women's Apparel,First Class,1,ON_HOLD,11,550.0,95.25
West Asia,Women's Apparel,First Class,1,PENDING,4,200.0,83.5
West Asia,Women's Apparel,First Class,1,PENDING_PAYMENT,32,1600.0,448.25
West Asia,Women's Apparel,First Class,1,PROCESSING,7,350.0,137.5
West Asia,Women's Apparel,Same Day,0,CLOSED,3,150.0,3.0
West Asia,Women's Apparel,Same Day,0,COMPLETE,11,550.0,150.0
West Asia,Women's Apparel,Same Day,0,ON_HOLD,1,50.0,17.5
West Asia,Women's Apparel,Same Day,0,PENDING,1,50.0,1.0
West Asia,Women's Apparel,Same Day,0,PENDING_PAYMENT,4,200.0,46.5
West Asia,Women's Apparel,Same Day,0,PROCESSING,2,100.0,22.0
West Asia,Women's Apparel,Second Class,2,CLOSED,6,300.0,122.0
West Asia,Women's Apparel,Second Class,2,COMPLETE,43,2150.0,687.0
West Asia,Women's Apparel,Second Class,2,ON_HOLD,10,500.0,158.0
West Asia,Women's Apparel,Second Class,2,PAYMENT_REVIEW,3,150.0,92.5
West Asia,Women's Apparel,Second Class,2,PENDING,3,150.0,67.5
West Asia,Women's Apparel,Second Class,2,PENDING_PAYMENT,23,1150.0,352.25
West Asia,Women's Apparel,Second Class,2,PROCESSING,4,200.0,28.0
West Asia,Women's Apparel,Standard Class,4,CANCELED,6,300.0,149.5
West Asia,Women's Apparel,Standard Class,4,CLOSED,32,1600.0,530.5
West Asia,Women's Apparel,Standard Class,4,COMPLETE,89,4450.0,1481.25
West Asia,Women's Apparel,Standard Class,4,ON_HOLD,23,1150.0,307.5
West Asia,Women's Apparel,Standard Class,4,PAYMENT_REVIEW,4,200.0,27.5
West Asia,Women's Apparel,Standard Class,4,PENDING,20,1000.0,393.0
West Asia,Women's Apparel,Standard Class,4,PENDING_PAYMENT,47,2350.0,679.25
West Asia,Women's Apparel,Standard Class,4,PROCESSING,14,700.0,307.0
West Asia,Women's Apparel,Standard Class,4,SUSPECTED_FRAUD,3,150.0,44.0
West of USA ,Accessories,First Class,1,CLOSED,2,49.97999954,14.23999977
West of USA ,Accessories,First Class,1,COMPLETE,1,24.98999977,12.98999977
West of USA ,Accessories,First Class,1,ON_HOLD,1,24.98999977,3.0
West of USA ,Accessories,First Class,1,PENDING_PAYMENT,2,49.97999954,23.98999977
West of USA ,Accessories,First Class,1,PROCESSING,1,24.98999977,7.5
West of USA ,Accessories,Same Day,0,PAYMENT_REVIEW,1,24.98999977,24.98999977
West of USA ,Accessories,Second Class,2,COMPLETE,5,124.94999885,38.23999977
West of USA ,Accessories,Second Class,2,ON_HOLD,2,49.97999954,9.25
West of USA ,Accessories,Second Class,2,PENDING,1,24.98999977,8.75
West of USA ,Accessories,Second Class,2,PENDING_PAYMENT,4,99.95999908,32.48999977
West of USA ,Accessories,Standard Class,4,COMPLETE,18,449.81999586,88.97999954
West of USA ,Accessories,Standard Class,4,ON_HOLD,2,49.97999954,13.75
West of USA ,Accessories,Standard Class,4,PENDING,4,99.95999908,71.71999931
West of USA ,Accessories,Standard Class,4,PENDING_PAYMENT,6,149.93999862,49.23999977
West of USA ,Accessories,Standard Class,4,PROCESSING,3,74.96999931,68.22999954
West of USA ,Accessories,Standard Class,4,SUSPECTED_FRAUD,2,49.97999954,19.23999977
West of USA ,Baseball & Softball,First Class,1,COMPLETE,2,69.98000336,16.800000189000002
West of USA ,Baseball & Softball,First Class,1,PENDING_PAYMENT,2,119.98000336,33.0
West of USA ,Baseball & Softball,Second Class,2,CLOSED,1,34.99000168,10.5
West of USA ,Baseball & Softball,Second Class,2,COMPLETE,2,94.98000336,5.399999857
West of USA ,Baseball & Softball,Second Class,2,PENDING,1,34.99000168,1.399999976
West of USA ,Baseball & Softball,Standard Class,4,CLOSED,1,59.99000168,53.99000168
West of USA ,Baseball & Softball,Standard Class,4,COMPLETE,6,284.94001008,28.699999987
West of USA ,Baseball & Softball,Standard Class,4,PENDING_PAYMENT,3,154.97000504,32.19999981
West of USA ,Boxing & MMA,First Class,1,PENDING_PAYMENT,1,54.97000122,27.48999977
West of USA ,Boxing & MMA,Same Day,0,ON_HOLD,1,54.97000122,6.599999905
West of USA ,Boxing & MMA,Second Class,2,COMPLETE,2,109.94000244,30.789999722
West of USA ,Boxing & MMA,Second Class,2,PENDING_PAYMENT,2,109.94000244,29.680001263
West of USA ,Boxing & MMA,Standard Class,4,COMPLETE,2,109.94000244,55.520000460000006
West of USA ,Camping & Hiking,First Class,1,CANCELED,2,599.960022,84.0
West of USA ,Camping & Hiking,First Class,1,CLOSED,10,2999.80011,468.0
West of USA ,Camping & Hiking,First Class,1,COMPLETE,20,5999.60022,678.0
West of USA ,Camping & Hiking,First Class,1,ON_HOLD,7,2099.860077,244.5
West of USA ,Camping & Hiking,First Class,1,PENDING,3,899.940033,54.0
West of USA ,Camping & Hiking,First Class,1,PENDING_PAYMENT,12,3599.760132,459.0
West of USA ,Camping & Hiking,First Class,1,PROCESSING,3,899.940033,42.0
West of USA ,Camping & Hiking,Same Day,0,CLOSED,2,599.960022,111.0
West of USA ,Camping & Hiking,Same Day,0,COMPLETE,13,3899.740143,399.0
West of USA ,Camping & Hiking,Same Day,0,PENDING,1,299.980011,36.0
West of USA ,Camping & Hiking,Same Day,0,PENDING_PAYMENT,2,599.960022,42.0
West of USA ,Camping & Hiking,Same Day,0,PROCESSING,2,599.960022,39.0
West of USA ,Camping & Hiking,Second Class,2,CLOSED,4,1199.920044,54.0
West of USA ,Camping & Hiking,Second Class,2,COMPLETE,39,11699.220429,1141.5
West of USA ,Camping & Hiking,Second Class,2,ON_HOLD,7,2099.860077,90.0
West of USA ,Camping & Hiking,Second Class,2,PENDING,5,1499.900055,129.0
West of USA ,Camping & Hiking,Second Class,2,PENDING_PAYMENT,16,4799.680176,432.0
West of USA ,Camping & Hiking,Second Class,2,PROCESSING,2,599.960022,12.0
West of USA ,Camping & Hiking,Second Class,2,SUSPECTED_FRAUD,1,299.980011,36.0
West of USA ,Camping & Hiking,Standard Class,4,CANCELED,1,299.980011,3.0
West of USA ,Camping & Hiking,Standard Class,4,CLOSED,35,10499.300385,1096.5
West of USA ,Camping & Hiking,Standard Class,4,COMPLETE,94,28198.121034,2868.0
West of USA ,Camping & Hiking,Standard Class,4,ON_HOLD,23,6899.540253,571.5
West of USA ,Camping & Hiking,Standard Class,4,PAYMENT_REVIEW,2,599.960022,66.0
West of USA ,Camping & Hiking,Standard Class,4,PENDING,10,2999.80011,249.0
West of USA ,Camping & Hiking,Standard Class,4,PENDING_PAYMENT,65,19498.700715,2200.5
West of USA ,Camping & Hiking,Standard Class,4,PROCESSING,15,4499.700165,468.0
West of USA ,Cardio Equipment,First Class,1,CANCELED,1,99.98999786,21.0
West of USA ,Cardio Equipment,First Class,1,CLOSED,3,299.96999358,14.0
West of USA ,Cardio Equipment,First Class,1,COMPLETE,17,1629.83996576,442.47000504
West of USA ,Cardio Equipment,First Class,1,ON_HOLD,2,199.97999572,74.98999786
West of USA ,Cardio Equipment,First Class,1,PENDING,6,599.93998716,169.97999954
West of USA ,Cardio Equipment,First Class,1,PENDING_PAYMENT,13,1229.87997432,543.349997035
West of USA ,Cardio Equipment,First Class,1,PROCESSING,4,329.96999358,109.48999786
West of USA ,Cardio Equipment,Same Day,0,CLOSED,3,299.96999358,47.5
West of USA ,Cardio Equipment,Same Day,0,COMPLETE,1,99.98999786,124.9899979
West of USA ,Cardio Equipment,Same Day,0,ON_HOLD,1,99.98999786,50.0
West of USA ,Cardio Equipment,Same Day,0,PENDING_PAYMENT,2,199.97999572,40.0
West of USA ,Cardio Equipment,Same Day,0,PROCESSING,1,99.98999786,13.0
West of USA ,Cardio Equipment,Second Class,2,CLOSED,9,899.90998074,340.97999954
West of USA ,Cardio Equipment,Second Class,2,COMPLETE,31,3029.6999358000003,764.570001125
West of USA ,Cardio Equipment,Second Class,2,ON_HOLD,6,599.93998716,217.97999954
West of USA ,Cardio Equipment,Second Class,2,PENDING,5,429.95999144,147.78999781200002
West of USA ,Cardio Equipment,Second Class,2,PENDING_PAYMENT,11,1099.88997646,403.96999362
West of USA ,Cardio Equipment,Second Class,2,PROCESSING,3,299.96999358,77.99000168
West of USA ,Cardio Equipment,Standard Class,4,CANCELED,5,429.95999144,166.98999786000002
West of USA ,Cardio Equipment,Standard Class,4,CLOSED,28,2799.71994008,637.4600029
West of USA ,Cardio Equipment,Standard Class,4,COMPLETE,89,8689.13981596,3099.369966876
West of USA ,Cardio Equipment,Standard Class,4,ON_HOLD,19,1899.80995934,620.95000076
West of USA ,Cardio Equipment,Standard Class,4,PENDING,23,2299.7699507800003,785.4300003
West of USA ,Cardio Equipment,Standard Class,4,PENDING_PAYMENT,29,2899.70993794,648.97000122
West of USA ,Cardio Equipment,Standard Class,4,PROCESSING,14,1399.85997004,501.97999572
West of USA ,Cardio Equipment,Standard Class,4,SUSPECTED_FRAUD,9,899.90998074,430.96999362
West of USA ,Cleats,First Class,1,CANCELED,1,59.99000168,6.0
West of USA ,Cleats,First Class,1,CLOSED,12,719.88002016,247.48000336
West of USA ,Cleats,First Class,1,COMPLETE,34,2039.66005712,558.220014935
West of USA ,Cleats,First Class,1,ON_HOLD,6,359.94001008,100.189997432
West of USA ,Cleats,First Class,1,PAYMENT_REVIEW,3,179.97000504,51.590001823
West of USA ,Cleats,First Class,1,PENDING,7,419.93001176,91.790000912
West of USA ,Cleats,First Class,1,PENDING_PAYMENT,19,1139.81003192,233.090000395
West of USA ,Cleats,First Class,1,PROCESSING,8,479.92001344,105.590001584
West of USA ,Cleats,Same Day,0,CLOSED,2,119.98000336,22.80000019
West of USA ,Cleats,Same Day,0,COMPLETE,17,1019.83002856,291.860003941
West of USA ,Cleats,Same Day,0,PENDING,1,59.99000168,10.80000019
West of USA ,Cleats,Same Day,0,PENDING_PAYMENT,3,179.97000504,43.190001727
West of USA ,Cleats,Same Day,0,PROCESSING,2,119.98000336,12.0
West of USA ,Cleats,Same Day,0,SUSPECTED_FRAUD,1,59.99000168,21.0
West of USA ,Cleats,Second Class,2,CLOSED,21,1259.79003528,551.310009258
West of USA ,Cleats,Second Class,2,COMPLETE,78,4679.22013104,1452.41002333
West of USA ,Cleats,Second Class,2,ON_HOLD,17,1019.83002856,216.290001631
West of USA ,Cleats,Second Class,2,PAYMENT_REVIEW,3,179.97000504,110.38000298
West of USA ,Cleats,Second Class,2,PENDING,5,299.9500084,56.400000095
West of USA ,Cleats,Second Class,2,PENDING_PAYMENT,33,1979.67005544,583.110009437
West of USA ,Cleats,Second Class,2,PROCESSING,12,719.88002016,199.789999969
West of USA ,Cleats,Standard Class,4,CANCELED,9,539.91001512,131.98000324
West of USA ,Cleats,Standard Class,4,CLOSED,79,4739.21013272,1346.570012568
West of USA ,Cleats,Standard Class,4,COMPLETE,139,8338.61023352,2388.360019206
West of USA ,Cleats,Standard Class,4,ON_HOLD,21,1259.79003528,450.240002758
West of USA ,Cleats,Standard Class,4,PAYMENT_REVIEW,2,119.98000336,47.39999962
West of USA ,Cleats,Standard Class,4,PENDING,34,2039.66005712,796.08001615
West of USA ,Cleats,Standard Class,4,PENDING_PAYMENT,72,4319.28012096,1220.860018865
West of USA ,Cleats,Standard Class,4,PROCESSING,35,2099.6500588,784.67000877
West of USA ,Cleats,Standard Class,4,SUSPECTED_FRAUD,12,719.88002016,347.94000817
West of USA ,Electronics,First Class,1,CANCELED,1,31.98999977,19.19000053
West of USA ,Electronics,First Class,1,CLOSED,2,63.97999954,13.28000021
West of USA ,Electronics,First Class,1,COMPLETE,4,159.9600029,60.150001045
West of USA ,Electronics,First Class,1,ON_HOLD,2,63.97999954,19.199999574
West of USA ,Electronics,First Class,1,PAYMENT_REVIEW,1,51.99000168,0.0
West of USA ,Electronics,First Class,1,PENDING_PAYMENT,7,263.93000221,94.850001642
West of USA ,Electronics,First Class,1,PROCESSING,2,59.97999954,29.909999727
West of USA ,Electronics,Same Day,0,CLOSED,1,31.98999977,1.279999971
West of USA ,Electronics,Same Day,0,COMPLETE,7,279.93000412,91.589999195
West of USA ,Electronics,Same Day,0,PENDING,1,31.98999977,2.559999943
West of USA ,Electronics,Same Day,0,PENDING_PAYMENT,1,51.99000168,17.68000031
West of USA ,Electronics,Same Day,0,PROCESSING,1,51.99000168,26.51000023
West of USA ,Electronics,Second Class,2,CLOSED,4,143.96000099,25.870000843
West of USA ,Electronics,Second Class,2,COMPLETE,11,419.89000511,98.219998602
West of USA ,Electronics,Second Class,2,ON_HOLD,1,27.98999977,14.55000019
West of USA ,Electronics,Second Class,2,PENDING_PAYMENT,5,168.95000076,39.130001251
West of USA ,Electronics,Second Class,2,PROCESSING,1,31.98999977,19.19000053
West of USA ,Electronics,Standard Class,4,CANCELED,2,63.97999954,26.230000136
West of USA ,Electronics,Standard Class,4,CLOSED,4,172.96000481,57.960001944000005
West of USA ,Electronics,Standard Class,4,COMPLETE,21,909.79002191,330.599996546
West of USA ,Electronics,Standard Class,4,ON_HOLD,1,31.98999977,23.98999977
West of USA ,Electronics,Standard Class,4,PENDING,3,135.97000313,29.189999579
West of USA ,Electronics,Standard Class,4,PENDING_PAYMENT,10,399.90000534,158.899998647
West of USA ,Electronics,Standard Class,4,PROCESSING,3,144.97000504,18.909999849
West of USA ,Electronics,Standard Class,4,SUSPECTED_FRAUD,4,167.9600029,82.21000098100001
West of USA ,Fitness Accessories,Second Class,2,PROCESSING,1,34.99000168,2.099999905
West of USA ,Fitness Accessories,Standard Class,4,COMPLETE,2,69.98000336,6.469999969
West of USA ,Fitness Accessories,Standard Class,4,PENDING,2,69.98000336,53.88000107
West of USA ,Fitness Accessories,Standard Class,4,PENDING_PAYMENT,1,34.99000168,3.5
West of USA ,Girls' Apparel,First Class,1,COMPLETE,2,100.0,24.599999905
West of USA ,Girls' Apparel,First Class,1,ON_HOLD,1,30.0,1.200000048
West of USA ,Girls' Apparel,First Class,1,PROCESSING,1,30.0,1.799999952
West of USA ,Girls' Apparel,First Class,1,SUSPECTED_FRAUD,1,30.0,2.400000095
West of USA ,Girls' Apparel,Same Day,0,COMPLETE,1,70.0,9.800000191
West of USA ,Girls' Apparel,Same Day,0,PENDING_PAYMENT,3,80.0,19.75
West of USA ,Girls' Apparel,Same Day,0,PROCESSING,2,55.0,17.450000048
West of USA ,Girls' Apparel,Second Class,2,COMPLETE,3,134.99000168,40.399999619
West of USA ,Girls' Apparel,Second Class,2,ON_HOLD,1,25.0,17.0
West of USA ,Girls' Apparel,Second Class,2,PENDING_PAYMENT,1,70.0,14.0
West of USA ,Girls' Apparel,Standard Class,4,CLOSED,6,189.98000336,36.050000191
West of USA ,Girls' Apparel,Standard Class,4,COMPLETE,14,554.93001176,154.980000728
West of USA ,Girls' Apparel,Standard Class,4,ON_HOLD,1,25.0,25.0
West of USA ,Girls' Apparel,Standard Class,4,PROCESSING,2,55.0,9.0
West of USA ,Girls' Apparel,Standard Class,4,SUSPECTED_FRAUD,3,134.99000168,106.25
West of USA ,Golf Apparel,First Class,1,PENDING,1,19.98999977,2.0
West of USA ,Golf Apparel,First Class,1,PENDING_PAYMENT,1,19.98999977,4.800000191
West of USA ,Golf Apparel,Second Class,2,CLOSED,1,19.98999977,17.98999977
West of USA ,Golf Apparel,Second Class,2,COMPLETE,3,59.969999310000006,30.77999973
West of USA ,Golf Apparel,Standard Class,4,CLOSED,3,59.969999310000006,27.889999865
West of USA ,Golf Apparel,Standard Class,4,COMPLETE,2,39.97999954,1.400000051
West of USA ,Golf Apparel,Standard Class,4,ON_HOLD,1,19.98999977,24.98999977
West of USA ,Golf Apparel,Standard Class,4,PAYMENT_REVIEW,1,19.98999977,7.800000191
West of USA ,Golf Apparel,Standard Class,4,PROCESSING,2,39.97999954,15.18999958
West of USA ,Golf Balls,First Class,1,CLOSED,1,19.98999977,5.0
West of USA ,Golf Balls,First Class,1,COMPLETE,2,34.97999954,7.449999809
West of USA ,Golf Balls,First Class,1,ON_HOLD,1,19.98999977,3.200000048
West of USA ,Golf Balls,First Class,1,PENDING_PAYMENT,1,14.98999977,0.600000024
West of USA ,Golf Balls,First Class,1,PROCESSING,1,14.98999977,1.200000048
West of USA ,Golf Balls,Same Day,0,CLOSED,1,19.98999977,4.400000095
West of USA ,Golf Balls,Same Day,0,COMPLETE,1,14.98999977,6.0
West of USA ,Golf Balls,Second Class,2,CLOSED,2,29.97999954,23.97999954
West of USA ,Golf Balls,Second Class,2,COMPLETE,7,120.92999839,27.779999672
West of USA ,Golf Balls,Second Class,2,PROCESSING,1,19.98999977,0.800000012
West of USA ,Golf Balls,Standard Class,4,CLOSED,6,92.93999862,20.150000452
West of USA ,Golf Balls,Standard Class,4,COMPLETE,16,265.83999632,112.609999199
West of USA ,Golf Balls,Standard Class,4,ON_HOLD,2,29.97999954,2.549999952
West of USA ,Golf Balls,Standard Class,4,PENDING,2,32.97999954,20.690000055
West of USA ,Golf Balls,Standard Class,4,PENDING_PAYMENT,6,94.93999862,22.710000156
West of USA ,Golf Balls,Standard Class,4,PROCESSING,2,29.97999954,11.98999977
West of USA ,Golf Gloves,First Class,1,CLOSED,1,9.989999771,2.0
West of USA ,Golf Gloves,First Class,1,COMPLETE,3,104.97000313,29.950000048
West of USA ,Golf Gloves,First Class,1,PAYMENT_REVIEW,1,9.989999771,2.400000095
West of USA ,Golf Gloves,First Class,1,PENDING_PAYMENT,1,39.99000168,0.800000012
West of USA ,Golf Gloves,First Class,1,PROCESSING,1,9.989999771,0.400000006
West of USA ,Golf Gloves,Same Day,0,CLOSED,1,9.989999771,8.489999771
West of USA ,Golf Gloves,Same Day,0,COMPLETE,1,9.989999771,7.989999771
West of USA ,Golf Gloves,Same Day,0,PROCESSING,1,9.989999771,0.0
West of USA ,Golf Gloves,Second Class,2,CANCELED,1,39.99000168,14.39999962
West of USA ,Golf Gloves,Second Class,2,CLOSED,3,44.969999312,0.5
West of USA ,Golf Gloves,Second Class,2,COMPLETE,4,114.960002901,43.74000168
West of USA ,Golf Gloves,Second Class,2,PENDING,1,39.99000168,14.39999962
West of USA ,Golf Gloves,Second Class,2,PENDING_PAYMENT,1,9.989999771,9.989999771
West of USA ,Golf Gloves,Second Class,2,PROCESSING,2,34.979999541,9.25
West of USA ,Golf Gloves,Standard Class,4,CANCELED,1,9.989999771,3.0
West of USA ,Golf Gloves,Standard Class,4,CLOSED,2,49.97999954,2.0
West of USA ,Golf Gloves,Standard Class,4,COMPLETE,8,214.920003892,57.489999772
West of USA ,Golf Gloves,Standard Class,4,ON_HOLD,1,9.989999771,2.0
West of USA ,Golf Gloves,Standard Class,4,PENDING,4,114.96000099,31.25
West of USA ,Golf Gloves,Standard Class,4,PENDING_PAYMENT,7,204.930004121,63.579999564000005
West of USA ,Golf Gloves,Standard Class,4,PROCESSING,9,209.910001753,118.280000895
West of USA ,Golf Gloves,Standard Class,4,SUSPECTED_FRAUD,3,44.969999312,9.75
West of USA ,Golf Shoes,First Class,1,COMPLETE,3,195.0,24.69999981
West of USA ,Golf Shoes,Same Day,0,COMPLETE,1,65.0,1.299999952
West of USA ,Golf Shoes,Same Day,0,PAYMENT_REVIEW,1,65.0,2.599999905
West of USA ,Golf Shoes,Second Class,2,COMPLETE,1,65.0,13.0
West of USA ,Golf Shoes,Second Class,2,PENDING_PAYMENT,2,130.0,17.550000191
West of USA ,Golf Shoes,Second Class,2,PROCESSING,1,65.0,16.25
West of USA ,Golf Shoes,Standard Class,4,CLOSED,1,65.0,10.39999962
West of USA ,Golf Shoes,Standard Class,4,COMPLETE,1,65.0,55.25
West of USA ,Golf Shoes,Standard Class,4,ON_HOLD,1,65.0,3.900000095
West of USA ,Golf Shoes,Standard Class,4,PENDING,1,65.0,0.0
West of USA ,Golf Shoes,Standard Class,4,PENDING_PAYMENT,2,130.0,37.04999924
West of USA ,Golf Shoes,Standard Class,4,PROCESSING,1,65.0,29.25
West of USA ,Hockey,First Class,1,PENDING,1,22.0,2.859999895
West of USA ,Hockey,First Class,1,PENDING_PAYMENT,2,44.0,13.639999866
West of USA ,Hockey,Same Day,0,ON_HOLD,1,25.0,1.379999995
West of USA ,Hockey,Same Day,0,PAYMENT_REVIEW,1,25.0,0.5
West of USA ,Hockey,Same Day,0,PROCESSING,1,25.0,20.0
West of USA ,Hockey,Same Day,0,SUSPECTED_FRAUD,1,22.0,1.75999999
West of USA ,Hockey,Second Class,2,COMPLETE,2,47.0,40.0
West of USA ,Hockey,Second Class,2,PENDING,1,22.0,4.400000095
West of USA ,Hockey,Second Class,2,PENDING_PAYMENT,1,22.0,5.28000021
West of USA ,Hockey,Second Class,2,SUSPECTED_FRAUD,1,22.0,6.599999905
West of USA ,Hockey,Standard Class,4,CLOSED,6,144.0,30.050000071
West of USA ,Hockey,Standard Class,4,COMPLETE,4,91.0,14.580000042
West of USA ,Hockey,Standard Class,4,PENDING_PAYMENT,2,44.0,4.839999914
West of USA ,Hockey,Standard Class,4,PROCESSING,4,97.0,44.960000038
West of USA ,Hunting & Shooting,First Class,1,CLOSED,1,29.98999977,7.800000191
West of USA ,Hunting & Shooting,First Class,1,PENDING_PAYMENT,2,59.97999954,9.600000024
West of USA ,Hunting & Shooting,Same Day,0,CLOSED,1,29.98999977,1.200000048
West of USA ,Hunting & Shooting,Second Class,2,ON_HOLD,1,29.98999977,2.400000095
West of USA ,Hunting & Shooting,Standard Class,4,COMPLETE,2,59.97999954,12.600000381
West of USA ,Hunting & Shooting,Standard Class,4,PENDING_PAYMENT,1,29.98999977,7.5
West of USA ,Indoor/Outdoor Games,First Class,1,CANCELED,4,199.91999816,43.97999954
West of USA ,Indoor/Outdoor Games,First Class,1,CLOSED,12,599.75999448,190.94999885
West of USA ,Indoor/Outdoor Games,First Class,1,COMPLETE,44,2199.11997976,544.56000136
West of USA ,Indoor/Outdoor Games,First Class,1,ON_HOLD,7,349.85999678,59.48999977
West of USA ,Indoor/Outdoor Games,First Class,1,PAYMENT_REVIEW,1,49.97999954,49.97999954
West of USA ,Indoor/Outdoor Games,First Class,1,PENDING,10,499.7999954,243.66000175
West of USA ,Indoor/Outdoor Games,First Class,1,PENDING_PAYMENT,31,1549.37998574,510.80999754
West of USA ,Indoor/Outdoor Games,First Class,1,PROCESSING,10,499.7999954,101.19999885
West of USA ,Indoor/Outdoor Games,First Class,1,SUSPECTED_FRAUD,8,399.83999632,100.97999954
West of USA ,Indoor/Outdoor Games,Same Day,0,CLOSED,6,299.87999724,81.96999931
West of USA ,Indoor/Outdoor Games,Same Day,0,COMPLETE,19,949.61999126,299.88999938
West of USA ,Indoor/Outdoor Games,Same Day,0,ON_HOLD,1,49.97999954,2.0
West of USA ,Indoor/Outdoor Games,Same Day,0,PENDING,3,149.93999862,36.48999977
West of USA ,Indoor/Outdoor Games,Same Day,0,PENDING_PAYMENT,6,299.87999724,108.20999908
West of USA ,Indoor/Outdoor Games,Same Day,0,PROCESSING,4,199.91999816,50.47999954
West of USA ,Indoor/Outdoor Games,Second Class,2,CANCELED,2,99.95999908,14.5
West of USA ,Indoor/Outdoor Games,Second Class,2,CLOSED,11,549.77999494,221.90999984
West of USA ,Indoor/Outdoor Games,Second Class,2,COMPLETE,57,2848.85997378,996.659996
West of USA ,Indoor/Outdoor Games,Second Class,2,ON_HOLD,16,799.67999264,186.44000053
West of USA ,Indoor/Outdoor Games,Second Class,2,PAYMENT_REVIEW,4,199.91999816,46.719999310000006
West of USA ,Indoor/Outdoor Games,Second Class,2,PENDING,19,949.61999126,301.40000152
West of USA ,Indoor/Outdoor Games,Second Class,2,PENDING_PAYMENT,24,1199.51998896,281.42000007
West of USA ,Indoor/Outdoor Games,Second Class,2,PROCESSING,29,1449.41998666,578.7900009
West of USA ,Indoor/Outdoor Games,Second Class,2,SUSPECTED_FRAUD,3,149.93999862,31.48999977
West of USA ,Indoor/Outdoor Games,Standard Class,4,CANCELED,9,449.81999586,123.94999885
West of USA ,Indoor/Outdoor Games,Standard Class,4,CLOSED,58,2898.83997332,772.7499980700001
West of USA ,Indoor/Outdoor Games,Standard Class,4,COMPLETE,163,8146.739925020001,2190.75999826
West of USA ,Indoor/Outdoor Games,Standard Class,4,ON_HOLD,25,1249.4999885,268.4300003
West of USA ,Indoor/Outdoor Games,Standard Class,4,PAYMENT_REVIEW,3,149.93999862,72.46999931
West of USA ,Indoor/Outdoor Games,Standard Class,4,PENDING,52,2598.95997608,489.36999892
West of USA ,Indoor/Outdoor Games,Standard Class,4,PENDING_PAYMENT,96,4798.07995584,1351.30999943
West of USA ,Indoor/Outdoor Games,Standard Class,4,PROCESSING,58,2898.83997332,838.9499950100001
West of USA ,Indoor/Outdoor Games,Standard Class,4,SUSPECTED_FRAUD,10,499.7999954,99.47000122
West of USA ,Lacrosse,Same Day,0,COMPLETE,2,49.97999954,28.73999977
West of USA ,Lacrosse,Standard Class,4,CLOSED,1,24.98999977,0.0
West of USA ,Lacrosse,Standard Class,4,COMPLETE,2,49.97999954,15.75
West of USA ,Lacrosse,Standard Class,4,PENDING_PAYMENT,2,49.97999954,1.25
West of USA ,Men's Footwear,First Class,1,CANCELED,3,389.9700165,46.80000019
West of USA ,Men's Footwear,First Class,1,CLOSED,11,1429.8900605,101.400000331
West of USA ,Men's Footwear,First Class,1,COMPLETE,44,5719.560242,550.549999716
West of USA ,Men's Footwear,First Class,1,ON_HOLD,6,779.940033,75.399999857
West of USA ,Men's Footwear,First Class,1,PAYMENT_REVIEW,3,389.9700165,59.79999924
West of USA ,Men's Footwear,First Class,1,PENDING,5,649.9500275,81.899999145
West of USA ,Men's Footwear,First Class,1,PENDING_PAYMENT,24,3119.760132,299.649999382
West of USA ,Men's Footwear,First Class,1,PROCESSING,4,519.960022,38.349999667
West of USA ,Men's Footwear,First Class,1,SUSPECTED_FRAUD,1,129.9900055,20.79999924
West of USA ,Men's Footwear,Same Day,0,CLOSED,5,649.9500275,56.54999924
West of USA ,Men's Footwear,Same Day,0,COMPLETE,11,1429.8900605,161.199999571
West of USA ,Men's Footwear,Same Day,0,ON_HOLD,1,129.9900055,23.39999962
West of USA ,Men's Footwear,Same Day,0,PAYMENT_REVIEW,3,389.9700165,54.60000038
West of USA ,Men's Footwear,Same Day,0,PENDING_PAYMENT,10,1299.900055,121.549999715
West of USA ,Men's Footwear,Same Day,0,PROCESSING,2,259.980011,18.199999572
West of USA ,Men's Footwear,Second Class,2,CLOSED,11,1429.8900605,102.050000667
West of USA ,Men's Footwear,Second Class,2,COMPLETE,76,9879.240418,996.449999334
West of USA ,Men's Footwear,Second Class,2,ON_HOLD,22,2859.780121,291.849999666
West of USA ,Men's Footwear,Second Class,2,PAYMENT_REVIEW,1,129.9900055,26.0
West of USA ,Men's Footwear,Second Class,2,PENDING,9,1169.9100495,92.29999924
West of USA ,Men's Footwear,Second Class,2,PENDING_PAYMENT,29,3769.7101595,448.499998339
West of USA ,Men's Footwear,Second Class,2,PROCESSING,10,1299.900055,71.50000095
West of USA ,Men's Footwear,Standard Class,4,CANCELED,4,519.960022,92.30000019
West of USA ,Men's Footwear,Standard Class,4,CLOSED,54,7019.460297,685.099998713
West of USA ,Men's Footwear,Standard Class,4,COMPLETE,155,20148.4508525,1992.249991448
West of USA ,Men's Footwear,Standard Class,4,ON_HOLD,36,4679.640198,408.849999901
West of USA ,Men's Footwear,Standard Class,4,PAYMENT_REVIEW,4,519.960022,35.750000237
West of USA ,Men's Footwear,Standard Class,4,PENDING,13,1689.8700715,187.849998955
West of USA ,Men's Footwear,Standard Class,4,PENDING_PAYMENT,80,10399.20044,1103.699999098
West of USA ,Men's Footwear,Standard Class,4,PROCESSING,22,2859.780121,269.100000619
West of USA ,Men's Footwear,Standard Class,4,SUSPECTED_FRAUD,6,779.940033,103.99999905
West of USA ,Shop By Sport,First Class,1,CLOSED,5,189.96000672,38.800000666
West of USA ,Shop By Sport,First Class,1,COMPLETE,17,669.84002688,188.570002468
West of USA ,Shop By Sport,First Class,1,ON_HOLD,2,79.98000336,54.380001070000006
West of USA ,Shop By Sport,First Class,1,PAYMENT_REVIEW,1,39.99000168,25.98999977
West of USA ,Shop By Sport,First Class,1,PENDING,4,159.96000672,28.80000043
West of USA ,Shop By Sport,First Class,1,PENDING_PAYMENT,8,319.92001344,87.990002158
West of USA ,Shop By Sport,First Class,1,PROCESSING,5,199.9500084,74.3900013
West of USA ,Shop By Sport,Same Day,0,CLOSED,2,69.99000168,18.0
West of USA ,Shop By Sport,Same Day,0,COMPLETE,10,389.91001512,76.689999701
West of USA ,Shop By Sport,Same Day,0,ON_HOLD,1,39.99000168,4.0
West of USA ,Shop By Sport,Same Day,0,PENDING_PAYMENT,5,199.9500084,79.580001108
West of USA ,Shop By Sport,Same Day,0,PROCESSING,2,79.98000336,11.800000012
West of USA ,Shop By Sport,Second Class,2,CLOSED,5,199.9500084,71.179999826
West of USA ,Shop By Sport,Second Class,2,COMPLETE,37,1469.64006048,574.31000832
West of USA ,Shop By Sport,Second Class,2,ON_HOLD,7,269.94001008,84.590000745
West of USA ,Shop By Sport,Second Class,2,PAYMENT_REVIEW,1,39.99000168,39.99000168
West of USA ,Shop By Sport,Second Class,2,PENDING,3,119.97000504,46.390000825
West of USA ,Shop By Sport,Second Class,2,PENDING_PAYMENT,22,869.79003528,285.660003484
West of USA ,Shop By Sport,Second Class,2,PROCESSING,6,239.94001008,84.380000121
West of USA ,Shop By Sport,Standard Class,4,CANCELED,2,79.98000336,55.98000145
West of USA ,Shop By Sport,Standard Class,4,CLOSED,24,959.76004032,251.570002491
West of USA ,Shop By Sport,Standard Class,4,COMPLETE,75,2989.26012432,805.260006658
West of USA ,Shop By Sport,Standard Class,4,ON_HOLD,15,599.8500252,178.760000193
West of USA ,Shop By Sport,Standard Class,4,PAYMENT_REVIEW,3,119.97000504,43.59000015
West of USA ,Shop By Sport,Standard Class,4,PENDING,12,469.89001848,145.780000441
West of USA ,Shop By Sport,Standard Class,4,PENDING_PAYMENT,26,1019.76004032,327.550004782
West of USA ,Shop By Sport,Standard Class,4,PROCESSING,11,439.89001848,194.360006579
West of USA ,Shop By Sport,Standard Class,4,SUSPECTED_FRAUD,1,39.99000168,4.0
West of USA ,Tennis & Racquet,First Class,1,PROCESSING,1,44.99000168,13.5
West of USA ,Tennis & Racquet,Second Class,2,COMPLETE,1,44.99000168,16.20000076
West of USA ,Tennis & Racquet,Second Class,2,PENDING_PAYMENT,2,89.98000336,33.75
West of USA ,Tennis & Racquet,Second Class,2,PROCESSING,1,44.99000168,9.0
West of USA ,Tennis & Racquet,Standard Class,4,COMPLETE,2,89.98000336,51.74000168
West of USA ,Tennis & Racquet,Standard Class,4,PROCESSING,1,44.99000168,18.0
West of USA ,Trade-In,First Class,1,COMPLETE,1,15.98999977,2.400000095
West of USA ,Trade-In,First Class,1,PENDING_PAYMENT,5,103.94999885,45.810000059
West of USA ,Trade-In,First Class,1,PROCESSING,2,31.97999954,2.079999983
West of USA ,Trade-In,Same Day,0,COMPLETE,2,37.97999954,22.149999619
West of USA ,Trade-In,Second Class,2,CLOSED,2,37.97999954,10.510000468
West of USA ,Trade-In,Second Class,2,COMPLETE,3,47.969999310000006,43.170000073
West of USA ,Trade-In,Second Class,2,PENDING,1,21.98999977,7.920000076
West of USA ,Trade-In,Second Class,2,PROCESSING,1,15.98999977,2.400000095
West of USA ,Trade-In,Standard Class,4,CLOSED,2,31.97999954,4.800000191
West of USA ,Trade-In,Standard Class,4,COMPLETE,7,123.92999839,61.480000257
West of USA ,Trade-In,Standard Class,4,PENDING,1,15.98999977,2.079999924
West of USA ,Trade-In,Standard Class,4,PENDING_PAYMENT,4,75.95999908,9.040000141
West of USA ,Trade-In,Standard Class,4,PROCESSING,2,37.97999954,12.079999928
West of USA ,Water Sports,First Class,1,CANCELED,3,599.9700164999999,19.0
West of USA ,Water Sports,First Class,1,CLOSED,13,2599.8700715,237.0
West of USA ,Water Sports,First Class,1,COMPLETE,34,6799.660187,656.0
West of USA ,Water Sports,First Class,1,ON_HOLD,9,1799.9100495,187.0
West of USA ,Water Sports,First Class,1,PAYMENT_REVIEW,1,199.9900055,18.0
West of USA ,Water Sports,First Class,1,PENDING,9,1799.9100495,116.0
West of USA ,Water Sports,First Class,1,PENDING_PAYMENT,13,2599.8700715,314.0
West of USA ,Water Sports,First Class,1,PROCESSING,12,2399.880066,206.0
West of USA ,Water Sports,First Class,1,SUSPECTED_FRAUD,4,799.960022,78.0
West of USA ,Water Sports,Same Day,0,CLOSED,6,1199.940033,74.0
West of USA ,Water Sports,Same Day,0,COMPLETE,16,3199.840088,226.0
West of USA ,Water Sports,Same Day,0,PAYMENT_REVIEW,1,199.9900055,30.0
West of USA ,Water Sports,Same Day,0,PENDING,1,199.9900055,34.0
West of USA ,Water Sports,Same Day,0,PENDING_PAYMENT,8,1599.920044,186.0
West of USA ,Water Sports,Same Day,0,PROCESSING,10,1999.900055,118.0
West of USA ,Water Sports,Second Class,2,CLOSED,14,2799.860077,281.0
West of USA ,Water Sports,Second Class,2,COMPLETE,53,10599.4702915,1116.0
West of USA ,Water Sports,Second Class,2,ON_HOLD,4,799.960022,47.0
West of USA ,Water Sports,Second Class,2,PAYMENT_REVIEW,1,199.9900055,34.0
West of USA ,Water Sports,Second Class,2,PENDING,15,2999.8500825,255.0
West of USA ,Water Sports,Second Class,2,PENDING_PAYMENT,29,5799.7101595,569.0
West of USA ,Water Sports,Second Class,2,PROCESSING,22,4399.780121,534.0
West of USA ,Water Sports,Second Class,2,SUSPECTED_FRAUD,1,199.9900055,0.0
West of USA ,Water Sports,Standard Class,4,CANCELED,12,2399.880066,193.0
West of USA ,Water Sports,Standard Class,4,CLOSED,58,11599.420319,1144.0
West of USA ,Water Sports,Standard Class,4,COMPLETE,132,26398.680726,3064.0
West of USA ,Water Sports,Standard Class,4,ON_HOLD,24,4799.760131999999,501.0
West of USA ,Water Sports,Standard Class,4,PAYMENT_REVIEW,5,999.9500275,132.0
West of USA ,Water Sports,Standard Class,4,PENDING,48,9599.520264,856.0
West of USA ,Water Sports,Standard Class,4,PENDING_PAYMENT,87,17399.1304785,1611.0
West of USA ,Water Sports,Standard Class,4,PROCESSING,71,14199.2903905,1622.0
West of USA ,Water Sports,Standard Class,4,SUSPECTED_FRAUD,11,2199.8900605,206.0
West of USA ,Women's Apparel,First Class,1,CANCELED,3,150.0,40.0
West of USA ,Women's Apparel,First Class,1,CLOSED,12,600.0,200.5
West of USA ,Women's Apparel,First Class,1,COMPLETE,26,1300.0,355.75
West of USA ,Women's Apparel,First Class,1,ON_HOLD,1,50.0,32.5
West of USA ,Women's Apparel,First Class,1,PAYMENT_REVIEW,2,100.0,14.0
West of USA ,Women's Apparel,First Class,1,PENDING,5,250.0,56.5
West of USA ,Women's Apparel,First Class,1,PENDING_PAYMENT,27,1350.0,394.25
West of USA ,Women's Apparel,First Class,1,PROCESSING,7,350.0,88.5
West of USA ,Women's Apparel,First Class,1,SUSPECTED_FRAUD,1,50.0,5.0
West of USA ,Women's Apparel,Same Day,0,CLOSED,4,200.0,88.0
West of USA ,Women's Apparel,Same Day,0,COMPLETE,14,700.0,221.5
West of USA ,Women's Apparel,Same Day,0,ON_HOLD,1,50.0,0.0
West of USA ,Women's Apparel,Same Day,0,PENDING,1,50.0,32.0
West of USA ,Women's Apparel,Same Day,0,PENDING_PAYMENT,7,350.0,98.0
West of USA ,Women's Apparel,Same Day,0,PROCESSING,3,150.0,18.5
West of USA ,Women's Apparel,Second Class,2,CANCELED,1,50.0,22.5
West of USA ,Women's Apparel,Second Class,2,CLOSED,18,900.0,281.0
West of USA ,Women's Apparel,Second Class,2,COMPLETE,68,3400.0,1026.75
West of USA ,Women's Apparel,Second Class,2,ON_HOLD,11,550.0,203.0
West of USA ,Women's Apparel,Second Class,2,PAYMENT_REVIEW,2,100.0,51.5
West of USA ,Women's Apparel,Second Class,2,PENDING,5,250.0,102.5
West of USA ,Women's Apparel,Second Class,2,PENDING_PAYMENT,29,1450.0,539.75
West of USA ,Women's Apparel,Second Class,2,PROCESSING,4,200.0,94.5
West of USA ,Women's Apparel,Standard Class,4,CANCELED,7,350.0,152.0
West of USA ,Women's Apparel,Standard Class,4,CLOSED,53,2650.0,792.0
West of USA ,Women's Apparel,Standard Class,4,COMPLETE,108,5400.0,1653.75
West of USA ,Women's Apparel,Standard Class,4,ON_HOLD,24,1200.0,447.5
West of USA ,Women's Apparel,Standard Class,4,PENDING,29,1450.0,609.0
West of USA ,Women's Apparel,Standard Class,4,PENDING_PAYMENT,52,2600.0,766.75
West of USA ,Women's Apparel,Standard Class,4,PROCESSING,19,950.0,304.0
West of USA ,Women's Apparel,Standard Class,4,SUSPECTED_FRAUD,4,200.0,117.5
Western Europe,Accessories,First Class,1,CLOSED,1,24.98999977,12.0
Western Europe,Accessories,First Class,1,COMPLETE,7,174.92999839,60.47999954
Western Europe,Accessories,First Class,1,ON_HOLD,1,24.98999977,0.0
Western Europe,Accessories,First Class,1,PAYMENT_REVIEW,1,24.98999977,6.25
Western Europe,Accessories,First Class,1,PENDING,2,49.97999954,32.72999954
Western Europe,Accessories,First Class,1,PENDING_PAYMENT,3,74.96999931,24.98999977
Western Europe,Accessories,First Class,1,PROCESSING,2,49.97999954,15.98999977
Western Europe,Accessories,Same Day,0,CANCELED,1,24.98999977,2.5
Western Europe,Accessories,Same Day,0,COMPLETE,2,49.97999954,19.73999977
Western Europe,Accessories,Same Day,0,PROCESSING,1,24.98999977,13.48999977
Western Europe,Accessories,Second Class,2,CLOSED,3,74.96999931,11.0
Western Europe,Accessories,Second Class,2,COMPLETE,10,249.8999977,97.20999908
Western Europe,Accessories,Second Class,2,ON_HOLD,1,24.98999977,15.98999977
Western Europe,Accessories,Second Class,2,PENDING,1,24.98999977,0.0
Western Europe,Accessories,Second Class,2,PENDING_PAYMENT,2,49.97999954,40.47999954
Western Europe,Accessories,Second Class,2,PROCESSING,2,49.97999954,9.0
Western Europe,Accessories,Standard Class,4,CLOSED,6,149.93999862,62.22999954
Western Europe,Accessories,Standard Class,4,COMPLETE,39,974.60999103,267.059998627
Western Europe,Accessories,Standard Class,4,ON_HOLD,4,99.95999908,25.5
Western Europe,Accessories,Standard Class,4,PENDING,7,174.92999839,72.21999931
Western Europe,Accessories,Standard Class,4,PENDING_PAYMENT,14,349.85999678,113.95999908
Western Europe,Accessories,Standard Class,4,PROCESSING,4,99.95999908,12.0
Western Europe,Accessories,Standard Class,4,SUSPECTED_FRAUD,1,24.98999977,3.25
Western Europe,As Seen on  TV!,First Class,1,CLOSED,1,99.98999786,59.99000168
Western Europe,As Seen on  TV!,First Class,1,ON_HOLD,1,99.98999786,5.0
Western Europe,As Seen on  TV!,First Class,1,PENDING_PAYMENT,1,99.98999786,15.0
Western Europe,As Seen on  TV!,Same Day,0,COMPLETE,1,99.98999786,35.0
Western Europe,As Seen on  TV!,Second Class,2,ON_HOLD,1,99.98999786,50.0
Western Europe,As Seen on  TV!,Second Class,2,PENDING_PAYMENT,1,99.98999786,11.0
Western Europe,As Seen on  TV!,Standard Class,4,CLOSED,2,199.97999572,28.0
Western Europe,As Seen on  TV!,Standard Class,4,COMPLETE,3,299.96999358,82.0
Western Europe,As Seen on  TV!,Standard Class,4,ON_HOLD,1,99.98999786,63.99000168
Western Europe,As Seen on  TV!,Standard Class,4,PENDING,1,99.98999786,0.0
Western Europe,As Seen on  TV!,Standard Class,4,PENDING_PAYMENT,2,199.97999572,24.0
Western Europe,As Seen on  TV!,Standard Class,4,PROCESSING,1,99.98999786,20.0
Western Europe,Baby ,First Class,1,PENDING_PAYMENT,2,118.16000366,15.359999656
Western Europe,Baby ,Same Day,0,CLOSED,2,118.16000366,20.67000007
Western Europe,Baby ,Same Day,0,PENDING_PAYMENT,2,118.16000366,2.949999929
Western Europe,Baby ,Second Class,2,COMPLETE,1,59.08000183,7.090000153
Western Europe,Baby ,Standard Class,4,COMPLETE,7,413.56001281,69.710000635
Western Europe,Baby ,Standard Class,4,PENDING,2,118.16000366,8.859999895
Western Europe,Baby ,Standard Class,4,PENDING_PAYMENT,4,236.32000732,19.489999354
Western Europe,Baby ,Standard Class,4,PROCESSING,6,354.48001098,42.250000479
Western Europe,Baseball & Softball,First Class,1,CLOSED,1,34.99000168,9.800000191
Western Europe,Baseball & Softball,First Class,1,COMPLETE,3,354.97001268,13.300000191
Western Europe,Baseball & Softball,First Class,1,ON_HOLD,3,379.97001268,48.80000019
Western Europe,Baseball & Softball,First Class,1,PENDING_PAYMENT,1,59.99000168,5.400000095
Western Europe,Baseball & Softball,Same Day,0,CLOSED,1,159.9900055,24.0
Western Europe,Baseball & Softball,Same Day,0,COMPLETE,3,154.97000504,50.089999675
Western Europe,Baseball & Softball,Second Class,2,COMPLETE,1,159.9900055,40.0
Western Europe,Baseball & Softball,Second Class,2,ON_HOLD,1,59.99000168,6.0
Western Europe,Baseball & Softball,Second Class,2,PENDING,1,34.99000168,4.199999809
Western Europe,Baseball & Softball,Second Class,2,PENDING_PAYMENT,2,194.98000718,13.700000048
Western Europe,Baseball & Softball,Standard Class,4,CLOSED,8,379.92001344,102.180001022
Western Europe,Baseball & Softball,Standard Class,4,COMPLETE,7,694.93002322,159.23000145
Western Europe,Baseball & Softball,Standard Class,4,ON_HOLD,1,159.9900055,6.400000095
Western Europe,Baseball & Softball,Standard Class,4,PENDING,1,59.99000168,40.79000092
Western Europe,Baseball & Softball,Standard Class,4,PENDING_PAYMENT,7,444.93001558,38.65000093
Western Europe,Baseball & Softball,Standard Class,4,PROCESSING,1,159.9900055,40.0
Western Europe,Basketball,First Class,1,CLOSED,1,299.9899902,30.0
Western Europe,Basketball,First Class,1,COMPLETE,4,1199.9599608,133.5
Western Europe,Basketball,First Class,1,PENDING_PAYMENT,3,1599.9699706,96.0
Western Europe,Basketball,Second Class,2,COMPLETE,1,999.9899902,10.0
Western Europe,Basketball,Second Class,2,PENDING,1,299.9899902,15.0
Western Europe,Basketball,Second Class,2,PENDING_PAYMENT,1,299.9899902,39.0
Western Europe,Basketball,Standard Class,4,CLOSED,2,599.9799804,69.0
Western Europe,Basketball,Standard Class,4,COMPLETE,7,3499.9299314,249.0
Western Europe,Basketball,Standard Class,4,ON_HOLD,3,899.9699706000001,183.0
Western Europe,Basketball,Standard Class,4,PAYMENT_REVIEW,1,299.9899902,21.0
Western Europe,Basketball,Standard Class,4,PENDING,1,999.9899902,40.0
Western Europe,Basketball,Standard Class,4,PROCESSING,1,299.9899902,21.0
Western Europe,Books ,First Class,1,CLOSED,3,93.23999976,5.909999967
Western Europe,Books ,First Class,1,COMPLETE,6,186.47999952,12.589999734
Western Europe,Books ,First Class,1,ON_HOLD,3,93.23999976,4.970000029
Western Europe,Books ,First Class,1,PENDING,1,31.07999992,3.730000019
Western Europe,Books ,First Class,1,PENDING_PAYMENT,3,93.23999976,7.609999835
Western Europe,Books ,First Class,1,PROCESSING,2,62.15999984,4.6600000260000005
Western Europe,Books ,Same Day,0,COMPLETE,4,124.31999968,12.120000005
Western Europe,Books ,Same Day,0,ON_HOLD,2,62.15999984,4.040000021
Western Europe,Books ,Same Day,0,PENDING,1,31.07999992,2.180000067
Western Europe,Books ,Same Day,0,PENDING_PAYMENT,2,62.15999984,6.830000162
Western Europe,Books ,Second Class,2,CLOSED,1,31.07999992,4.039999962
Western Europe,Books ,Second Class,2,COMPLETE,12,372.95999904,38.369999468
Western Europe,Books ,Second Class,2,ON_HOLD,1,31.07999992,7.769999981
Western Europe,Books ,Second Class,2,PENDING_PAYMENT,4,124.31999968,14.610000074
Western Europe,Books ,Second Class,2,PROCESSING,1,31.07999992,5.28000021
Western Europe,Books ,Standard Class,4,CLOSED,12,372.95999904,42.720000088
Western Europe,Books ,Standard Class,4,COMPLETE,27,839.15999784,83.420000554
Western Europe,Books ,Standard Class,4,ON_HOLD,5,155.3999996,16.169999599
Western Europe,Books ,Standard Class,4,PAYMENT_REVIEW,1,31.07999992,1.710000038
Western Europe,Books ,Standard Class,4,PENDING,8,248.63999936,22.059999645
Western Europe,Books ,Standard Class,4,PENDING_PAYMENT,28,870.2399977599999,75.499999105
Western Europe,Books ,Standard Class,4,PROCESSING,3,93.23999976,4.969999849
Western Europe,Boxing & MMA,First Class,1,COMPLETE,3,274.96999358,135.2800026
Western Europe,Boxing & MMA,First Class,1,ON_HOLD,2,144.95999908,59.579999920000006
Western Europe,Boxing & MMA,First Class,1,PENDING,1,94.98999786,28.5
Western Europe,Boxing & MMA,First Class,1,PENDING_PAYMENT,2,144.95999908,54.77999973
Western Europe,Boxing & MMA,First Class,1,PROCESSING,1,54.97000122,3.299999952
Western Europe,Boxing & MMA,Same Day,0,COMPLETE,1,94.98999786,75.98999786
Western Europe,Boxing & MMA,Same Day,0,PENDING_PAYMENT,2,189.97999572,71.25
Western Europe,Boxing & MMA,Second Class,2,CLOSED,1,94.98999786,9.5
Western Europe,Boxing & MMA,Second Class,2,COMPLETE,1,94.98999786,49.38999939
Western Europe,Boxing & MMA,Second Class,2,PENDING_PAYMENT,7,579.88999174,254.879998209
Western Europe,Boxing & MMA,Standard Class,4,CLOSED,2,109.94000244,35.179999588
Western Europe,Boxing & MMA,Standard Class,4,COMPLETE,13,1119.8299789,300.259998737
Western Europe,Boxing & MMA,Standard Class,4,PENDING,1,54.97000122,39.58000183
Western Europe,Boxing & MMA,Standard Class,4,PENDING_PAYMENT,5,349.88999938,73.830000881
Western Europe,Boxing & MMA,Standard Class,4,PROCESSING,2,149.95999908,91.10999775
Western Europe,CDs ,First Class,1,CLOSED,2,22.57999992,2.479999959
Western Europe,CDs ,First Class,1,COMPLETE,4,45.15999984,2.429999978
Western Europe,CDs ,First Class,1,PENDING,1,11.28999996,1.919999957
Western Europe,CDs ,First Class,1,PENDING_PAYMENT,2,22.57999992,0.5700000080000001
Western Europe,CDs ,First Class,1,PROCESSING,3,33.869999879999995,1.920000016
Western Europe,CDs ,Same Day,0,PENDING_PAYMENT,1,11.28999996,1.129999995
Western Europe,CDs ,Second Class,2,COMPLETE,3,33.869999879999995,3.829999983
Western Europe,CDs ,Standard Class,4,CLOSED,3,33.869999879999995,1.459999978
Western Europe,CDs ,Standard Class,4,COMPLETE,16,180.63999936,18.900000035
Western Europe,CDs ,Standard Class,4,ON_HOLD,4,45.15999984,6.199999913
Western Europe,CDs ,Standard Class,4,PAYMENT_REVIEW,1,11.28999996,0.790000021
Western Europe,CDs ,Standard Class,4,PENDING,1,11.28999996,2.819999933
Western Europe,CDs ,Standard Class,4,PENDING_PAYMENT,7,79.02999971999999,9.829999894
Western Europe,CDs ,Standard Class,4,PROCESSING,1,11.28999996,1.690000057
Western Europe,Cameras ,First Class,1,CANCELED,1,452.0400085,67.80999756
Western Europe,Cameras ,First Class,1,CLOSED,9,4068.3600765,431.70000168
Western Europe,Cameras ,First Class,1,COMPLETE,25,11301.0002125,1518.880012464
Western Europe,Cameras ,First Class,1,ON_HOLD,6,2712.240051,307.390005082
Western Europe,Cameras ,First Class,1,PAYMENT_REVIEW,1,452.0400085,81.37000275
Western Europe,Cameras ,First Class,1,PENDING,3,1356.1200255,226.02000042
Western Europe,Cameras ,First Class,1,PENDING_PAYMENT,9,4068.3600765,501.76000404
Western Europe,Cameras ,First Class,1,PROCESSING,5,2260.2000425,203.41000366
Western Europe,Cameras ,Same Day,0,CLOSED,2,904.080017,63.280001642
Western Europe,Cameras ,Same Day,0,COMPLETE,1,452.0400085,90.41000366
Western Europe,Cameras ,Same Day,0,ON_HOLD,2,904.080017,131.09000202
Western Europe,Cameras ,Same Day,0,PENDING_PAYMENT,3,1356.1200255,45.200000291
Western Europe,Cameras ,Same Day,0,PROCESSING,1,452.0400085,22.60000038
Western Europe,Cameras ,Second Class,2,CLOSED,6,2712.240051,343.54000851
Western Europe,Cameras ,Second Class,2,COMPLETE,16,7232.640136,560.540000914
Western Europe,Cameras ,Second Class,2,ON_HOLD,1,452.0400085,22.60000038
Western Europe,Cameras ,Second Class,2,PENDING,2,904.080017,58.76000023
Western Europe,Cameras ,Second Class,2,PENDING_PAYMENT,10,4520.400085,406.830009462
Western Europe,Cameras ,Second Class,2,PROCESSING,2,904.080017,81.370001792
Western Europe,Cameras ,Standard Class,4,CLOSED,9,4068.3600765,580.870009841
Western Europe,Cameras ,Standard Class,4,COMPLETE,53,23958.1204505,2522.380021
Western Europe,Cameras ,Standard Class,4,ON_HOLD,5,2260.2000425,194.370005612
Western Europe,Cameras ,Standard Class,4,PENDING,8,3616.320068,687.1200103
Western Europe,Cameras ,Standard Class,4,PENDING_PAYMENT,33,14917.3202805,1525.640018907
Western Europe,Cameras ,Standard Class,4,PROCESSING,6,2712.240051,343.56000519
Western Europe,Cameras ,Standard Class,4,SUSPECTED_FRAUD,3,1356.1200255,94.930003641
Western Europe,Camping & Hiking,First Class,1,CLOSED,24,7199.520264,736.5
Western Europe,Camping & Hiking,First Class,1,COMPLETE,86,25798.280946,2626.5
Western Europe,Camping & Hiking,First Class,1,ON_HOLD,15,4499.700165,453.0
Western Europe,Camping & Hiking,First Class,1,PAYMENT_REVIEW,1,299.980011,16.5
Western Europe,Camping & Hiking,First Class,1,PENDING,14,4199.720154,390.0
Western Europe,Camping & Hiking,First Class,1,PENDING_PAYMENT,32,9599.360352,898.5
Western Europe,Camping & Hiking,First Class,1,PROCESSING,16,4799.680176,486.0
Western Europe,Camping & Hiking,First Class,1,SUSPECTED_FRAUD,2,599.960022,84.0
Western Europe,Camping & Hiking,Same Day,0,CANCELED,1,299.980011,12.0
Western Europe,Camping & Hiking,Same Day,0,CLOSED,15,4499.700165,315.0
Western Europe,Camping & Hiking,Same Day,0,COMPLETE,29,8699.420318999999,898.5
Western Europe,Camping & Hiking,Same Day,0,ON_HOLD,8,2399.840088,322.5
Western Europe,Camping & Hiking,Same Day,0,PENDING,2,599.960022,33.0
Western Europe,Camping & Hiking,Same Day,0,PENDING_PAYMENT,14,4199.720154,627.0
Western Europe,Camping & Hiking,Same Day,0,PROCESSING,2,599.960022,15.0
Western Europe,Camping & Hiking,Second Class,2,CANCELED,1,299.980011,51.0
Western Europe,Camping & Hiking,Second Class,2,CLOSED,38,11399.240418,1017.0
Western Europe,Camping & Hiking,Second Class,2,COMPLETE,129,38697.421419,3891.0
Western Europe,Camping & Hiking,Second Class,2,ON_HOLD,13,3899.740143,411.0
Western Europe,Camping & Hiking,Second Class,2,PAYMENT_REVIEW,1,299.980011,15.0
Western Europe,Camping & Hiking,Second Class,2,PENDING,10,2999.80011,328.5
Western Europe,Camping & Hiking,Second Class,2,PENDING_PAYMENT,49,14699.020539,1488.0
Western Europe,Camping & Hiking,Second Class,2,PROCESSING,17,5099.660187,426.0
Western Europe,Camping & Hiking,Second Class,2,SUSPECTED_FRAUD,3,899.940033,117.0
Western Europe,Camping & Hiking,Standard Class,4,CANCELED,8,2399.840088,349.5
Western Europe,Camping & Hiking,Standard Class,4,CLOSED,80,23998.40088,2773.5
Western Europe,Camping & Hiking,Standard Class,4,COMPLETE,319,95693.623509,9588.0
Western Europe,Camping & Hiking,Standard Class,4,ON_HOLD,60,17998.80066,1933.5
Western Europe,Camping & Hiking,Standard Class,4,PAYMENT_REVIEW,13,3899.740143,432.0
Western Europe,Camping & Hiking,Standard Class,4,PENDING,32,9599.360352,988.5
Western Europe,Camping & Hiking,Standard Class,4,PENDING_PAYMENT,185,55496.302035,5388.0
Western Europe,Camping & Hiking,Standard Class,4,PROCESSING,42,12599.160462,1272.0
Western Europe,Camping & Hiking,Standard Class,4,SUSPECTED_FRAUD,8,2399.840088,205.5
Western Europe,Cardio Equipment,First Class,1,CANCELED,2,199.97999572,80.0
Western Europe,Cardio Equipment,First Class,1,CLOSED,23,2229.77995292,763.94999316
Western Europe,Cardio Equipment,First Class,1,COMPLETE,73,7229.27984592,2175.029986349
Western Europe,Cardio Equipment,First Class,1,ON_HOLD,9,899.90998074,214.99000168
Western Europe,Cardio Equipment,First Class,1,PAYMENT_REVIEW,1,30.0,5.400000095
Western Europe,Cardio Equipment,First Class,1,PENDING,10,999.8999786,252.99000168
Western Europe,Cardio Equipment,First Class,1,PENDING_PAYMENT,56,5599.43988016,1608.38999182
Western Europe,Cardio Equipment,First Class,1,PROCESSING,8,799.91998288,416.94999312
Western Europe,Cardio Equipment,First Class,1,SUSPECTED_FRAUD,2,199.97999572,49.0
Western Europe,Cardio Equipment,Same Day,0,CANCELED,2,199.97999572,30.0
Western Europe,Cardio Equipment,Same Day,0,CLOSED,6,599.93998716,70.0
Western Europe,Cardio Equipment,Same Day,0,COMPLETE,26,2599.73994436,662.9500084
Western Europe,Cardio Equipment,Same Day,0,ON_HOLD,3,299.96999358,132.97999954
Western Europe,Cardio Equipment,Same Day,0,PAYMENT_REVIEW,2,199.97999572,48.5
Western Europe,Cardio Equipment,Same Day,0,PENDING,7,699.92998502,170.48999786000002
Western Europe,Cardio Equipment,Same Day,0,PENDING_PAYMENT,10,999.8999786,348.47999954
Western Europe,Cardio Equipment,Same Day,0,PROCESSING,3,299.96999358,34.0
Western Europe,Cardio Equipment,Second Class,2,CANCELED,2,199.97999572,96.0
Western Europe,Cardio Equipment,Second Class,2,CLOSED,35,3499.6499251,1138.42998884
Western Europe,Cardio Equipment,Second Class,2,COMPLETE,115,11358.86975818,3595.429976449
Western Europe,Cardio Equipment,Second Class,2,ON_HOLD,23,2299.7699507800003,554.45999908
Western Europe,Cardio Equipment,Second Class,2,PAYMENT_REVIEW,1,99.98999786,0.0
Western Europe,Cardio Equipment,Second Class,2,PENDING,19,1899.80995934,631.95999908
Western Europe,Cardio Equipment,Second Class,2,PENDING_PAYMENT,56,5529.4498823,1271.759995491
Western Europe,Cardio Equipment,Second Class,2,PROCESSING,12,1059.8999786,178.900000095
Western Europe,Cardio Equipment,Second Class,2,SUSPECTED_FRAUD,1,99.98999786,12.0
Western Europe,Cardio Equipment,Standard Class,4,CANCELED,10,999.8999786,312.97999572000003
Western Europe,Cardio Equipment,Standard Class,4,CLOSED,79,7689.23983736,2388.57996748
Western Europe,Cardio Equipment,Standard Class,4,COMPLETE,283,27877.22940722,8249.839933976
Western Europe,Cardio Equipment,Standard Class,4,ON_HOLD,44,4329.56990798,1119.43999102
Western Europe,Cardio Equipment,Standard Class,4,PAYMENT_REVIEW,6,599.93998716,151.99000168
Western Europe,Cardio Equipment,Standard Class,4,PENDING,48,4659.5399015600005,1772.729990376
Western Europe,Cardio Equipment,Standard Class,4,PENDING_PAYMENT,124,12188.78974106,2982.209997159
Western Europe,Cardio Equipment,Standard Class,4,PROCESSING,52,5129.48989086,2029.79998788
Western Europe,Cardio Equipment,Standard Class,4,SUSPECTED_FRAUD,14,1399.85997004,278.97999572000003
Western Europe,Children's Clothing,First Class,1,CLOSED,5,1785.5000305,110.699997426
Western Europe,Children's Clothing,First Class,1,COMPLETE,6,2142.6000366,292.829994433
Western Europe,Children's Clothing,First Class,1,ON_HOLD,2,714.2000122,114.27999878
Western Europe,Children's Clothing,First Class,1,PAYMENT_REVIEW,1,357.1000061,42.84999847
Western Europe,Children's Clothing,First Class,1,PENDING,6,2142.6000366,198.199997426
Western Europe,Children's Clothing,First Class,1,PENDING_PAYMENT,5,1785.5000305,103.559999462
Western Europe,Children's Clothing,First Class,1,SUSPECTED_FRAUD,1,357.1000061,19.63999939
Western Europe,Children's Clothing,Same Day,0,CANCELED,1,357.1000061,32.13999939
Western Europe,Children's Clothing,Same Day,0,COMPLETE,5,1785.5000305,114.279999973
Western Europe,Children's Clothing,Same Day,0,PENDING_PAYMENT,2,714.2000122,21.419999596
Western Europe,Children's Clothing,Second Class,2,CLOSED,8,2856.8000488,332.119995343
Western Europe,Children's Clothing,Second Class,2,COMPLETE,14,4999.4000854,607.089990379
Western Europe,Children's Clothing,Second Class,2,ON_HOLD,1,357.1000061,46.41999817
Western Europe,Children's Clothing,Second Class,2,PENDING,2,714.2000122,57.12999821
Western Europe,Children's Clothing,Second Class,2,PENDING_PAYMENT,10,3571.000061,399.979995973
Western Europe,Children's Clothing,Second Class,2,PROCESSING,4,1428.4000244,82.12999749299999
Western Europe,Children's Clothing,Standard Class,4,CANCELED,1,357.1000061,19.63999939
Western Europe,Children's Clothing,Standard Class,4,CLOSED,17,6070.700103699999,603.5099904589999
Western Europe,Children's Clothing,Standard Class,4,COMPLETE,62,22140.2003782,2310.489958734
Western Europe,Children's Clothing,Standard Class,4,ON_HOLD,9,3213.9000549,399.96999454
Western Europe,Children's Clothing,Standard Class,4,PAYMENT_REVIEW,2,714.2000122,124.98999787
Western Europe,Children's Clothing,Standard Class,4,PENDING,6,2142.6000366,221.409997223
Western Europe,Children's Clothing,Standard Class,4,PENDING_PAYMENT,31,11070.1001891,964.179983377
Western Europe,Children's Clothing,Standard Class,4,PROCESSING,4,1428.4000244,203.54999637
Western Europe,Cleats,First Class,1,CANCELED,1,59.99000168,10.19999981
Western Europe,Cleats,First Class,1,CLOSED,54,3239.46009072,873.500010022
Western Europe,Cleats,First Class,1,COMPLETE,168,10558.32025928,2793.630021471
Western Europe,Cleats,First Class,1,ON_HOLD,23,1619.77002716,351.870004413
Western Europe,Cleats,First Class,1,PAYMENT_REVIEW,4,239.96000672,61.789999962
Western Europe,Cleats,First Class,1,PENDING,22,1319.78003696,296.08000374
Western Europe,Cleats,First Class,1,PENDING_PAYMENT,98,5879.02016464,1477.070015077
Western Europe,Cleats,First Class,1,PROCESSING,24,1439.76004032,443.350000387
Western Europe,Cleats,First Class,1,SUSPECTED_FRAUD,5,299.9500084,226.1600008
Western Europe,Cleats,Same Day,0,CANCELED,5,299.9500084,43.499999524
Western Europe,Cleats,Same Day,0,CLOSED,19,1139.81003192,323.970002893
Western Europe,Cleats,Same Day,0,COMPLETE,33,1979.67005544,573.859998116
Western Europe,Cleats,Same Day,0,ON_HOLD,9,539.91001512,123.590002416
Western Europe,Cleats,Same Day,0,PAYMENT_REVIEW,1,59.99000168,24.0
Western Europe,Cleats,Same Day,0,PENDING,11,659.89001848,187.180003288
Western Europe,Cleats,Same Day,0,PENDING_PAYMENT,28,1679.72004704,359.67000175
Western Europe,Cleats,Same Day,0,PROCESSING,1,59.99000168,21.60000038
Western Europe,Cleats,Same Day,0,SUSPECTED_FRAUD,1,59.99000168,0.0
Western Europe,Cleats,Second Class,2,CANCELED,1,59.99000168,59.99000168
Western Europe,Cleats,Second Class,2,CLOSED,55,3299.4500924,898.090010649
Western Europe,Cleats,Second Class,2,COMPLETE,229,13977.71037324,4601.990070153
Western Europe,Cleats,Second Class,2,ON_HOLD,35,2099.6500588,505.140004876
Western Europe,Cleats,Second Class,2,PAYMENT_REVIEW,3,179.97000504,20.400000095
Western Europe,Cleats,Second Class,2,PENDING,17,1259.83001708,346.740005618
Western Europe,Cleats,Second Class,2,PENDING_PAYMENT,131,7858.69022008,2265.380016215
Western Europe,Cleats,Second Class,2,PROCESSING,29,1739.71004872,515.350000379
Western Europe,Cleats,Second Class,2,SUSPECTED_FRAUD,2,119.98000336,62.3900013
Western Europe,Cleats,Standard Class,4,CANCELED,13,779.8700218399999,168.880003694
Western Europe,Cleats,Standard Class,4,CLOSED,171,10498.2902758,3344.590043102
Western Europe,Cleats,Standard Class,4,COMPLETE,483,30175.17075404,8552.550100311
Western Europe,Cleats,Standard Class,4,ON_HOLD,81,4859.19013608,1360.340014003
Western Europe,Cleats,Standard Class,4,PAYMENT_REVIEW,17,1019.83002856,265.489998096
Western Europe,Cleats,Standard Class,4,PENDING,109,6538.91018312,1857.420007239
Western Europe,Cleats,Standard Class,4,PENDING_PAYMENT,249,16137.51036092,3971.580032739
Western Europe,Cleats,Standard Class,4,PROCESSING,100,6239.00015652,1923.370016855
Western Europe,Cleats,Standard Class,4,SUSPECTED_FRAUD,21,1259.79003528,505.750000721
Western Europe,Computers,First Class,1,CLOSED,3,4500.0,600.0
Western Europe,Computers,First Class,1,COMPLETE,8,12000.0,1447.5
Western Europe,Computers,First Class,1,ON_HOLD,1,1500.0,15.0
Western Europe,Computers,First Class,1,PENDING_PAYMENT,9,13500.0,1335.0
Western Europe,Computers,First Class,1,PROCESSING,1,1500.0,30.0
Western Europe,Computers,Same Day,0,COMPLETE,3,4500.0,300.0
Western Europe,Computers,Same Day,0,PENDING_PAYMENT,2,3000.0,345.0
Western Europe,Computers,Same Day,0,PROCESSING,1,1500.0,270.0
Western Europe,Computers,Second Class,2,CLOSED,3,4500.0,690.0
Western Europe,Computers,Second Class,2,COMPLETE,8,12000.0,1350.0
Western Europe,Computers,Second Class,2,ON_HOLD,2,3000.0,450.0
Western Europe,Computers,Second Class,2,PAYMENT_REVIEW,1,1500.0,135.0
Western Europe,Computers,Second Class,2,PENDING,1,1500.0,60.0
Western Europe,Computers,Second Class,2,PENDING_PAYMENT,5,7500.0,532.5
Western Europe,Computers,Standard Class,4,CANCELED,2,3000.0,330.0
Western Europe,Computers,Standard Class,4,CLOSED,12,18000.0,1695.0
Western Europe,Computers,Standard Class,4,COMPLETE,54,81000.0,8145.0
Western Europe,Computers,Standard Class,4,ON_HOLD,5,7500.0,690.0
Western Europe,Computers,Standard Class,4,PAYMENT_REVIEW,3,4500.0,585.0
Western Europe,Computers,Standard Class,4,PENDING,4,6000.0,217.5
Western Europe,Computers,Standard Class,4,PENDING_PAYMENT,19,28500.0,3922.5
Western Europe,Computers,Standard Class,4,PROCESSING,6,9000.0,502.5
Western Europe,Consumer Electronics,First Class,1,CLOSED,1,252.8800049,2.529999971
Western Europe,Consumer Electronics,First Class,1,COMPLETE,5,1264.4000245,159.320003033
Western Europe,Consumer Electronics,First Class,1,ON_HOLD,1,252.8800049,5.059999943
Western Europe,Consumer Electronics,First Class,1,PENDING,2,505.7600098,54.36999893
Western Europe,Consumer Electronics,First Class,1,PENDING_PAYMENT,5,1264.4000245,12.650000095
Western Europe,Consumer Electronics,First Class,1,PROCESSING,1,252.8800049,25.29000092
Western Europe,Consumer Electronics,First Class,1,SUSPECTED_FRAUD,1,252.8800049,63.22000122
Western Europe,Consumer Electronics,Same Day,0,CLOSED,1,252.8800049,22.76000023
Western Europe,Consumer Electronics,Same Day,0,COMPLETE,3,758.6400146999999,134.03000068
Western Europe,Consumer Electronics,Same Day,0,ON_HOLD,1,252.8800049,42.99000168
Western Europe,Consumer Electronics,Same Day,0,PENDING_PAYMENT,3,758.6400146999999,73.33999920000001
Western Europe,Consumer Electronics,Same Day,0,PROCESSING,1,252.8800049,50.58000183
Western Europe,Consumer Electronics,Second Class,2,CLOSED,5,1264.4000245,151.740002636
Western Europe,Consumer Electronics,Second Class,2,COMPLETE,14,3540.3200686,278.180004846
Western Europe,Consumer Electronics,Second Class,2,ON_HOLD,2,505.7600098,70.79999924
Western Europe,Consumer Electronics,Second Class,2,PENDING,2,505.7600098,35.41000081
Western Europe,Consumer Electronics,Second Class,2,PENDING_PAYMENT,8,2023.0400392,142.890001057
Western Europe,Consumer Electronics,Second Class,2,SUSPECTED_FRAUD,1,252.8800049,13.90999985
Western Europe,Consumer Electronics,Standard Class,4,CANCELED,1,252.8800049,13.90999985
Western Europe,Consumer Electronics,Standard Class,4,CLOSED,4,1011.5200196,139.07999896
Western Europe,Consumer Electronics,Standard Class,4,COMPLETE,26,6574.8801274,704.300012367
Western Europe,Consumer Electronics,Standard Class,4,ON_HOLD,2,505.7600098,55.63000202
Western Europe,Consumer Electronics,Standard Class,4,PENDING,3,758.6400146999999,113.80000306
Western Europe,Consumer Electronics,Standard Class,4,PENDING_PAYMENT,12,3034.5600588,303.470001212
Western Europe,Crafts,First Class,1,CLOSED,2,922.960022,50.759998322
Western Europe,Crafts,First Class,1,COMPLETE,6,2768.880066,447.64000321
Western Europe,Crafts,First Class,1,ON_HOLD,2,922.960022,101.5300026
Western Europe,Crafts,First Class,1,PENDING,1,461.480011,4.610000134
Western Europe,Crafts,First Class,1,PENDING_PAYMENT,2,922.960022,129.2100029
Western Europe,Crafts,First Class,1,PROCESSING,1,461.480011,73.83999634
Western Europe,Crafts,Same Day,0,COMPLETE,1,461.480011,92.30000305
Western Europe,Crafts,Same Day,0,ON_HOLD,1,461.480011,25.37999916
Western Europe,Crafts,Same Day,0,PENDING_PAYMENT,1,461.480011,32.29999924
Western Europe,Crafts,Second Class,2,CLOSED,4,1845.920044,147.67000199
Western Europe,Crafts,Second Class,2,COMPLETE,7,3230.360077,161.509997846
Western Europe,Crafts,Second Class,2,ON_HOLD,2,922.960022,36.90999985
Western Europe,Crafts,Second Class,2,PENDING_PAYMENT,4,1845.920044,212.27999878
Western Europe,Crafts,Second Class,2,PROCESSING,2,922.960022,78.45000077
Western Europe,Crafts,Standard Class,4,CLOSED,11,5076.280121,542.230008516
Western Europe,Crafts,Standard Class,4,COMPLETE,22,10152.560242,1114.459989532
Western Europe,Crafts,Standard Class,4,ON_HOLD,2,922.960022,101.51999665
Western Europe,Crafts,Standard Class,4,PENDING,1,461.480011,46.15000153
Western Europe,Crafts,Standard Class,4,PENDING_PAYMENT,8,3691.840088,293.019998084
Western Europe,Crafts,Standard Class,4,PROCESSING,2,922.960022,78.45000077
Western Europe,DVDs,First Class,1,CLOSED,3,493.1400147,59.179999828
Western Europe,DVDs,First Class,1,COMPLETE,6,986.2800294,153.71000194200002
Western Europe,DVDs,First Class,1,PENDING,1,164.3800049,0.0
Western Europe,DVDs,First Class,1,PENDING_PAYMENT,2,328.7600098,23.020000454
Western Europe,DVDs,First Class,1,PROCESSING,2,328.7600098,29.590001107
Western Europe,DVDs,Second Class,2,CANCELED,2,328.7600098,31.239999774
Western Europe,DVDs,Second Class,2,CLOSED,3,493.1400147,26.30000019
Western Europe,DVDs,Second Class,2,COMPLETE,9,1479.4200440999998,110.139997962
Western Europe,DVDs,Second Class,2,PAYMENT_REVIEW,1,164.3800049,6.579999924
Western Europe,DVDs,Second Class,2,PENDING,1,164.3800049,11.51000023
Western Europe,DVDs,Second Class,2,PENDING_PAYMENT,3,493.1400147,24.660000797
Western Europe,DVDs,Standard Class,4,CLOSED,10,1643.800049,189.040000552
Western Europe,DVDs,Standard Class,4,COMPLETE,19,3123.2200931,266.319998498
Western Europe,DVDs,Standard Class,4,ON_HOLD,4,657.5200196,47.670001027
Western Europe,DVDs,Standard Class,4,PENDING,2,328.7600098,54.25
Western Europe,DVDs,Standard Class,4,PENDING_PAYMENT,9,1479.4200440999998,91.219999428
Western Europe,DVDs,Standard Class,4,PROCESSING,1,164.3800049,3.289999962
Western Europe,Electronics,First Class,1,CLOSED,6,223.94000244,100.620000836
Western Europe,Electronics,First Class,1,COMPLETE,16,642.8400116,196.620003192
Western Europe,Electronics,First Class,1,PAYMENT_REVIEW,1,51.99000168,18.71999931
Western Europe,Electronics,First Class,1,PENDING,2,76.98000145,14.360000133
Western Europe,Electronics,First Class,1,PENDING_PAYMENT,8,330.92000771,135.430003407
Western Europe,Electronics,First Class,1,PROCESSING,2,59.97999954,13.519999505
Western Europe,Electronics,Same Day,0,COMPLETE,5,208.95000458,111.260000704
Western Europe,Electronics,Same Day,0,PENDING,1,44.99000168,6.75
Western Europe,Electronics,Second Class,2,CLOSED,5,171.95000076,19.320000409
Western Europe,Electronics,Second Class,2,COMPLETE,23,844.77000808,263.07000209
Western Europe,Electronics,Second Class,2,ON_HOLD,4,119.95999908,15.640000463
Western Europe,Electronics,Second Class,2,PAYMENT_REVIEW,1,47.99000168,0.0
Western Europe,Electronics,Second Class,2,PENDING,2,83.98000145,23.800000671
Western Europe,Electronics,Second Class,2,PENDING_PAYMENT,9,336.91000366,119.220001216
Western Europe,Electronics,Second Class,2,PROCESSING,5,175.95000076,47.11000013
Western Europe,Electronics,Second Class,2,SUSPECTED_FRAUD,1,31.98999977,19.19000053
Western Europe,Electronics,Standard Class,4,CANCELED,2,79.98000145,27.19000053
Western Europe,Electronics,Standard Class,4,CLOSED,17,736.8300171,281.050006641
Western Europe,Electronics,Standard Class,4,COMPLETE,39,1468.61001586,460.530003485
Western Europe,Electronics,Standard Class,4,ON_HOLD,10,363.90000343,97.900000515
Western Europe,Electronics,Standard Class,4,PENDING,10,359.90000152,105.269999986
Western Europe,Electronics,Standard Class,4,PENDING_PAYMENT,24,966.7600174,263.749997674
Western Europe,Electronics,Standard Class,4,PROCESSING,10,355.90000343,77.709999318
Western Europe,Electronics,Standard Class,4,SUSPECTED_FRAUD,5,175.95000076,62.010000712
Western Europe,Fishing,First Class,1,CLOSED,15,5999.700165,570.0
Western Europe,Fishing,First Class,1,COMPLETE,51,20398.980561,2030.0
Western Europe,Fishing,First Class,1,ON_HOLD,8,3199.840088,304.0
Western Europe,Fishing,First Class,1,PAYMENT_REVIEW,2,799.960022,112.0
Western Europe,Fishing,First Class,1,PENDING,7,2799.860077,196.0
Western Europe,Fishing,First Class,1,PENDING_PAYMENT,51,20398.980561,2030.0
Western Europe,Fishing,First Class,1,PROCESSING,5,1999.900055,120.0
Western Europe,Fishing,First Class,1,SUSPECTED_FRAUD,1,399.980011,28.0
Western Europe,Fishing,Same Day,0,CLOSED,7,2799.860077,176.0
Western Europe,Fishing,Same Day,0,COMPLETE,14,5599.720154,616.0
Western Europe,Fishing,Same Day,0,ON_HOLD,4,1599.920044,184.0
Western Europe,Fishing,Same Day,0,PENDING,5,1999.900055,328.0
Western Europe,Fishing,Same Day,0,PENDING_PAYMENT,9,3599.820099,528.0
Western Europe,Fishing,Second Class,2,CANCELED,1,399.980011,52.0
Western Europe,Fishing,Second Class,2,CLOSED,27,10799.460297,1166.0
Western Europe,Fishing,Second Class,2,COMPLETE,91,36398.181001,4386.0
Western Europe,Fishing,Second Class,2,ON_HOLD,17,6799.660187,840.0
Western Europe,Fishing,Second Class,2,PAYMENT_REVIEW,6,2399.880066,112.0
Western Europe,Fishing,Second Class,2,PENDING,15,5999.700165,700.0
Western Europe,Fishing,Second Class,2,PENDING_PAYMENT,36,14399.280396,1588.0
Western Europe,Fishing,Second Class,2,PROCESSING,13,5199.740143,542.0
Western Europe,Fishing,Second Class,2,SUSPECTED_FRAUD,2,799.960022,84.0
Western Europe,Fishing,Standard Class,4,CANCELED,9,3599.820099,276.0
Western Europe,Fishing,Standard Class,4,CLOSED,75,29998.500825,3110.0
Western Europe,Fishing,Standard Class,4,COMPLETE,213,85195.74234299999,7704.0
Western Europe,Fishing,Standard Class,4,ON_HOLD,52,20798.960572,2300.0
Western Europe,Fishing,Standard Class,4,PAYMENT_REVIEW,6,2399.880066,132.0
Western Europe,Fishing,Standard Class,4,PENDING,26,10399.480286,1092.0
Western Europe,Fishing,Standard Class,4,PENDING_PAYMENT,139,55597.221529,5352.0
Western Europe,Fishing,Standard Class,4,PROCESSING,24,9599.520264,1274.0
Western Europe,Fishing,Standard Class,4,SUSPECTED_FRAUD,2,799.960022,124.0
Western Europe,Fitness Accessories,First Class,1,CLOSED,1,34.99000168,7.0
Western Europe,Fitness Accessories,First Class,1,COMPLETE,2,634.97999188,108.349999994
Western Europe,Fitness Accessories,Same Day,0,CLOSED,1,34.99000168,6.300000191
Western Europe,Fitness Accessories,Second Class,2,CLOSED,1,34.99000168,3.849999905
Western Europe,Fitness Accessories,Second Class,2,COMPLETE,2,69.98000336,2.099999904
Western Europe,Fitness Accessories,Standard Class,4,CLOSED,1,599.9899902,0.0
Western Europe,Fitness Accessories,Standard Class,4,COMPLETE,4,704.9599952399999,74.199999809
Western Europe,Fitness Accessories,Standard Class,4,PENDING,4,139.96000672,71.73000145
Western Europe,Fitness Accessories,Standard Class,4,PENDING_PAYMENT,3,104.97000504,35.340000151
Western Europe,Fitness Accessories,Standard Class,4,PROCESSING,2,69.98000336,62.98000145
Western Europe,Girls' Apparel,First Class,1,CLOSED,2,95.0,43.0
Western Europe,Girls' Apparel,First Class,1,COMPLETE,4,119.99000168,55.09000015
Western Europe,Girls' Apparel,First Class,1,ON_HOLD,1,39.99000168,12.0
Western Europe,Girls' Apparel,First Class,1,PENDING_PAYMENT,3,99.99000168,39.90000152
Western Europe,Girls' Apparel,Same Day,0,CLOSED,1,25.0,1.25
Western Europe,Girls' Apparel,Same Day,0,COMPLETE,1,70.0,11.55000019
Western Europe,Girls' Apparel,Same Day,0,PENDING,1,25.0,1.0
Western Europe,Girls' Apparel,Second Class,2,CLOSED,3,165.0,30.39999962
Western Europe,Girls' Apparel,Second Class,2,COMPLETE,6,255.0,57.900000095
Western Europe,Girls' Apparel,Second Class,2,ON_HOLD,1,70.0,14.0
Western Europe,Girls' Apparel,Second Class,2,PAYMENT_REVIEW,1,70.0,28.0
Western Europe,Girls' Apparel,Second Class,2,PENDING,2,109.99000168,2.400000095
Western Europe,Girls' Apparel,Second Class,2,PENDING_PAYMENT,5,239.99000168,144.300000191
Western Europe,Girls' Apparel,Second Class,2,PROCESSING,1,70.0,70.0
Western Europe,Girls' Apparel,Standard Class,4,CLOSED,6,234.98000336,21.949999572
Western Europe,Girls' Apparel,Standard Class,4,COMPLETE,19,759.9500084,275.94999972200003
Western Europe,Girls' Apparel,Standard Class,4,ON_HOLD,4,134.98000336,62.900000095
Western Europe,Girls' Apparel,Standard Class,4,PENDING,2,79.98000336,24.599999905
Western Europe,Girls' Apparel,Standard Class,4,PENDING_PAYMENT,7,344.98000336,92.440001728
Western Europe,Girls' Apparel,Standard Class,4,PROCESSING,1,39.99000168,0.0
Western Europe,Golf Apparel,First Class,1,CLOSED,3,159.96999744,13.900000215
Western Europe,Golf Apparel,First Class,1,COMPLETE,5,429.95001604,67.690000056
Western Europe,Golf Apparel,First Class,1,ON_HOLD,1,129.9900055,32.5
Western Europe,Golf Apparel,First Class,1,PENDING,1,19.98999977,6.0
Western Europe,Golf Apparel,First Class,1,PENDING_PAYMENT,2,249.9800034,22.750000475
Western Europe,Golf Apparel,First Class,1,PROCESSING,1,19.98999977,5.199999809
Western Europe,Golf Apparel,Same Day,0,CLOSED,1,119.9899979,21.60000038
Western Europe,Golf Apparel,Same Day,0,COMPLETE,2,139.97999767000002,30.38999939
Western Europe,Golf Apparel,Same Day,0,PENDING,1,119.9899979,15.60000038
Western Europe,Golf Apparel,Second Class,2,CLOSED,1,119.9899979,10.80000019
Western Europe,Golf Apparel,Second Class,2,COMPLETE,3,59.969999310000006,14.189999788000002
Western Europe,Golf Apparel,Second Class,2,ON_HOLD,1,19.98999977,11.98999977
Western Europe,Golf Apparel,Second Class,2,PENDING,1,19.98999977,7.199999809
Western Europe,Golf Apparel,Second Class,2,PENDING_PAYMENT,4,279.95999534000003,23.399999619
Western Europe,Golf Apparel,Second Class,2,PROCESSING,1,19.98999977,3.0
Western Europe,Golf Apparel,Standard Class,4,CANCELED,1,19.98999977,5.599999905
Western Europe,Golf Apparel,Standard Class,4,CLOSED,7,549.92999851,64.190000055
Western Europe,Golf Apparel,Standard Class,4,COMPLETE,16,1379.84002322,174.679999261
Western Europe,Golf Apparel,Standard Class,4,ON_HOLD,2,249.9800034,13.75
Western Europe,Golf Apparel,Standard Class,4,PAYMENT_REVIEW,1,119.9899979,10.80000019
Western Europe,Golf Apparel,Standard Class,4,PENDING,12,1199.88002601,110.700001474
Western Europe,Golf Apparel,Standard Class,4,PENDING_PAYMENT,13,779.87000286,142.900001134
Western Europe,Golf Apparel,Standard Class,4,PROCESSING,8,709.92002681,73.939999817
Western Europe,Golf Bags & Carts,First Class,1,CLOSED,1,169.9900055,20.39999962
Western Europe,Golf Bags & Carts,First Class,1,COMPLETE,3,509.9700165,61.20000076
Western Europe,Golf Bags & Carts,First Class,1,PENDING_PAYMENT,3,509.9700165,30.599999668
Western Europe,Golf Bags & Carts,Same Day,0,COMPLETE,1,169.9900055,30.60000038
Western Europe,Golf Bags & Carts,Second Class,2,PENDING,2,339.980011,14.450000285999998
Western Europe,Golf Bags & Carts,Second Class,2,PROCESSING,1,169.9900055,22.10000038
Western Europe,Golf Bags & Carts,Standard Class,4,CLOSED,2,339.980011,32.300000191
Western Europe,Golf Bags & Carts,Standard Class,4,COMPLETE,3,509.9700165,57.800000665
Western Europe,Golf Bags & Carts,Standard Class,4,ON_HOLD,1,169.9900055,34.0
Western Europe,Golf Bags & Carts,Standard Class,4,PENDING,1,169.9900055,3.400000095
Western Europe,Golf Bags & Carts,Standard Class,4,PENDING_PAYMENT,4,679.960022,54.39999962
Western Europe,Golf Balls,First Class,1,CLOSED,1,19.98999977,0.0
Western Europe,Golf Balls,First Class,1,COMPLETE,8,132.91999816,32.579999267
Western Europe,Golf Balls,First Class,1,PAYMENT_REVIEW,1,19.98999977,0.200000003
Western Europe,Golf Balls,First Class,1,PENDING,1,19.98999977,3.0
Western Europe,Golf Balls,First Class,1,PENDING_PAYMENT,5,84.94999885,42.839999675
Western Europe,Golf Balls,Same Day,0,CLOSED,1,14.98999977,7.5
Western Europe,Golf Balls,Same Day,0,PENDING_PAYMENT,1,19.98999977,16.98999977
Western Europe,Golf Balls,Same Day,0,PROCESSING,1,14.98999977,10.18999958
Western Europe,Golf Balls,Same Day,0,SUSPECTED_FRAUD,1,17.98999977,0.899999976
Western Europe,Golf Balls,Second Class,2,CLOSED,4,69.95999908,24.569999993
Western Europe,Golf Balls,Second Class,2,COMPLETE,10,164.8999977,60.219999549
Western Europe,Golf Balls,Second Class,2,PENDING,5,82.94999885,22.659999847
Western Europe,Golf Balls,Second Class,2,PENDING_PAYMENT,6,98.93999862,35.970000027
Western Europe,Golf Balls,Second Class,2,PROCESSING,3,50.969999310000006,8.96999982
Western Europe,Golf Balls,Standard Class,4,CANCELED,4,62.95999908,25.330000039
Western Europe,Golf Balls,Standard Class,4,CLOSED,5,92.94999885,29.440000175
Western Europe,Golf Balls,Standard Class,4,COMPLETE,29,501.70999333,139.420000127
Western Europe,Golf Balls,Standard Class,4,ON_HOLD,3,49.969999310000006,5.950000048
Western Europe,Golf Balls,Standard Class,4,PAYMENT_REVIEW,1,17.98999977,0.0
Western Europe,Golf Balls,Standard Class,4,PENDING,7,120.92999839,30.010000228
Western Europe,Golf Balls,Standard Class,4,PENDING_PAYMENT,21,351.78999517,122.469999367
Western Europe,Golf Balls,Standard Class,4,PROCESSING,8,136.91999816,63.060000418
Western Europe,Golf Balls,Standard Class,4,SUSPECTED_FRAUD,3,47.969999310000006,7.889999866
Western Europe,Golf Gloves,First Class,1,CANCELED,1,9.989999771,2.75
Western Europe,Golf Gloves,First Class,1,CLOSED,3,129.9699974,18.589999794
Western Europe,Golf Gloves,First Class,1,COMPLETE,4,709.95999142,92.79000092
Western Europe,Golf Gloves,First Class,1,PENDING,2,104.97999763,12.900000095
Western Europe,Golf Gloves,First Class,1,PENDING_PAYMENT,2,89.979997631,30.600000855
Western Europe,Golf Gloves,First Class,1,PROCESSING,9,1284.910007461,106.240000364
Western Europe,Golf Gloves,Same Day,0,CLOSED,1,24.98999977,2.75
Western Europe,Golf Gloves,Same Day,0,COMPLETE,4,99.960000991,18.400000214
Western Europe,Golf Gloves,Same Day,0,PENDING,2,324.97998997,46.23999977
Western Europe,Golf Gloves,Same Day,0,PENDING_PAYMENT,1,249.9900055,32.5
Western Europe,Golf Gloves,Second Class,2,CLOSED,4,344.959989512,54.889999747000005
Western Europe,Golf Gloves,Second Class,2,COMPLETE,14,1634.860015863,168.239999681
Western Europe,Golf Gloves,Second Class,2,ON_HOLD,2,359.980011,36.0
Western Europe,Golf Gloves,Second Class,2,PENDING,2,309.979989971,18.0
Western Europe,Golf Gloves,Second Class,2,PENDING_PAYMENT,11,844.8900031830001,103.350001489
Western Europe,Golf Gloves,Second Class,2,PROCESSING,5,709.950002651,106.99000168
Western Europe,Golf Gloves,Second Class,2,SUSPECTED_FRAUD,1,79.98999786,4.800000191
Western Europe,Golf Gloves,Standard Class,4,CANCELED,1,24.98999977,12.5
Western Europe,Golf Gloves,Standard Class,4,CLOSED,9,1154.909994072,167.350001578
Western Europe,Golf Gloves,Standard Class,4,COMPLETE,20,1949.800012575,455.880001838
Western Europe,Golf Gloves,Standard Class,4,ON_HOLD,5,989.950006471,123.900000095
Western Europe,Golf Gloves,Standard Class,4,PAYMENT_REVIEW,2,259.98000336,121.58999824
Western Europe,Golf Gloves,Standard Class,4,PENDING,10,699.900012982,123.680000138
Western Europe,Golf Gloves,Standard Class,4,PENDING_PAYMENT,25,3484.749984605,461.760000466
Western Europe,Golf Gloves,Standard Class,4,PROCESSING,12,1449.880018231,227.289999426
Western Europe,Golf Gloves,Standard Class,4,SUSPECTED_FRAUD,2,289.98000718,8.0
Western Europe,Golf Shoes,First Class,1,CLOSED,2,208.0,27.96000004
Western Europe,Golf Shoes,First Class,1,COMPLETE,7,611.0,137.830000402
Western Europe,Golf Shoes,First Class,1,PENDING,1,65.0,44.20000076
Western Europe,Golf Shoes,First Class,1,PENDING_PAYMENT,6,541.0,91.479998589
Western Europe,Golf Shoes,First Class,1,PROCESSING,2,173.0,34.440000770000005
Western Europe,Golf Shoes,Same Day,0,CLOSED,1,108.0,14.03999996
Western Europe,Golf Shoes,Same Day,0,COMPLETE,4,353.0,146.040000435
Western Europe,Golf Shoes,Same Day,0,ON_HOLD,1,65.0,65.0
Western Europe,Golf Shoes,Same Day,0,PENDING_PAYMENT,2,160.0,48.0
Western Europe,Golf Shoes,Same Day,0,PROCESSING,1,108.0,27.0
Western Europe,Golf Shoes,Second Class,2,CANCELED,1,108.0,16.20000076
Western Europe,Golf Shoes,Second Class,2,CLOSED,1,80.0,28.79999924
Western Europe,Golf Shoes,Second Class,2,COMPLETE,12,1003.0,365.850001331
Western Europe,Golf Shoes,Second Class,2,PAYMENT_REVIEW,1,65.0,3.900000095
Western Europe,Golf Shoes,Second Class,2,PENDING,1,65.0,14.30000019
Western Europe,Golf Shoes,Second Class,2,PENDING_PAYMENT,6,546.0,70.22999978
Western Europe,Golf Shoes,Second Class,2,PROCESSING,5,446.0,160.31999969
Western Europe,Golf Shoes,Second Class,2,SUSPECTED_FRAUD,1,108.0,5.940000057
Western Europe,Golf Shoes,Standard Class,4,CANCELED,1,65.0,7.800000191
Western Europe,Golf Shoes,Standard Class,4,CLOSED,4,416.0,50.920000553
Western Europe,Golf Shoes,Standard Class,4,COMPLETE,21,1870.0,467.100003362
Western Europe,Golf Shoes,Standard Class,4,ON_HOLD,3,316.0,46.200000285
Western Europe,Golf Shoes,Standard Class,4,PAYMENT_REVIEW,2,208.0,66.160000086
Western Europe,Golf Shoes,Standard Class,4,PENDING,10,949.0,258.640000937
Western Europe,Golf Shoes,Standard Class,4,PENDING_PAYMENT,13,1144.0,333.209999089
Western Europe,Golf Shoes,Standard Class,4,PROCESSING,4,416.0,33.040000439
Western Europe,Hockey,First Class,1,CLOSED,1,22.0,4.400000095
Western Europe,Hockey,First Class,1,COMPLETE,3,72.0,26.10000038
Western Europe,Hockey,First Class,1,PENDING,3,75.0,26.0
Western Europe,Hockey,First Class,1,PENDING_PAYMENT,5,725.9799804,40.479999186
Western Europe,Hockey,First Class,1,PROCESSING,1,329.9899902,59.40000153
Western Europe,Hockey,Same Day,0,CLOSED,1,22.0,1.320000052
Western Europe,Hockey,Same Day,0,COMPLETE,2,50.0,25.5
Western Europe,Hockey,Same Day,0,PENDING_PAYMENT,2,50.0,16.75
Western Europe,Hockey,Same Day,0,PROCESSING,1,25.0,3.5
Western Europe,Hockey,Second Class,2,CLOSED,2,47.0,11.910000026
Western Europe,Hockey,Second Class,2,COMPLETE,5,420.9899902,52.429998751
Western Europe,Hockey,Second Class,2,ON_HOLD,1,329.9899902,56.09999847
Western Europe,Hockey,Second Class,2,PENDING_PAYMENT,4,398.9899902,48.980000019
Western Europe,Hockey,Second Class,2,PROCESSING,2,50.0,6.630000114
Western Europe,Hockey,Standard Class,4,CANCELED,1,22.0,9.899999619
Western Europe,Hockey,Standard Class,4,CLOSED,4,401.9899902,46.94999981
Western Europe,Hockey,Standard Class,4,COMPLETE,12,1507.9599608,140.65999863
Western Europe,Hockey,Standard Class,4,ON_HOLD,12,1504.9599608,146.730000256
Western Europe,Hockey,Standard Class,4,PAYMENT_REVIEW,1,22.0,2.640000105
Western Europe,Hockey,Standard Class,4,PENDING,4,706.9799804,47.90000057
Western Europe,Hockey,Standard Class,4,PENDING_PAYMENT,15,1262.9699706,207.260000347
Western Europe,Hockey,Standard Class,4,PROCESSING,2,50.0,6.25
Western Europe,Hunting & Shooting,First Class,1,COMPLETE,1,99.0,34.65000153
Western Europe,Hunting & Shooting,First Class,1,PENDING_PAYMENT,3,329.97001077,30.899999976
Western Europe,Hunting & Shooting,First Class,1,PROCESSING,1,149.9900055,10.5
Western Europe,Hunting & Shooting,First Class,1,SUSPECTED_FRAUD,1,99.0,13.85999966
Western Europe,Hunting & Shooting,Same Day,0,CLOSED,2,248.9900055,51.75
Western Europe,Hunting & Shooting,Same Day,0,COMPLETE,1,149.9900055,24.0
Western Europe,Hunting & Shooting,Second Class,2,COMPLETE,3,209.97000504,33.0
Western Europe,Hunting & Shooting,Second Class,2,PENDING,1,149.9900055,4.5
Western Europe,Hunting & Shooting,Second Class,2,PENDING_PAYMENT,3,329.97001077,50.98999977
Western Europe,Hunting & Shooting,Second Class,2,PROCESSING,1,149.9900055,27.0
Western Europe,Hunting & Shooting,Standard Class,4,CLOSED,2,59.97999954,2.100000024
Western Europe,Hunting & Shooting,Standard Class,4,COMPLETE,14,1193.92001535,249.429998756
Western Europe,Hunting & Shooting,Standard Class,4,ON_HOLD,1,99.0,35.63999939
Western Europe,Hunting & Shooting,Standard Class,4,PAYMENT_REVIEW,1,99.0,39.59999847
Western Europe,Hunting & Shooting,Standard Class,4,PENDING,2,128.98999977,15.39000034
Western Europe,Hunting & Shooting,Standard Class,4,PENDING_PAYMENT,6,608.95001604,25.019999748
Western Europe,Hunting & Shooting,Standard Class,4,PROCESSING,1,29.98999977,3.599999905
Western Europe,Indoor/Outdoor Games,First Class,1,CANCELED,1,49.97999954,13.48999977
Western Europe,Indoor/Outdoor Games,First Class,1,CLOSED,10,499.7999954,113.45999908
Western Europe,Indoor/Outdoor Games,First Class,1,COMPLETE,41,2049.17998114,661.28000258
Western Europe,Indoor/Outdoor Games,First Class,1,ON_HOLD,3,149.93999862,55.969999310000006
Western Europe,Indoor/Outdoor Games,First Class,1,PENDING,18,899.63999172,311.12999915
Western Europe,Indoor/Outdoor Games,First Class,1,PENDING_PAYMENT,20,999.5999908,248.40999793
Western Europe,Indoor/Outdoor Games,First Class,1,PROCESSING,4,199.91999816,49.97999954
Western Europe,Indoor/Outdoor Games,First Class,1,SUSPECTED_FRAUD,4,199.91999816,101.96000099
Western Europe,Indoor/Outdoor Games,Same Day,0,CANCELED,1,49.97999954,0.0
Western Europe,Indoor/Outdoor Games,Same Day,0,CLOSED,4,199.91999816,52.47999954
Western Europe,Indoor/Outdoor Games,Same Day,0,COMPLETE,18,899.63999172,203.18999862
Western Europe,Indoor/Outdoor Games,Same Day,0,ON_HOLD,4,199.91999816,59.97999954
Western Europe,Indoor/Outdoor Games,Same Day,0,PAYMENT_REVIEW,1,49.97999954,10.0
Western Europe,Indoor/Outdoor Games,Same Day,0,PENDING,10,499.7999954,268.4200058
Western Europe,Indoor/Outdoor Games,Same Day,0,PENDING_PAYMENT,6,299.87999724,143.94999885
Western Europe,Indoor/Outdoor Games,Same Day,0,PROCESSING,10,499.7999954,97.96999931
Western Europe,Indoor/Outdoor Games,Same Day,0,SUSPECTED_FRAUD,2,99.95999908,25.98999977
Western Europe,Indoor/Outdoor Games,Second Class,2,CANCELED,6,299.87999724,139.94000053000002
Western Europe,Indoor/Outdoor Games,Second Class,2,CLOSED,14,699.71999356,153.68999862
Western Europe,Indoor/Outdoor Games,Second Class,2,COMPLETE,55,2748.8999747000003,701.53000067
Western Europe,Indoor/Outdoor Games,Second Class,2,ON_HOLD,4,199.91999816,62.47999954
Western Europe,Indoor/Outdoor Games,Second Class,2,PAYMENT_REVIEW,1,49.97999954,3.5
Western Europe,Indoor/Outdoor Games,Second Class,2,PENDING,23,1149.53998942,284.88999938
Western Europe,Indoor/Outdoor Games,Second Class,2,PENDING_PAYMENT,51,2548.9799765400003,671.77999876
Western Europe,Indoor/Outdoor Games,Second Class,2,PROCESSING,16,799.67999264,121.21999931
Western Europe,Indoor/Outdoor Games,Second Class,2,SUSPECTED_FRAUD,3,149.93999862,4.75
Western Europe,Indoor/Outdoor Games,Standard Class,4,CANCELED,9,449.81999586,151.95000076
Western Europe,Indoor/Outdoor Games,Standard Class,4,CLOSED,44,2199.11997976,513.35000037
Western Europe,Indoor/Outdoor Games,Standard Class,4,COMPLETE,177,8846.45991858,2670.13999741
Western Europe,Indoor/Outdoor Games,Standard Class,4,ON_HOLD,23,1149.53998942,369.37000083
Western Europe,Indoor/Outdoor Games,Standard Class,4,PAYMENT_REVIEW,6,299.87999724,67.72999954
Western Europe,Indoor/Outdoor Games,Standard Class,4,PENDING,51,2548.9799765400003,817.71999738
Western Europe,Indoor/Outdoor Games,Standard Class,4,PENDING_PAYMENT,104,5197.91995216,1437.27000042
Western Europe,Indoor/Outdoor Games,Standard Class,4,PROCESSING,56,2798.87997424,860.20999906
Western Europe,Indoor/Outdoor Games,Standard Class,4,SUSPECTED_FRAUD,8,399.83999632,140.2100029
Western Europe,Kids' Golf Clubs,First Class,1,CLOSED,4,1109.9199981,75.18999958
Western Europe,Kids' Golf Clubs,First Class,1,COMPLETE,7,1698.89997086,200.029999732
Western Europe,Kids' Golf Clubs,First Class,1,ON_HOLD,1,199.9900055,4.0
Western Europe,Kids' Golf Clubs,First Class,1,PENDING,2,398.9900055,55.75
Western Europe,Kids' Golf Clubs,First Class,1,PENDING_PAYMENT,3,499.8899841,58.97999954
Western Europe,Kids' Golf Clubs,First Class,1,PROCESSING,1,89.98999786,19.79999924
Western Europe,Kids' Golf Clubs,First Class,1,SUSPECTED_FRAUD,1,99.94999695,7.0
Western Europe,Kids' Golf Clubs,Same Day,0,CLOSED,1,89.98999786,14.85000038
Western Europe,Kids' Golf Clubs,Same Day,0,COMPLETE,2,288.98999786,17.250000001
Western Europe,Kids' Golf Clubs,Same Day,0,PENDING_PAYMENT,1,89.98999786,7.199999809
Western Europe,Kids' Golf Clubs,Second Class,2,CLOSED,1,89.98999786,14.39999962
Western Europe,Kids' Golf Clubs,Second Class,2,COMPLETE,12,2465.87996663,251.349996569
Western Europe,Kids' Golf Clubs,Second Class,2,PENDING,1,199.9900055,4.0
Western Europe,Kids' Golf Clubs,Second Class,2,PENDING_PAYMENT,4,908.9299773,60.020000460000006
Western Europe,Kids' Golf Clubs,Standard Class,4,CANCELED,1,199.9900055,11.0
Western Europe,Kids' Golf Clubs,Standard Class,4,CLOSED,7,1608.85996995,161.68000030000002
Western Europe,Kids' Golf Clubs,Standard Class,4,COMPLETE,32,7296.30985964,1064.109999288
Western Europe,Kids' Golf Clubs,Standard Class,4,ON_HOLD,3,508.9400024,47.93000031
Western Europe,Kids' Golf Clubs,Standard Class,4,PAYMENT_REVIEW,1,89.98999786,5.400000095
Western Europe,Kids' Golf Clubs,Standard Class,4,PENDING,2,1199.9799804,168.0
Western Europe,Kids' Golf Clubs,Standard Class,4,PENDING_PAYMENT,11,2798.8199767,386.77999877
Western Europe,Kids' Golf Clubs,Standard Class,4,PROCESSING,4,788.9299850100001,68.80999947
Western Europe,Lacrosse,First Class,1,COMPLETE,3,224.96999549,67.99000168
Western Europe,Lacrosse,First Class,1,PENDING_PAYMENT,1,99.98999786,64.98999786
Western Europe,Lacrosse,First Class,1,PROCESSING,1,99.98999786,34.0
Western Europe,Lacrosse,Same Day,0,CLOSED,1,24.98999977,0.25
Western Europe,Lacrosse,Second Class,2,COMPLETE,1,24.98999977,1.370000005
Western Europe,Lacrosse,Standard Class,4,CLOSED,1,24.98999977,0.0
Western Europe,Lacrosse,Standard Class,4,COMPLETE,8,424.91999243,53.75
Western Europe,Lacrosse,Standard Class,4,PENDING_PAYMENT,3,149.9699974,39.75
Western Europe,Men's Footwear,First Class,1,CANCELED,1,129.9900055,20.79999924
Western Europe,Men's Footwear,First Class,1,CLOSED,47,6109.5302585,585.64999938
Western Europe,Men's Footwear,First Class,1,COMPLETE,109,14168.9105995,1464.449992445
Western Europe,Men's Footwear,First Class,1,ON_HOLD,16,2079.840088,230.100001093
Western Europe,Men's Footwear,First Class,1,PAYMENT_REVIEW,2,259.980011,29.250000475
Western Europe,Men's Footwear,First Class,1,PENDING,28,3639.720154,358.79999829
Western Europe,Men's Footwear,First Class,1,PENDING_PAYMENT,108,14038.920594,1336.399994392
Western Europe,Men's Footwear,First Class,1,PROCESSING,19,2469.8101045,279.49999976
Western Europe,Men's Footwear,First Class,1,SUSPECTED_FRAUD,3,389.9700165,27.299999715
Western Europe,Men's Footwear,Same Day,0,CLOSED,17,2209.8300935,286.000000714
Western Europe,Men's Footwear,Same Day,0,COMPLETE,51,6629.4902805,697.449997434
Western Europe,Men's Footwear,Same Day,0,ON_HOLD,7,909.9300385,27.30000019
Western Europe,Men's Footwear,Same Day,0,PENDING,7,909.9300385,72.149999619
Western Europe,Men's Footwear,Same Day,0,PENDING_PAYMENT,26,3379.740143,249.599998953
Western Europe,Men's Footwear,Same Day,0,PROCESSING,2,259.980011,20.799999715
Western Europe,Men's Footwear,Same Day,0,SUSPECTED_FRAUD,2,259.980011,32.5
Western Europe,Men's Footwear,Second Class,2,CANCELED,4,519.960022,37.05000019
Western Europe,Men's Footwear,Second Class,2,CLOSED,44,5719.560242,649.349999189
Western Europe,Men's Footwear,Second Class,2,COMPLETE,205,26647.9511275,2828.149988206
Western Europe,Men's Footwear,Second Class,2,ON_HOLD,26,3379.740143,271.699998145
Western Europe,Men's Footwear,Second Class,2,PAYMENT_REVIEW,4,519.960022,24.700000523
Western Europe,Men's Footwear,Second Class,2,PENDING,24,3119.760132,405.599998479
Western Europe,Men's Footwear,Second Class,2,PENDING_PAYMENT,94,12219.060517,1108.249995003
Western Europe,Men's Footwear,Second Class,2,PROCESSING,23,2989.7701265,237.899998666
Western Europe,Men's Footwear,Second Class,2,SUSPECTED_FRAUD,2,259.980011,2.599999905
Western Europe,Men's Footwear,Standard Class,4,CANCELED,12,1559.880066,218.39999867
Western Europe,Men's Footwear,Standard Class,4,CLOSED,152,19758.480836,2083.249990971
Western Europe,Men's Footwear,Standard Class,4,COMPLETE,580,75394.20319,8251.099971388
Western Europe,Men's Footwear,Standard Class,4,ON_HOLD,81,10529.1904455,1099.799999242
Western Europe,Men's Footwear,Standard Class,4,PAYMENT_REVIEW,17,2209.8300935,198.900000097
Western Europe,Men's Footwear,Standard Class,4,PENDING,57,7409.4303135,762.4499986229999
Western Europe,Men's Footwear,Standard Class,4,PENDING_PAYMENT,281,36527.1915455,3573.049990681
Western Europe,Men's Footwear,Standard Class,4,PROCESSING,46,5979.540253,627.900001522
Western Europe,Men's Footwear,Standard Class,4,SUSPECTED_FRAUD,17,2209.8300935,245.699997434
Western Europe,Men's Golf Clubs,First Class,1,CANCELED,1,129.9900055,6.5
Western Europe,Men's Golf Clubs,First Class,1,COMPLETE,6,679.94000248,122.09000016
Western Europe,Men's Golf Clubs,First Class,1,PENDING_PAYMENT,4,439.95999912,98.689998265
Western Europe,Men's Golf Clubs,Same Day,0,ON_HOLD,1,129.9900055,7.150000095
Western Europe,Men's Golf Clubs,Same Day,0,PENDING,1,109.9899979,27.5
Western Europe,Men's Golf Clubs,Same Day,0,PENDING_PAYMENT,1,134.9900055,22.95000076
Western Europe,Men's Golf Clubs,Same Day,0,PROCESSING,1,109.9899979,17.60000038
Western Europe,Men's Golf Clubs,Second Class,2,CLOSED,1,99.98999786,74.98999786
Western Europe,Men's Golf Clubs,Second Class,2,COMPLETE,7,794.93000042,78.14999985899999
Western Europe,Men's Golf Clubs,Second Class,2,ON_HOLD,2,209.97999576,13.050000191
Western Europe,Men's Golf Clubs,Second Class,2,PENDING,1,129.9900055,20.79999924
Western Europe,Men's Golf Clubs,Second Class,2,PENDING_PAYMENT,6,734.9400102,94.250001187
Western Europe,Men's Golf Clubs,Second Class,2,PROCESSING,4,439.95999912,125.589998241
Western Europe,Men's Golf Clubs,Standard Class,4,CLOSED,5,574.95000462,84.889997955
Western Europe,Men's Golf Clubs,Standard Class,4,COMPLETE,26,3054.74002128,291.42000067
Western Europe,Men's Golf Clubs,Standard Class,4,ON_HOLD,4,499.96001436,131.98999786000002
Western Europe,Men's Golf Clubs,Standard Class,4,PAYMENT_REVIEW,1,99.98999786,89.98999786
Western Europe,Men's Golf Clubs,Standard Class,4,PENDING,6,684.94000252,81.850000144
Western Europe,Men's Golf Clubs,Standard Class,4,PENDING_PAYMENT,11,1264.89000714,152.069999932
Western Europe,Men's Golf Clubs,Standard Class,4,PROCESSING,7,784.93000038,78.94000184800001
Western Europe,Men's Golf Clubs,Standard Class,4,SUSPECTED_FRAUD,1,109.9899979,19.79999924
Western Europe,Shop By Sport,First Class,1,CANCELED,1,39.99000168,6.0
Western Europe,Shop By Sport,First Class,1,CLOSED,26,1039.74004368,358.92000179400003
Western Europe,Shop By Sport,First Class,1,COMPLETE,62,2479.38010416,806.650008073
Western Europe,Shop By Sport,First Class,1,ON_HOLD,16,799.8400306999999,204.36000067
Western Europe,Shop By Sport,First Class,1,PAYMENT_REVIEW,1,39.99000168,1.600000024
Western Europe,Shop By Sport,First Class,1,PENDING,6,239.94001008,71.189999223
Western Europe,Shop By Sport,First Class,1,PENDING_PAYMENT,54,2319.46009454,518.320004226
Western Europe,Shop By Sport,First Class,1,PROCESSING,17,829.8400306999999,214.760000289
Western Europe,Shop By Sport,First Class,1,SUSPECTED_FRAUD,2,79.98000336,45.19000149
Western Europe,Shop By Sport,Same Day,0,CLOSED,7,269.94001008,107.980000738
Western Europe,Shop By Sport,Same Day,0,COMPLETE,13,519.8700218399999,164.380000953
Western Europe,Shop By Sport,Same Day,0,ON_HOLD,3,119.97000504,75.98000145
Western Europe,Shop By Sport,Same Day,0,PENDING,5,179.97000504,62.789999722000005
Western Europe,Shop By Sport,Same Day,0,PENDING_PAYMENT,20,959.80003742,280.950001719
Western Europe,Shop By Sport,Same Day,0,PROCESSING,1,39.99000168,13.60000038
Western Europe,Shop By Sport,Same Day,0,SUSPECTED_FRAUD,1,39.99000168,4.800000191
Western Europe,Shop By Sport,Second Class,2,CLOSED,33,1289.7000504,433.220003615
Western Europe,Shop By Sport,Second Class,2,COMPLETE,87,3619.15014662,1046.210004837
Western Europe,Shop By Sport,Second Class,2,ON_HOLD,16,639.84002688,187.970001525
Western Europe,Shop By Sport,Second Class,2,PAYMENT_REVIEW,4,159.96000672,59.189999581
Western Europe,Shop By Sport,Second Class,2,PENDING,12,479.88002016,157.96000505
Western Europe,Shop By Sport,Second Class,2,PENDING_PAYMENT,49,2089.5400811,662.320003416
Western Europe,Shop By Sport,Second Class,2,PROCESSING,16,629.8500252,159.870001911
Western Europe,Shop By Sport,Second Class,2,SUSPECTED_FRAUD,3,119.97000504,6.800000012
Western Europe,Shop By Sport,Standard Class,4,CANCELED,11,439.89001848,144.580003325
Western Europe,Shop By Sport,Standard Class,4,CLOSED,65,2589.36010752,918.830011236
Western Europe,Shop By Sport,Standard Class,4,COMPLETE,238,9667.63040198,2717.380024846
Western Europe,Shop By Sport,Standard Class,4,ON_HOLD,44,1909.57007606,544.71000418
Western Europe,Shop By Sport,Standard Class,4,PAYMENT_REVIEW,9,359.91001512,66.000000238
Western Europe,Shop By Sport,Standard Class,4,PENDING,41,1639.59006888,595.669998457
Western Europe,Shop By Sport,Standard Class,4,PENDING_PAYMENT,130,5988.71023582,1405.450013839
Western Europe,Shop By Sport,Standard Class,4,PROCESSING,42,1839.58007438,565.310005041
Western Europe,Shop By Sport,Standard Class,4,SUSPECTED_FRAUD,8,319.92001344,97.990002027
Western Europe,Soccer,First Class,1,COMPLETE,4,454.9599915600001,57.0
Western Europe,Soccer,First Class,1,PENDING_PAYMENT,1,79.98999786,17.60000038
Western Europe,Soccer,Same Day,0,PENDING_PAYMENT,2,249.9799958,8.75
Western Europe,Soccer,Same Day,0,PROCESSING,1,79.98999786,21.60000038
Western Europe,Soccer,Second Class,2,COMPLETE,4,499.9599916,31.25
Western Europe,Soccer,Second Class,2,ON_HOLD,3,329.96999366,67.54999924
Western Europe,Soccer,Second Class,2,PENDING_PAYMENT,1,79.98999786,2.400000095
Western Europe,Soccer,Standard Class,4,CLOSED,1,124.9899979,31.25
Western Europe,Soccer,Standard Class,4,COMPLETE,8,864.9199830800001,179.27999878
Western Europe,Soccer,Standard Class,4,PAYMENT_REVIEW,1,124.9899979,5.0
Western Europe,Soccer,Standard Class,4,PENDING,2,159.97999572,35.200000048
Western Europe,Soccer,Standard Class,4,PENDING_PAYMENT,3,329.96999366,31.400000095
Western Europe,Soccer,Standard Class,4,PROCESSING,2,159.97999572,51.19999886
Western Europe,Strength Training,First Class,1,COMPLETE,4,966.9899902,165.84000014999998
Western Europe,Strength Training,First Class,1,PROCESSING,1,189.0,0.0
Western Europe,Strength Training,Same Day,0,COMPLETE,1,399.9899902,16.0
Western Europe,Strength Training,Same Day,0,ON_HOLD,1,189.0,22.68000031
Western Europe,Strength Training,Same Day,0,PENDING,1,189.0,1.889999986
Western Europe,Strength Training,Second Class,2,CLOSED,1,189.0,30.23999977
Western Europe,Strength Training,Second Class,2,COMPLETE,6,3366.9699704,316.260001189
Western Europe,Strength Training,Second Class,2,PENDING,1,189.0,5.670000076
Western Europe,Strength Training,Second Class,2,PENDING_PAYMENT,2,588.9899902,92.13000107
Western Europe,Strength Training,Standard Class,4,COMPLETE,11,6966.9199212,856.200000051
Western Europe,Strength Training,Standard Class,4,ON_HOLD,2,2188.98999,102.68000031
Western Europe,Strength Training,Standard Class,4,PAYMENT_REVIEW,1,399.9899902,80.0
Western Europe,Strength Training,Standard Class,4,PENDING,1,189.0,34.02000046
Western Europe,Strength Training,Standard Class,4,PENDING_PAYMENT,6,1766.9699706,90.239999292
Western Europe,Strength Training,Standard Class,4,PROCESSING,1,399.9899902,52.0
Western Europe,Tennis & Racquet,First Class,1,COMPLETE,2,89.98000336,19.799999952
Western Europe,Tennis & Racquet,First Class,1,PENDING_PAYMENT,1,44.99000168,4.5
Western Europe,Tennis & Racquet,Second Class,2,COMPLETE,1,44.99000168,33.74000168
Western Europe,Tennis & Racquet,Second Class,2,PENDING_PAYMENT,1,44.99000168,26.98999977
Western Europe,Tennis & Racquet,Second Class,2,PROCESSING,1,44.99000168,9.0
Western Europe,Tennis & Racquet,Standard Class,4,CANCELED,1,44.99000168,9.0
Western Europe,Tennis & Racquet,Standard Class,4,CLOSED,2,89.98000336,61.62999916
Western Europe,Tennis & Racquet,Standard Class,4,COMPLETE,4,179.96000672,76.040001633
Western Europe,Tennis & Racquet,Standard Class,4,ON_HOLD,1,44.99000168,22.94000053
Western Europe,Tennis & Racquet,Standard Class,4,PENDING,1,44.99000168,44.99000168
Western Europe,Tennis & Racquet,Standard Class,4,PENDING_PAYMENT,2,89.98000336,26.099999905
Western Europe,Trade-In,First Class,1,CLOSED,1,249.9900055,25.0
Western Europe,Trade-In,First Class,1,COMPLETE,3,521.97001077,16.24000001
Western Europe,Trade-In,First Class,1,PENDING,1,249.9900055,5.0
Western Europe,Trade-In,First Class,1,PENDING_PAYMENT,1,15.98999977,3.200000048
Western Europe,Trade-In,Same Day,0,COMPLETE,3,281.97000504,45.339999795
Western Europe,Trade-In,Same Day,0,ON_HOLD,1,15.98999977,6.239999771
Western Europe,Trade-In,Same Day,0,PENDING_PAYMENT,1,15.98999977,13.59000015
Western Europe,Trade-In,Second Class,2,CLOSED,3,47.969999310000006,24.780000209
Western Europe,Trade-In,Second Class,2,COMPLETE,4,309.96000481,60.68999958
Western Europe,Trade-In,Second Class,2,PENDING_PAYMENT,6,341.94000435,87.980000737
Western Europe,Trade-In,Second Class,2,PROCESSING,1,15.98999977,4.480000019
Western Europe,Trade-In,Standard Class,4,CLOSED,4,303.96000481,30.629999638
Western Europe,Trade-In,Standard Class,4,COMPLETE,6,569.94001008,69.590000387
Western Europe,Trade-In,Standard Class,4,ON_HOLD,3,53.969999310000006,6.21999985
Western Europe,Trade-In,Standard Class,4,PAYMENT_REVIEW,1,15.98999977,1.600000024
Western Europe,Trade-In,Standard Class,4,PENDING,5,79.94999885,32.630000588
Western Europe,Trade-In,Standard Class,4,PENDING_PAYMENT,11,883.89001466,70.30000019
Western Europe,Water Sports,First Class,1,CANCELED,9,1799.9100495,158.0
Western Europe,Water Sports,First Class,1,CLOSED,29,5799.7101595,681.0
Western Europe,Water Sports,First Class,1,COMPLETE,102,20548.9805457,2182.25
Western Europe,Water Sports,First Class,1,ON_HOLD,10,1999.900055,114.0
Western Europe,Water Sports,First Class,1,PAYMENT_REVIEW,2,399.980011,64.0
Western Europe,Water Sports,First Class,1,PENDING,36,7499.6401674,629.5
Western Europe,Water Sports,First Class,1,PENDING_PAYMENT,70,14299.3003544,1480.0
Western Europe,Water Sports,First Class,1,PROCESSING,36,7199.640198,699.0
Western Europe,Water Sports,First Class,1,SUSPECTED_FRAUD,13,2599.8700715,239.0
Western Europe,Water Sports,Same Day,0,CANCELED,2,399.980011,54.0
Western Europe,Water Sports,Same Day,0,CLOSED,6,1199.940033,142.0
Western Europe,Water Sports,Same Day,0,COMPLETE,28,5599.720154,621.0
Western Europe,Water Sports,Same Day,0,ON_HOLD,6,1199.940033,100.0
Western Europe,Water Sports,Same Day,0,PAYMENT_REVIEW,2,399.980011,10.0
Western Europe,Water Sports,Same Day,0,PENDING,15,2999.8500825,263.0
Western Europe,Water Sports,Same Day,0,PENDING_PAYMENT,20,3999.80011,342.0
Western Europe,Water Sports,Same Day,0,PROCESSING,16,3349.8400727,281.0
Western Europe,Water Sports,Same Day,0,SUSPECTED_FRAUD,6,1199.940033,150.0
Western Europe,Water Sports,Second Class,2,CANCELED,8,1599.920044,182.0
Western Europe,Water Sports,Second Class,2,CLOSED,34,6949.660171699999,618.0
Western Europe,Water Sports,Second Class,2,COMPLETE,128,25748.7206887,2698.5
Western Europe,Water Sports,Second Class,2,ON_HOLD,36,7349.6401827,626.0
Western Europe,Water Sports,Second Class,2,PAYMENT_REVIEW,2,399.980011,42.0
Western Europe,Water Sports,Second Class,2,PENDING,55,11149.4502872,1161.5
Western Europe,Water Sports,Second Class,2,PENDING_PAYMENT,101,20348.9905402,2036.0
Western Europe,Water Sports,Second Class,2,PROCESSING,40,7999.60022,725.0
Western Europe,Water Sports,Second Class,2,SUSPECTED_FRAUD,7,1399.9300385,118.0
Western Europe,Water Sports,Standard Cla,4,COMPLETE,1,199.9900055,32.0
Western Europe,Water Sports,Standard Class,4,CANCELED,20,3999.80011,406.0
Western Europe,Water Sports,Standard Class,4,CLOSED,127,25548.7306832,2560.5
Western Europe,Water Sports,Standard Class,4,COMPLETE,376,75646.24202209999,8468.5
Western Europe,Water Sports,Standard Class,4,ON_HOLD,52,10549.4802707,950.0
Western Europe,Water Sports,Standard Class,4,PAYMENT_REVIEW,13,2599.8700715,185.0
Western Europe,Water Sports,Standard Class,4,PENDING,111,22198.8906105,2154.0
Western Europe,Water Sports,Standard Class,4,PENDING_PAYMENT,277,55697.2314929,5572.0
Western Europe,Water Sports,Standard Class,4,PROCESSING,130,26898.7006232,2814.25
Western Europe,Water Sports,Standard Class,4,SUSPECTED_FRAUD,31,6199.6901705,581.0
Western Europe,Women's Apparel,First Class,1,CANCELED,1,50.0,15.0
Western Europe,Women's Apparel,First Class,1,CLOSED,33,1650.0,596.25
Western Europe,Women's Apparel,First Class,1,COMPLETE,128,6400.0,2068.25
Western Europe,Women's Apparel,First Class,1,ON_HOLD,27,1350.0,407.75
Western Europe,Women's Apparel,First Class,1,PAYMENT_REVIEW,9,450.0,111.0
Western Europe,Women's Apparel,First Class,1,PENDING,17,850.0,263.75
Western Europe,Women's Apparel,First Class,1,PENDING_PAYMENT,110,5500.0,1505.5
Western Europe,Women's Apparel,First Class,1,PROCESSING,18,900.0,297.0
Western Europe,Women's Apparel,First Class,1,SUSPECTED_FRAUD,5,250.0,108.0
Western Europe,Women's Apparel,Same Day,0,CANCELED,2,100.0,22.0
Western Europe,Women's Apparel,Same Day,0,CLOSED,6,300.0,84.0
Western Europe,Women's Apparel,Same Day,0,COMPLETE,42,2100.0,533.25
Western Europe,Women's Apparel,Same Day,0,ON_HOLD,6,300.0,45.0
Western Europe,Women's Apparel,Same Day,0,PAYMENT_REVIEW,1,50.0,22.5
Western Europe,Women's Apparel,Same Day,0,PENDING,7,350.0,72.0
Western Europe,Women's Apparel,Same Day,0,PENDING_PAYMENT,21,1050.0,325.5
Western Europe,Women's Apparel,Same Day,0,PROCESSING,3,150.0,47.0
Western Europe,Women's Apparel,Same Day,0,SUSPECTED_FRAUD,1,50.0,10.0
Western Europe,Women's Apparel,Second Class,2,CANCELED,3,150.0,35.5
Western Europe,Women's Apparel,Second Class,2,CLOSED,49,2450.0,886.0
Western Europe,Women's Apparel,Second Class,2,COMPLETE,196,9800.0,2712.0
Western Europe,Women's Apparel,Second Class,2,ON_HOLD,35,1750.0,453.5
Western Europe,Women's Apparel,Second Class,2,PAYMENT_REVIEW,1,50.0,6.0
Western Europe,Women's Apparel,Second Class,2,PENDING,15,750.0,186.75
Western Europe,Women's Apparel,Second Class,2,PENDING_PAYMENT,97,4850.0,1532.75
Western Europe,Women's Apparel,Second Class,2,PROCESSING,21,1050.0,370.0
Western Europe,Women's Apparel,Second Class,2,SUSPECTED_FRAUD,2,100.0,35.5
Western Europe,Women's Apparel,Standard Class,4,CANCELED,20,1000.0,401.0
Western Europe,Women's Apparel,Standard Class,4,CLOSED,140,7000.0,1907.0
Western Europe,Women's Apparel,Standard Class,4,COMPLETE,442,22100.0,6666.5
Western Europe,Women's Apparel,Standard Class,4,ON_HOLD,72,3600.0,1166.75
Western Europe,Women's Apparel,Standard Class,4,PAYMENT_REVIEW,14,700.0,225.5
Western Europe,Women's Apparel,Standard Class,4,PENDING,73,3650.0,1335.0
Western Europe,Women's Apparel,Standard Class,4,PENDING_PAYMENT,203,10150.0,2669.25
Western Europe,Women's Apparel,Standard Class,4,PROCESSING,81,4050.0,1551.75
Western Europe,Women's Apparel,Standard Class,4,SUSPECTED_FRAUD,24,1200.0,503.0
Western Europe,Women's Golf Clubs,First Class,1,CANCELED,1,99.98999786,9.0
Western Europe,Women's Golf Clubs,First Class,1,CLOSED,2,159.97999572,6.399999917
Western Europe,Women's Golf Clubs,First Class,1,COMPLETE,3,389.97000122,67.0
Western Europe,Women's Golf Clubs,First Class,1,ON_HOLD,1,99.98999786,20.0
Western Europe,Women's Golf Clubs,First Class,1,PAYMENT_REVIEW,1,209.9900055,8.399999619
Western Europe,Women's Golf Clubs,First Class,1,PENDING,1,209.9900055,42.0
Western Europe,Women's Golf Clubs,First Class,1,PENDING_PAYMENT,1,79.98999786,0.0
Western Europe,Women's Golf Clubs,First Class,1,PROCESSING,4,449.95999908,76.88999939
Western Europe,Women's Golf Clubs,Same Day,0,PENDING,2,179.97999572,36.600000381
Western Europe,Women's Golf Clubs,Second Class,2,CLOSED,2,289.98000336,90.48999786
Western Europe,Women's Golf Clubs,Second Class,2,COMPLETE,1,79.98999786,0.0
Western Europe,Women's Golf Clubs,Second Class,2,PENDING,5,939.95001986,79.05000019
Western Europe,Women's Golf Clubs,Second Class,2,PENDING_PAYMENT,2,289.98000336,12.0
Western Europe,Women's Golf Clubs,Second Class,2,PROCESSING,2,199.97999572,16.0
Western Europe,Women's Golf Clubs,Standard Class,4,CANCELED,1,79.98999786,28.79999924
Western Europe,Women's Golf Clubs,Standard Class,4,CLOSED,4,509.95999908,106.5
Western Europe,Women's Golf Clubs,Standard Class,4,COMPLETE,10,1289.90000152,274.680003408
Western Europe,Women's Golf Clubs,Standard Class,4,ON_HOLD,3,629.9700164999999,19.949999809
Western Europe,Women's Golf Clubs,Standard Class,4,PAYMENT_REVIEW,1,99.98999786,40.0
Western Europe,Women's Golf Clubs,Standard Class,4,PENDING,7,769.92999266,235.869997979
Western Europe,Women's Golf Clubs,Standard Class,4,PENDING_PAYMENT,9,1429.91001894,289.0899992
Western Europe,Women's Golf Clubs,Standard Class,4,PROCESSING,2,419.980011,56.69999886
Western Europe,Women's Golf Clubs,Standard Class,4,SUSPECTED_FRAUD,4,449.95999908,88.090002061
